-- phpMyAdmin SQL Dump
-- version 4.1.14
-- http://www.phpmyadmin.net
--
-- Host: 127.0.0.1
-- Generation Time: 2016-10-09 11:17:46
-- 服务器版本： 5.6.17
-- PHP Version: 5.5.12

SET SQL_MODE = "NO_AUTO_VALUE_ON_ZERO";
SET time_zone = "+00:00";


/*!40101 SET @OLD_CHARACTER_SET_CLIENT=@@CHARACTER_SET_CLIENT */;
/*!40101 SET @OLD_CHARACTER_SET_RESULTS=@@CHARACTER_SET_RESULTS */;
/*!40101 SET @OLD_COLLATION_CONNECTION=@@COLLATION_CONNECTION */;
/*!40101 SET NAMES utf8 */;

--
-- Database: `xihaxueche`
--

-- --------------------------------------------------------

--
-- 表的结构 `xh_active_data`
--

CREATE TABLE IF NOT EXISTS `xh_active_data` (
  `active_id` int(10) unsigned NOT NULL AUTO_INCREMENT,
  `uid` int(11) DEFAULT '0',
  `expire_time` int(10) DEFAULT NULL,
  `active_code` varchar(32) DEFAULT NULL,
  `active_type_code` varchar(16) DEFAULT NULL,
  `add_time` int(10) DEFAULT NULL,
  `add_ip` bigint(12) DEFAULT NULL,
  `active_time` int(10) DEFAULT NULL,
  `active_ip` bigint(12) DEFAULT NULL,
  PRIMARY KEY (`active_id`),
  KEY `active_code` (`active_code`),
  KEY `active_type_code` (`active_type_code`),
  KEY `uid` (`uid`)
) ENGINE=InnoDB DEFAULT CHARSET=utf8 AUTO_INCREMENT=1 ;

-- --------------------------------------------------------

--
-- 表的结构 `xh_answer`
--

CREATE TABLE IF NOT EXISTS `xh_answer` (
  `answer_id` int(11) NOT NULL AUTO_INCREMENT COMMENT '回答id',
  `question_id` int(11) NOT NULL COMMENT '问题id',
  `answer_content` text COMMENT '回答内容',
  `add_time` int(10) DEFAULT '0' COMMENT '添加时间',
  `against_count` int(11) NOT NULL DEFAULT '0' COMMENT '反对人数',
  `agree_count` int(11) NOT NULL DEFAULT '0' COMMENT '支持人数',
  `uid` int(11) DEFAULT '0' COMMENT '发布问题用户ID',
  `comment_count` int(11) DEFAULT '0' COMMENT '评论总数',
  `uninterested_count` int(11) DEFAULT '0' COMMENT '不感兴趣',
  `thanks_count` int(11) DEFAULT '0' COMMENT '感谢数量',
  `category_id` int(11) DEFAULT '0' COMMENT '分类id',
  `has_attach` tinyint(1) DEFAULT '0' COMMENT '是否存在附件',
  `ip` bigint(11) DEFAULT NULL,
  `force_fold` tinyint(1) DEFAULT '0' COMMENT '强制折叠',
  `anonymous` tinyint(1) DEFAULT '0',
  `publish_source` varchar(16) DEFAULT NULL,
  PRIMARY KEY (`answer_id`),
  KEY `question_id` (`question_id`),
  KEY `agree_count` (`agree_count`),
  KEY `against_count` (`against_count`),
  KEY `add_time` (`add_time`),
  KEY `uid` (`uid`),
  KEY `uninterested_count` (`uninterested_count`),
  KEY `force_fold` (`force_fold`),
  KEY `anonymous` (`anonymous`),
  KEY `publich_source` (`publish_source`)
) ENGINE=InnoDB  DEFAULT CHARSET=utf8 COMMENT='回答' AUTO_INCREMENT=72 ;

--
-- 转存表中的数据 `xh_answer`
--

INSERT INTO `xh_answer` (`answer_id`, `question_id`, `answer_content`, `add_time`, `against_count`, `agree_count`, `uid`, `comment_count`, `uninterested_count`, `thanks_count`, `category_id`, `has_attach`, `ip`, `force_fold`, `anonymous`, `publish_source`) VALUES
(1, 2, '[attach]1[/attach]\r\n ', 1472709295, 0, 1, 1, 0, 0, 0, 4, 1, 606148727, 0, 0, NULL),
(2, 1, '我也觉得科目一，好难啊。呜呜呜……', 1472713229, 0, 2, 5, 0, 0, 0, 1, 0, 606148727, 0, 0, NULL),
(3, 3, 'APP有科目一考试练习啊，多练几次，就可以啦。加油，加油', 1472713851, 0, 1, 1, 0, 0, 0, 2, 0, 606148727, 0, 0, NULL),
(4, 4, '明天就考试了，好紧张\n\n[attach]2[/attach]\n ', 1472714175, 0, 0, 6, 0, 0, 0, 2, 1, 606148727, 0, 0, NULL),
(5, 4, '今天考的，刚刚过了，平时在嘻哈上多练习。肯定过的，我也喜欢张艺兴啊，加我啊，一起聊，嘻嘻嘻', 1472714850, 0, 1, 7, 0, 0, 0, 2, 0, 606148727, 0, 0, NULL),
(6, 3, '刚开始，多做点题过啦。好多常识，不要灰心啊。', 1472714892, 0, 0, 7, 0, 0, 0, 2, 0, 606148727, 0, 0, NULL),
(7, 5, '羡慕啊', 1472715181, 0, 1, 4, 0, 0, 0, 2, 0, 606148727, 0, 0, NULL),
(8, 3, '练习几次就行啦', 1472715798, 0, 0, 9, 0, 0, 0, 2, 0, 606148727, 0, 0, NULL),
(9, 2, '晒得我妈都不认识我了。', 1472715849, 0, 0, 9, 0, 0, 0, 4, 0, 606148727, 0, 0, NULL),
(10, 8, '厉害', 1472716247, 0, 2, 10, 0, 0, 0, 3, 0, 606148727, 0, 0, NULL),
(11, 8, 'asdasd', 1473064312, 0, 0, 1, 0, 0, 0, 3, 0, 606148727, 0, 0, 'mobile'),
(12, 10, '用嘻哈电子教练学车，教练再也不用担心我的倒车入库了！', 1473149638, 0, 0, 13, 0, 0, 0, 2, 0, 606148727, 0, 0, NULL),
(13, 10, '进库时候，注意看车尾与左右两边的距离，现在好多电子教练据说可以实时提醒车子的距离与位置，嘻哈学车可能就是传说中这种吧！', 1473150029, 0, 1, 14, 0, 0, 0, 2, 0, 606148727, 0, 0, NULL),
(14, 11, '天气凉爽了，的确很适合学车了，可以用嘻哈学车APP报名学车，价格优惠力度很大啊', 1473150242, 0, 1, 14, 0, 0, 0, 2, 0, 606148727, 0, 0, NULL),
(15, 11, '噢  好的 谢谢啦！', 1473150320, 0, 0, 15, 0, 0, 0, 2, 0, 606148727, 0, 0, NULL),
(16, 12, '这个你可以放心 嘻哈学车APP的确可以做到帮您合理安排学车时间，提前约好教练', 1473150752, 0, 0, 18, 0, 0, 0, 2, 0, 606148727, 0, 0, NULL),
(17, 16, '我也刚考完科目一，你可以去手机上下载APP看看', 1473214518, 0, 0, 28, 0, 0, 0, 2, 0, 606148727, 0, 0, NULL),
(18, 18, '我听说八一在用，八一驾校好像挺大的吧，你可以打电话问问', 1473225882, 0, 1, 29, 0, 0, 0, 2, 0, 606148727, 0, 0, NULL),
(19, 17, '下载app，注册，然后预约教练', 1473231124, 0, 0, 21, 0, 0, 0, 2, 0, 606148727, 0, 0, NULL),
(20, 20, '是的', 1473232135, 0, 1, 35, 0, 0, 0, 2, 0, 606148727, 0, 0, NULL),
(21, 15, '是滴\n ', 1473232534, 0, 0, 37, 0, 0, 0, 2, 0, 606148727, 0, 0, NULL),
(22, 23, '是的吧  可以提前约车 蛮方便的', 1473233287, 0, 1, 39, 0, 0, 0, 2, 0, 606148727, 0, 0, NULL),
(23, 29, '美女说的对哦，', 1473665856, 0, 7, 1, 0, 0, 0, 2, 0, 606148727, 0, 0, NULL),
(24, 29, '厉害', 1473666199, 0, 4, 41, 0, 0, 0, 2, 0, 606148727, 0, 0, NULL),
(25, 30, '细节决定成败，我还是觉得把每个点记清楚了 多练习几次 总会过得', 1473666296, 0, 1, 41, 0, 0, 0, 2, 0, 606148727, 0, 0, NULL),
(26, 29, '细节是啥啊', 1473671385, 0, 4, 12, 0, 0, 0, 2, 0, 606148727, 0, 0, NULL),
(27, 30, '。。。。你在APP里直接看啊，科目二，里面有很多倒车入库的技巧啊', 1473671476, 0, 4, 12, 0, 0, 0, 2, 0, 606148727, 0, 0, NULL),
(28, 31, '汗死，你们下载APP咋不看呢，里面有起步熄火的原因呢。我复制的，你看一下有没有帮助啊\n经验分享：\n\n1、离合到半联动点以后就踩住不要动了，也不需要抖动太厉害，然后慢松刹车。\n\n2、要会应变，对于怠速低的车辆。半坡起步时还是要加油。记原能起步开着一半又熄火就是动力不够就要加油。\n\n3、慢慢的抬离合起步 这样如果考试车离合低 一般起不来\n\n4、半联动起步 就是离合踩到一半 车有劲往前走的时候 到坡上了 离合不动 直接踩刹车停车 如果车不熄火 就表示成功了 如果熄火 表示离合还需要压一点点 再次起步的时候 慢慢放刹车 然后离合不动 如果处于相对静止 再放1点离合就可以了\n【坡道起步】\n\n1. 打左转向灯，一定要打，不然听说要扣10分的，完美的话，按下喇叭，准备起步。\n\n2. 首先拉起手刹，准备起放下(这样保证能很快放下手刹，有些同学离合油门都控制好了就是半天都放不下手刹，导致熄火)。\n\n3. 然后慢抬离合器，抬到车身抖，抖得太厉害了就往下踩点点，不然就要熄火的。然后右脚轻踩油门，眼睛看到发动机转速表，一般我们发动机不走时，正常转速表在800-1000转，这时我们油门加到它到1500-2000转，一直踩油门到车身不抖为止，如果车上人多，4人或者5人，我建议油门踩到2000转以上。\n\n4. 此刻稳住离合和油门，瞬间放下右手的手刹，车就绝对起步前进了;\n\n5. 如果车不前进有后溜趋势，你就轻抬下离合器，同时加点油。如果抬离合时车抖得厉害，你就多给点油，100%起步成功!\n\n有的教练车怠速调得高有的调得低，部分调得高的教练车可以不用给油都可以坡道起步，但这样我认为不是很保险，人多加上坡陡很可能熄火溜车，加上考试的车不是教练的车，很多都很垃圾。必须要有个向上足够的动力，坡道起步就肯定不是问题了。\n\n【坡道定点停车】\n\n1. 要到定点停车线前10米就要减慢速度，用离合器来控制车速度，保持考倒桩那个速度前进上去，同时打右转向灯，不打灯听说要扣10分;\n\n2. 采用3把方向(先向右打90度，要靠边了回正，再像左打45度，再回正)尽量将车靠到边上直线前进，这样保证右边不会超过30cm。\n\n3. 当要到停止线时，就对离合器多踩点就走得更慢了，如果力不够就抬点，此时右脚一定要放在刹车上，眼睛瞄准停止线，一到达停止线(看左侧后视镜下边看到)， 就踩住刹车离合停下。然后使劲拉下手刹(看车上人多少，人多就拉高点)，驳回方向灯，慢慢地松脚刹，如果发现有点往后溜车就立即踩住刹车，重新拉使劲拉手 刹。这样保证停车非常标准，也不会错位。\n\n此方法是学院多次考试的经验总结，利用这种方法，离合一定要控制好，油门一定要跟，这样往上走的动力就肯定有，就不容易熄火和 溜车了。希望对大家面对恐怖的坡道起步有一定帮助!\n ', 1473671594, 0, 6, 12, 0, 0, 0, 13, 0, 606148727, 0, 0, NULL),
(29, 25, '你看一下首页的常见问题就都明白了', 1473671739, 0, 4, 12, 0, 0, 0, 2, 0, 606148727, 0, 0, NULL),
(30, 21, '头像可真辣眼啊', 1473671798, 0, 6, 12, 1, 0, 0, 2, 0, 606148727, 0, 0, NULL),
(31, 21, '赞赞赞', 1473671995, 0, 1, 14, 0, 0, 0, 2, 0, 606148727, 0, 0, NULL),
(32, 21, '恭喜啊恭喜啊', 1473672053, 0, 0, 18, 0, 0, 0, 2, 0, 606148727, 0, 0, NULL),
(33, 31, '美美君给力啊，不会是嘻哈的托吧，懂得那么多。', 1473672128, 0, 0, 18, 0, 0, 0, 13, 0, 606148727, 0, 0, NULL),
(34, 29, '妹子，你多晒几张照片，我就告诉你科目二咋过的。哈哈哈', 1473672188, 0, 1, 18, 2, 0, 0, 2, 0, 606148727, 0, 0, NULL),
(35, 31, '美美君，厉害哦', 1473739349, 0, 0, 2, 0, 0, 0, 13, 0, 606148727, 0, 0, NULL),
(36, 31, '哇塞，亲，给力哦，都可以照着模板来了呢', 1473746778, 0, 2, 61, 0, 0, 0, 13, 0, 606148727, 0, 0, NULL),
(37, 34, '先下载嘻哈学车app，里面有驾校超市，选择自己认为好的驾校就可以报名了', 1473837594, 0, 0, 67, 0, 0, 0, 2, 0, 606148727, 0, 0, NULL),
(38, 37, '是的听说还要增加虹膜用于考驾照', 1473838115, 0, 0, 64, 0, 0, 0, 2, 0, 606148727, 0, 0, NULL),
(39, 36, '你可以到嘻哈学车app上看到每个驾校的价格和星级', 1473838208, 0, 0, 64, 0, 0, 0, 2, 0, 606148727, 0, 0, NULL),
(40, 40, '用app约车，可以给教练差评和好评', 1473838611, 0, 0, 70, 0, 0, 0, 2, 0, 606148727, 0, 0, NULL),
(41, 41, '是的', 1473838735, 0, 0, 71, 0, 0, 0, 2, 0, 606148727, 0, 0, NULL),
(42, 39, 'app里有约车功能，你前提要注册号，就可以直接约车了', 1473838783, 0, 1, 71, 0, 0, 0, 2, 0, 606148727, 0, 0, NULL),
(43, 35, 'P挡，是停车挡，也叫驻车挡。当需要长时间停车的时候，把车子停稳以后，就要挂入P挡。\n\nR挡，是倒车挡，顾名思义就是倒车的时候用的，要注意的一点是，同样要等车子停稳了，才能挂入R挡。\n\nN挡，是空挡，用来切断发动机和变速箱之间的动力，要注意的一点是绝对禁止空挡滑行。\n\nD挡，叫前进挡，这时候变速箱会根据情况在各个挡位之间自动切换，大家只要控制好油门踏板就行了。\n\n3挡，限位挡，用来限制变速箱的换挡范围，这时候不管车速和油门怎么变化，变速箱只会在1~3挡之间进行切换。\n\n2挡和1挡也是类似的，2挡是把挡位限制在1和2挡之间，而挂入1挡的话，变速箱就会一直处于最低挡。\n\nS，表示运动模式，在这种模式下面，变速箱还是会根据情况自动切换挡位，但是换挡时机会稍微延迟，让发动机在高转速上保持较长的时间，以使车子获得更大的动力，当然，相应的油耗就会增加。\n\nL挡，跟1挡一样，就是最低挡，保证车子获得最大的扭矩却不升挡，特别适合严重交通堵塞和上下坡度特别大的斜坡的情况。\n\nM挡，表示手动模式，挂入这个挡位，意味着你可以像开手动挡车一样直接来控制变速箱进行升降挡，旁边的“+”和“-”就分别代表升挡和降挡。', 1473838874, 0, 0, 71, 0, 0, 0, 2, 0, 606148727, 0, 0, NULL),
(44, 35, '不错哦 很详细哎', 1473840106, 0, 0, 73, 0, 0, 0, 2, 0, 606148727, 0, 0, NULL),
(45, 42, '我还没考呢，求经验分享呀', 1473840352, 0, 0, 74, 0, 0, 0, 2, 0, 606148727, 0, 0, NULL),
(46, 36, '好像现在学车也不怎么贵啊', 1473840705, 0, 0, 75, 0, 0, 0, 2, 0, 606148727, 0, 0, NULL),
(47, 37, '用嘻哈学车就不难啦，哈哈', 1473841449, 0, 0, 76, 0, 0, 0, 2, 0, 606148727, 0, 0, NULL),
(48, 37, '是吗 不要吓我啊 我还没考驾照呢', 1474178755, 0, 0, 78, 0, 0, 0, 2, 0, 606148727, 0, 0, NULL),
(49, 44, '90分', 1474180455, 0, 0, 85, 0, 0, 0, 2, 0, 606148727, 0, 0, NULL),
(50, 43, '好用，可以下一个试试', 1474180960, 0, 0, 82, 0, 0, 0, 2, 0, 606148727, 0, 0, NULL),
(51, 45, '真的啊 那挺好的 我请假都请怕了！谢谢！我来下载试试', 1474181294, 0, 0, 91, 0, 0, 0, 5, 0, 606148727, 0, 0, NULL),
(52, 46, '现在政策放开了  科二科三可以连着考', 1474181333, 0, 0, 92, 0, 0, 0, 5, 0, 606148727, 0, 0, NULL),
(53, 47, '还好吧 应该不难 我刚考过 细心一点 多加练习', 1474181735, 0, 0, 93, 0, 0, 0, 5, 0, 606148727, 0, 0, NULL),
(54, 47, '科目二比较难的就是倒库和坡道，其他的都很简单了。\n一、倒库的时候一定要手快脚慢，手快的意思就是转动方向盘要及时，脚慢的意思就是速度要控制住。\n\n二、在驾校学的时候让教练帮你找好你需要看的点，以后都要记清楚。\n\n三、坡道定点要准，起步的时候因为是驾校的车，所以很容易熄火和后溜。这就要你注意离合和刹车的配合。半联动后车身晃动激烈后，松刹车，再慢慢松离合，就可以起步了。\n\n希望可以帮到你\n ', 1474182165, 0, 1, 90, 1, 0, 0, 5, 0, 606148727, 0, 0, NULL),
(55, 52, '可能是紧张了 放轻松啦 就当做平时模拟考试一样啊', 1474266022, 0, 0, 105, 0, 0, 0, 2, 0, 606148727, 0, 0, NULL),
(56, 51, '哇塞 这个太棒了', 1474266040, 0, 0, 105, 0, 0, 0, 2, 0, 606148727, 0, 0, NULL),
(57, 56, '现在天气练车刚刚好了 我以前练车的时候经历了酷暑严寒  唉往事不堪回首啊', 1474271369, 0, 0, 106, 0, 0, 0, 2, 0, 606148727, 0, 0, NULL),
(58, 54, '恭喜恭喜', 1474271388, 0, 0, 106, 0, 0, 0, 2, 0, 606148727, 0, 0, NULL),
(59, 54, '恭喜恭喜呀  我也考完了', 1474351766, 0, 0, 109, 0, 0, 0, 2, 0, 606148727, 0, 0, NULL),
(60, 60, '不错啊', 1474356043, 0, 0, 113, 0, 0, 0, 2, 0, 606148727, 0, 0, NULL),
(61, 61, '亲 真任性啊', 1474357897, 0, 0, 118, 0, 0, 0, 2, 0, 606148727, 0, 0, NULL),
(62, 67, '加油哦，车感是要训练的，后面越练越棒', 1474361970, 0, 0, 123, 0, 0, 0, 2, 0, 606148727, 0, 0, NULL),
(63, 67, '我也是这么觉得 的', 1474362012, 0, 0, 124, 0, 0, 0, 2, 0, 606148727, 0, 0, NULL),
(64, 66, '哈哈 学车没有轻松的，但是拿到驾照拿一刻，一切都是值得的。\n自己在驾校也可以用嘻哈学车电子教练来多联系，熟悉车感就好了', 1474362056, 0, 0, 123, 0, 0, 0, 2, 0, 606148727, 0, 0, NULL),
(65, 66, '我一开始也是这么觉得的额 但是越到后面越觉得练车的日子还是很美好的', 1474362090, 0, 0, 124, 0, 0, 0, 2, 0, 606148727, 0, 0, NULL),
(66, 65, '包过 不还得考过吗  哈哈哈哈哈', 1474362128, 0, 0, 124, 0, 0, 0, 2, 0, 606148727, 0, 0, NULL),
(67, 68, '有时候教练会比较着急，或者有的教练脾气很差，现在好像有一种电子教练，可以代替真人教练，自己可以在车里慢慢练，语音提示学员如何操作。最棒的是不会被教练慢。', 1474362671, 0, 0, 122, 0, 0, 0, 2, 0, 606148727, 0, 0, NULL),
(68, 64, '祝你顺利', 1474362795, 0, 0, 119, 0, 0, 0, 2, 0, 606148727, 0, 0, NULL),
(69, 62, '我也在用', 1474362828, 0, 0, 119, 0, 0, 0, 2, 0, 606148727, 0, 0, NULL),
(70, 62, '能告诉我怎么用吗', 1474437873, 0, 0, 108, 0, 0, 0, 2, 0, 606148727, 0, 0, NULL),
(71, 31, '厉害哦', 1474868303, 0, 0, 2, 0, 0, 0, 13, 0, 1018033988, 0, 0, NULL);

-- --------------------------------------------------------

--
-- 表的结构 `xh_answer_comments`
--

CREATE TABLE IF NOT EXISTS `xh_answer_comments` (
  `id` int(11) unsigned NOT NULL AUTO_INCREMENT,
  `answer_id` int(11) DEFAULT '0',
  `uid` int(11) DEFAULT '0',
  `message` text,
  `time` int(10) DEFAULT '0',
  PRIMARY KEY (`id`),
  KEY `answer_id` (`answer_id`),
  KEY `time` (`time`)
) ENGINE=InnoDB  DEFAULT CHARSET=utf8 AUTO_INCREMENT=6 ;

--
-- 转存表中的数据 `xh_answer_comments`
--

INSERT INTO `xh_answer_comments` (`id`, `answer_id`, `uid`, `message`, `time`) VALUES
(1, 34, 20, '你确定你是来学车的', 1473672247),
(3, 34, 21, '美男说的对', 1473672342),
(4, 30, 35, '一般吧，哈哈哈', 1473673062),
(5, 54, 89, '这个回答的好用心啊，谢谢提出的建议', 1474182546);

-- --------------------------------------------------------

--
-- 表的结构 `xh_answer_thanks`
--

CREATE TABLE IF NOT EXISTS `xh_answer_thanks` (
  `id` int(11) unsigned NOT NULL AUTO_INCREMENT,
  `uid` int(11) DEFAULT '0',
  `answer_id` int(11) DEFAULT '0',
  `user_name` varchar(255) DEFAULT NULL,
  `time` int(10) DEFAULT '0',
  PRIMARY KEY (`id`),
  KEY `answer_id` (`answer_id`)
) ENGINE=InnoDB DEFAULT CHARSET=utf8 AUTO_INCREMENT=1 ;

-- --------------------------------------------------------

--
-- 表的结构 `xh_answer_uninterested`
--

CREATE TABLE IF NOT EXISTS `xh_answer_uninterested` (
  `id` int(11) unsigned NOT NULL AUTO_INCREMENT,
  `uid` int(11) DEFAULT '0',
  `answer_id` int(11) DEFAULT '0',
  `user_name` varchar(255) DEFAULT NULL,
  `time` int(10) DEFAULT '0',
  PRIMARY KEY (`id`),
  KEY `answer_id` (`answer_id`)
) ENGINE=InnoDB DEFAULT CHARSET=utf8 AUTO_INCREMENT=1 ;

-- --------------------------------------------------------

--
-- 表的结构 `xh_answer_vote`
--

CREATE TABLE IF NOT EXISTS `xh_answer_vote` (
  `voter_id` int(11) NOT NULL AUTO_INCREMENT COMMENT '自动ID',
  `answer_id` int(11) DEFAULT NULL COMMENT '回复id',
  `answer_uid` int(11) DEFAULT NULL COMMENT '回复作者id',
  `vote_uid` int(11) DEFAULT NULL COMMENT '用户ID',
  `add_time` int(10) DEFAULT NULL COMMENT '添加时间',
  `vote_value` tinyint(4) NOT NULL COMMENT '-1反对 1 支持',
  `reputation_factor` int(10) DEFAULT '0',
  PRIMARY KEY (`voter_id`),
  KEY `answer_id` (`answer_id`),
  KEY `vote_value` (`vote_value`)
) ENGINE=InnoDB  DEFAULT CHARSET=utf8 AUTO_INCREMENT=64 ;

--
-- 转存表中的数据 `xh_answer_vote`
--

INSERT INTO `xh_answer_vote` (`voter_id`, `answer_id`, `answer_uid`, `vote_uid`, `add_time`, `vote_value`, `reputation_factor`) VALUES
(1, 1, 1, 2, 1472709536, 1, 1),
(2, 2, 5, 1, 1472713759, 1, 1),
(3, 3, 1, 6, 1472713979, 1, 1),
(4, 2, 5, 11, 1472717407, 1, 1),
(5, 7, 4, 11, 1472717421, 1, 1),
(7, 10, 10, 11, 1472718956, 1, 1),
(10, 10, 10, 1, 1473064314, 1, 1),
(11, 14, 14, 15, 1473150323, 1, 1),
(12, 13, 14, 2, 1473225880, 1, 1),
(13, 18, 29, 1, 1473227953, 1, 1),
(14, 22, 39, 1, 1473237677, 1, 1),
(15, 20, 35, 43, 1473318873, 1, 1),
(16, 5, 7, 1, 1473413489, 1, 1),
(17, 24, 41, 12, 1473671371, 1, 1),
(18, 23, 1, 12, 1473671372, 1, 1),
(20, 29, 12, 14, 1473671878, 1, 1),
(21, 27, 12, 14, 1473671894, 1, 1),
(22, 30, 12, 14, 1473671987, 1, 1),
(23, 30, 12, 18, 1473672027, 1, 1),
(24, 31, 14, 18, 1473672029, 1, 1),
(25, 29, 12, 18, 1473672058, 1, 1),
(26, 28, 12, 18, 1473672091, 1, 1),
(27, 27, 12, 18, 1473672137, 1, 1),
(28, 25, 41, 18, 1473672138, 1, 1),
(29, 23, 1, 18, 1473672190, 1, 1),
(30, 24, 41, 18, 1473672191, 1, 1),
(31, 26, 12, 18, 1473672192, 1, 1),
(32, 23, 1, 20, 1473672225, 1, 1),
(33, 24, 41, 20, 1473672226, 1, 1),
(34, 34, 18, 20, 1473672229, 1, 1),
(35, 28, 12, 20, 1473672255, 1, 1),
(36, 30, 12, 20, 1473672262, 1, 1),
(37, 27, 12, 20, 1473672269, 1, 1),
(38, 23, 1, 21, 1473672295, 1, 1),
(39, 26, 12, 21, 1473672299, 1, 1),
(40, 27, 12, 21, 1473672354, 1, 1),
(41, 28, 12, 21, 1473672376, 1, 1),
(42, 30, 12, 21, 1473672383, 1, 1),
(43, 29, 12, 21, 1473672388, 1, 1),
(44, 23, 1, 35, 1473672453, 1, 1),
(45, 28, 12, 35, 1473672464, 1, 1),
(46, 30, 12, 35, 1473673039, 1, 1),
(50, 23, 1, 36, 1473673321, 1, 1),
(51, 30, 12, 36, 1473673326, 1, 1),
(53, 28, 12, 36, 1473673807, 1, 1),
(54, 29, 12, 36, 1473673816, 1, 1),
(55, 23, 1, 2, 1473739044, 1, 1),
(56, 26, 12, 2, 1473739049, 1, 1),
(57, 28, 12, 2, 1473751015, 1, 1),
(58, 24, 41, 1, 1473755718, 1, 1),
(59, 26, 12, 1, 1473755720, 1, 1),
(60, 36, 61, 1, 1473755903, 1, 1),
(61, 42, 71, 75, 1473840674, 1, 1),
(62, 54, 90, 89, 1474182509, 1, 1),
(63, 36, 61, 2, 1474868282, 1, 1);

-- --------------------------------------------------------

--
-- 表的结构 `xh_approval`
--

CREATE TABLE IF NOT EXISTS `xh_approval` (
  `id` int(10) NOT NULL AUTO_INCREMENT,
  `type` varchar(16) DEFAULT NULL,
  `data` mediumtext NOT NULL,
  `uid` int(11) NOT NULL DEFAULT '0',
  `time` int(10) NOT NULL DEFAULT '0',
  PRIMARY KEY (`id`),
  KEY `type` (`type`),
  KEY `uid` (`uid`),
  KEY `time` (`time`)
) ENGINE=InnoDB DEFAULT CHARSET=utf8 AUTO_INCREMENT=1 ;

-- --------------------------------------------------------

--
-- 表的结构 `xh_article`
--

CREATE TABLE IF NOT EXISTS `xh_article` (
  `id` int(10) NOT NULL AUTO_INCREMENT,
  `uid` int(10) NOT NULL,
  `title` varchar(255) NOT NULL,
  `message` text,
  `comments` int(10) DEFAULT '0',
  `views` int(10) DEFAULT '0',
  `add_time` int(10) DEFAULT NULL,
  `has_attach` tinyint(1) NOT NULL DEFAULT '0',
  `lock` int(1) NOT NULL DEFAULT '0',
  `votes` int(10) DEFAULT '0',
  `title_fulltext` text,
  `category_id` int(10) DEFAULT '0',
  `is_recommend` tinyint(1) DEFAULT '0',
  `chapter_id` int(10) unsigned DEFAULT NULL,
  `sort` tinyint(2) unsigned NOT NULL DEFAULT '0',
  PRIMARY KEY (`id`),
  KEY `has_attach` (`has_attach`),
  KEY `uid` (`uid`),
  KEY `comments` (`comments`),
  KEY `views` (`views`),
  KEY `add_time` (`add_time`),
  KEY `lock` (`lock`),
  KEY `votes` (`votes`),
  KEY `category_id` (`category_id`),
  KEY `is_recommend` (`is_recommend`),
  KEY `chapter_id` (`chapter_id`),
  KEY `sort` (`sort`),
  FULLTEXT KEY `title_fulltext` (`title_fulltext`)
) ENGINE=MyISAM  DEFAULT CHARSET=utf8 AUTO_INCREMENT=128 ;

--
-- 转存表中的数据 `xh_article`
--

INSERT INTO `xh_article` (`id`, `uid`, `title`, `message`, `comments`, `views`, `add_time`, `has_attach`, `lock`, `votes`, `title_fulltext`, `category_id`, `is_recommend`, `chapter_id`, `sort`) VALUES
(1, 1, '科一考试规则', '科目一，又称驾驶员理论考试，是机动车驾驶证考核的第一部分。\n\n阶段目标\n了解机动车基本知识，掌握道路交通安全法律、法规及道路交通信号的规定。\n\n学时介绍\n总共12个学时。按照规定，必须签够12个学时（每天最多只可签4个学时），学时提交审核后，方可预约科目一考试。在具体实施中，各个地区略有差异。\n\n考试规则\n考试主要考核道路交通安全法律法规、交通信号、通行规则等最基本的知识。由考生通过计算机闭卷答题，时间为45分钟，试题100道题，题目由计算机考试系统从考试题库中随机抽取生成，题型为判断题和单选题，满分100分，90分合格。不合格可以当场补考一次，如仍旧不合格，只能再次预约考试时间（科目一没有补考次数限制）。 科目一考试合格后，车管所应当在三日内核发《驾驶技能准考证明》，有效期为三年，学员要在有效期内完成科目二和科目三考试。\n\n考试流程\n1、驾校统一安排学员领取科目一考试受理凭证，学员要认真核对受理凭证上的基本信息（如姓名、身份证号、照片、准驾车型）是否与本人相符，无误后按受理凭证上的考试时间和考试地点，到车管所考场参加考试。\n \n2、到车管所后，持本人有效身份证原件、考试受理凭证和学员候考证在科目一考试室外排队依次进入考场。\n\n3、进入考场时，先将身份证原件及受理凭证交给考官登录确认，按计算机安排的座位号入座。入座后输入本人考试受理凭证流水号，按“确定”显示本人资料无误后再按“进入”开始考试。 \n\n4、在考试过程中，做完上一道题再点击下一道题（考试过程中选择确认答案后就提示对错，考一题过一题不能重选答案，错1题扣1分）。跳题按“选题”输入所需到达的题号，按“确定”后跳到要到达的题目。结束考试按“交卷”并再次根据屏幕中央的提示，按“结束考试”，看见分数后按“返回”退出考试。\n \n5、考试共计100道题，时间为45分钟，90分合格。成绩不合格，可以当场补考一次，学员需重新输入证件种类信息，核对姓名报考车型等无误后，开始补考。\n\n6、考试期间监控系统将全程录像并随机拍摄考试者照片，学员不能左顾右盼或用手遮挡面部，如考试期间需要帮助，需举手向考场工作人员咨询，不能随意离开座位，如违反上述要求，将取消学员该次的考试成绩。\n\n7、考试结束，学员到“出口”处凭“考试受理凭证”打印考试成绩表及《驾驶技能准考证明》，确认姓名、身份证号和现场的抓拍照片是自己后，在《机动车驾驶人考试成绩表》科目一考试“被考人签名”栏签名，填写“考试当天的时间”，离开考场后将《驾驶技能准考证明》和成绩表交给驾校领队，切勿遗失。\n\n8、参加考试一定要携带本人有效身份证原件和考试受理凭证，考试时自觉遵守考场纪律和维护考场秩序，严禁将考试书籍和个人随身携带的物品（包括手机、手提包）带入考场，禁止任何形式的作弊行为，保持肃静。否则，被车管所注销成绩或学籍，后果严重。', 0, 28, 1472710346, 0, 0, 0, '3277135797 3526821017', 1, 0, NULL, 0),
(2, 1, '怎样学习驾照理论知识，更加透彻的掌握的科目一考试内容呢？ ', '  首先，驾校考试科目一的题型很重要。新手学员可通过驾考宝典来强化练习，进行仿真考试，为后期做好知识上的铺垫。以下再向给位新手学员介绍驾校考试科目一的考试内容：\n\n第一部分，道路交通安全法律、法规和规章 第二部分，地方性法规 第三部分，交通信号 第四部分，安全行车、文明驾驶基础知识 第五部分，机动车驾驶操作相关基础知识          \n在进行交规理轮考试中，3步轻松到位。\n 1、读懂题目，填好答案，无论题目对错，对于答案详解都要进行了解。\n 2、嘻哈软件包含我的错题选集、易错题选集。新手学车进行理论考试复习时，结合第一步，对我的错题、易错题集中再次进行复习。\n 3、为了能让考生适应考试，嘻哈全真模拟考试让学车新手直接领略考场感受，更容易进入情境多做练习，多进行几次模拟考试，成绩稳定时上考场，更容易轻松拿满分。  \n        \n此外，多记住一些常用的口诀，既有利于考试，有利于日后驾车：\n1：二吊三撤五醉逃终身； \n2：转弯过桥上窄道泥路30km/h； \n3：左右观察左超车； \n4：交叉转弯窄路隧道桥梁坡道铁路口50米不内不停车；\n5：驾驶证到期90天，变更30天内换。\n6：转弯的机动车让直行的车辆先行，右方道路来车先行，右转弯车让左转弯车先行: \n7：驾驶证的有效期为6年，没有扣分记录的第二次换证的为10年。\n8：机动车没有违规行为，只有违法行为。\n9：交警手势大于交通信号灯。\n10：高速路同向有2条车道，右道的速度范围为60-100km/h，左道的速度范100-120km/h。如同方向有3条车道，右道的速度范围为60-90km/h，中间的90-110km/h，左道110-120km/h。\n11：有嫌疑的或未放置检验合格标志，未悬挂机动车号牌，未放置保险标志的，未携带机动车行驶证的都是可依法扣留车辆的。\n12：驾驶证遗失、损毁无法辨认时核发地车辆管理所申请补发。\n13：车速超过每小时100km/h，应当与同车道前车保持100米以上的距离，低于100的，不得少于50米。 \n14：续驾驶机动车超过4小时应停车休息，停车休息时间不少于20分钟。\n15：发生重大事故，致人重伤、死亡或者使公私财产遭受重大损失的，处三年以下有期徒刑或者拘役；交通运输肇事后逃逸或者有其他特别恶劣情节的，处三年以上七年以下有期徒刑；因逃逸致人死亡的，处七年以上有期徒刑。 \n16：小型汽车（C1）准驾车型：小型、微型载客汽车以及轻型、微型载货汽车；轻型、微型专项作业车，小型、微型自动挡载客汽车以及轻型、微型自动挡载货汽车，低速载货汽车，三轮汽车。 \n17：交通信号包括交通信号灯、交通标志、交通标线和交通警察的指挥。 \n18：在狭窄的坡路，上坡的一方先行；但下坡的一方已行至中途而上坡的一方未上坡时，下坡的一方先行。\n19：用伪造、变造机动车号牌、行驶证、驾驶证或者使用其他机动车号牌、行驶证的，一次扣12分。\n20：在行驶中被查获有吸毒注射毒品，在戒毒还没有成功的，注销驾驶证。\n21：被查三年内又重新吸毒，注射毒品者或戒毒未满三年，又吸毒成瘾者，不得申请驾驶证。\n22：未随车携带机动车行驶证的，交通警察可依法扣留机动车。\n23：只有在没有路灯或者没有照明的情况下才能用远光灯。\n24：200米能见度，最高速60，车距100；100米能见度，最高车速40，车距50，能见度50米，车速20，尽快离开高速路。\n25：无证驾驶就是你全责，属于犯法行为。\n26：不能超车的有对面来回车的，在执行紧急任务的警车、消防车、救护车、工程救险车的，道口、交叉路口、窄桥、弯道、陡坡、隧道、人行横道、市区交通流量大的路段。\n27：机动车驾驶人因服兵役、出国（境）等原因，无法在规定时间内办理驾驶证期满换证，延期期限最长不超过三年。\n28：超过60岁就需要每年提交一次身体检查证明。 \n29：扣6分情况有，闯红灯，不避让校车，占用应急车道，驾驶证被扣后继续驾驶的。 \n30：红圈白底黑字为最高速度，蓝底白字为最低速度。\n31：无论在哪里居住都可以向当地的车管所申请换证。 \n32：没有道路中心线的道路，城市道路为30km/h，公路为40km/h；有中心线且同方向只有1条机动车道的道路，城市道路为50km/h，公路为70km/h。\n33：违反交规，不仅要罚钱，还要扣分。\n34：在高速公路上发生故障时，警告标志应当设置在故障车来车方向150米以外，车上人员应当迅速转移到右侧路肩上或者应急车道内，并且迅速报警。\n35：小型自动挡汽车（C2）准驾车型：小型、微型自动挡载客汽车以及轻型、微型自动挡载货汽车。 \n36：在夜晚路过没有路灯和信号灯的路口，应该交替使用远近光灯，提示周围的车辆，以免发生事故。 \n37：对驾驶拼装的机动车上道路行驶的驾驶人，处200元以上2000元以下罚款，并吊销驾驶证。\n38：申请小型汽车、小型自动挡汽车、残疾人专用小型自动挡载客汽车、轻便摩托车准驾车型的，在18周岁以上，70周岁以下。 \n39：能见度低，要开启前照灯、示廓灯和后位灯防止出现事故。\n40：看清交警手势，手臂平直，接着他手臂轻轻压低或摆动，这是变道。手臂降低到腰部摆动，那是转弯。\n41：驾驶准考证明有效期为3年。\n42：凡是车辆进入双向行驶隧道,一般都应该开启近光灯,而不要开启远光灯。若是隧道本身没有灯光的,可以变换灯光行驶,但是会车前要转为近光灯。 \n43：转向灯操作，上右下左，跟时针一样，顺时针为右转，既往上打，逆时针为左转，既往下打。\n44：从匝道进入高速公路加速车道，在加速车道里迅速将车速提高到每小时60公里以上。 \n45：ABS技术的出现，就是大大地降低了侧滑，和原地掉头的现象，保证了行驶的安全。如果，你在使用带ABS的车辆，在刹车时的动作，类似不带ABS的车这样轻轻的踩下去，很可能会不能触发ABS系统，也就起不到ABS的作用了，所以，一般就是要求，刹车动作要果断，一脚就踩到底，保证ABS的正确执行。\n46：驾驶人在道路上驾驶机动车追逐竞驶，情节恶劣的处3年以下有期徒刑。 47：准驾车型驾驶证的驾驶人，发生交通事故造成人员死亡承担同等以上责任未被吊销机动车驾驶证的，应当在本记分周期结束后三十日内到公安机关交通管理部门接受审验。', 0, 12, 1473236803, 0, 0, 0, '2339820064 3955029031 2970235770 3069335782 2635621152 3687924443 2548425569 3118530446 32771357972086923481', 12, 0, NULL, 0),
(3, 1, '科目二考試流程', '科目二，又称小路考，是机动车驾驶证考核的一部分，是场地驾驶技能考试科目的简称，考试项目包括倒车入库、侧方停车、坡道定点停车和起步、直角转弯、曲线行驶（俗称S弯）五项必考\n\n考试内容包括：\n（一）大型客车、牵引车、城市公交车、中型客车、大型货车考试桩考、坡道定点停车和起步、侧方停车、通过单边桥、曲线行驶、直角转弯、通过限宽门、通过连续障碍、起伏路行驶、窄路掉头，以及模拟高速公路、连续急弯山区路、隧道、雨（雾）天、湿滑路、紧急情况处置；\n（二）小型汽车、小型自动挡汽车、残疾人专用小型自动挡载客汽车和低速载货汽车考试倒车入库、坡道定点停车和起步、侧方停车、曲线行驶、直角转弯；\n（三）三轮汽车、普通三轮摩托车、普通二轮摩托车和轻便摩托车考试桩考、坡道定点停车和起步、通过单边桥；\n（四）轮式自行机械车、无轨电车、有轨电车的考试内容由省级公安机关交通管理部门确定。\n对第一款第一项、第二项规定的准驾车型，省级公安机关交通管理部门可以根据实际增加考试内容。\n\n考试评判\n 科目二考试合格标准\n满分为100分，设定不合格、减20分、减10分、减5分的项目评判标准。符合下列规定的，考试合格：\n1. 报考大型客车、牵引车、城市公交车、中型客车、大型货车准驾车型，成绩达到90分的；\n2. 报考其他准驾车型成绩达到80分的。\n科目二考试成绩确认\n科目二考试一次，考试不合格的，可以补考一次。不参加补考或者补考仍不合格的，本次考试终止，申请人应当在十日后重新预约考试。在驾驶技能准考证明有效期内，科目二和科目三道路驾驶技能考试预约考试的次数不得超过五次。第五次预约考试仍不合格的，已考试合格的其他科目成绩作废。', 1, 15, 1473236991, 0, 0, 2, '3118530446 2010832771 2796931243', 13, 0, NULL, 0),
(4, 1, 'S路技巧', 'S路也就是我们经常说的曲线行驶，它要求车辆在规定宽度的S型路面上行驶，不得挤压路边缘线。考核标准有两点，一是车辆驶出边缘线，不合格;二是车轮轧路边缘线，每次扣20分。那么过s路有什么方法呢?\n\n方法一：当听到提示音&quot;过S弯道&quot;指令时，就挂一档，慢抬离合器，使之处于半连动状态，保持车速缓慢匀速向弯道行驶。\n\n车进入弯道以后，当车头中间对准路外沿线时，开始向左打一圈半左右方向，然后稍做小幅调整。当车头处于路中时，回正方向。等车头中间再次对准路外沿线时，开始向右打一圈半左右方向，然后稍作小调整。当车正时回正方向，一路开出去就可以了。\n\n方法二：当车头左座角对准右侧路灯弧线时，方向盘向左打一圈半，前进。在小路考S弯道考试技巧中提到，当车头左座角对准左侧路灯弧线时，方向盘向右打一圈半回正。当车头右座角对准左侧路灯弧线时，方向盘向右打一圈半。当车头左径线对准地上白圈时，方向盘向左打一圈半回正，前进。最后，当车头对准地上白色横线时，方向盘向左打一圈半，向左开出弯道，完成考试。\n\n方法三：看左右反光镜对左右线，始终使车辆保持正中行驶，看对角线，右转就用车左角对右线，左转就用车右角对左线行驶，车角跟线走。\n\n总结：s弯慢字当头，始终让离合出于半连动状态，另外千万不要压到路牙线，进入弯道后尽量走大圈，以免车头出线，考试不合格。祝您顺利通过考试。', 1, 15, 1473237106, 0, 0, 0, '2521624039', 13, 0, NULL, 0),
(5, 1, '侧方位停车技巧', '以桑塔纳车型为例\n打右转向灯开始上线\n这个很简单嘛\n首先通过离合控制车速\n方向盘中心对准路中间的箭头即可\n看引擎盖到达白色停止线后停车\n[attach]4[/attach]\n从右后视镜里来看\n此时车身距离右侧边线大概这么远[attach]5[/attach]\n接下来就挂倒挡开始倒车\n延长线消失后向右打一圈半\n是消失看不到后再打方向盘哦\n[attach]7[/attach]\n看左后视镜\n库角刚好露出时方向盘回正（向左回一圈半）\n[attach]8[/attach]\n然后继续倒车\n看右后视镜\n当库边线到达门把手前角位置时\n继续向左打一圈半\n（注意别打错方向了）\n[attach]9[/attach]\n这个点位因人而已，也有可能是到达门把手中间位置）\n此时车身大概到达这个位置\n[attach]10[/attach]\n入库时通过观察两后视镜\n车身正后停车\n[attach]11[/attach]\n停车后，方向盘不用回正\n先打左转向灯再挂1挡\n准备出库\n出库更简单啦\n前挡风玻璃右下角对准路边白线时\n向右打两圈半\n[attach]12[/attach]\n（图中照片还没对准，大家记住这个位置就行）\n最后车身正方向盘回正\n如果出库时压到了路边白色实线\n直接不及格了哦\n而且转向灯不能打错哦\n上线打右灯\n出库打左灯\n桑塔纳车型操控起来比较容易\n大家只要能控制好车速都能顺利通过\n一定要相信自己\n加油哦', 1, 6, 1473662818, 1, 0, 0, '2604120301 2057236710 2521624039', 13, 0, NULL, 0),
(6, 1, '科目二倒车入库考试细节要点', '[b]倒库前要调整好初始位置[/b]\n    倒库前，要将车牵引到合适位置，要观察车身与边线的距离，以及车身是否调正。\n　   如果初始位置不正确，对后续倒库有所影响。当车子在初始位置先右倒库，如果车身太靠右，容易导致右侧车轮不入库，车身太靠左，则倒库过程中车头容易碰到左边线。合适的初始位置可以大大提高倒库的成功率。\n[b]保持车身与库角大概30cm[/b]\n    距离当右后车轮绕过库角进了库，如果右后车轮与边线的距离大于30CM，那么车身左后角就会碰到考场的红外线了。\n    如果将库的三条边线想象成是墙壁，那么左侧车尾已经撞到墙壁了。所以，倒车时通过观察右后视镜，需要把握车身与库角大概30cm距离。\n[b]放慢车速，调整车身[/b]\n    车身一半已经入库，方向盘已经回正，车身歪斜要及时调整。\n    这时车头还在外面，如果不调整方向盘，继续倒车的话，一侧的车尾很容易出边线。那么到底是方向盘往左打还是往右打呢?这时要通过后视镜观察，车尾与边线的距离，向距离大的方向打方向盘。所以车速要慢，方便调整到车身与边线平行。\n[b]踩刹要谨慎车[/b]\n    身摆正后，踩刹车时注意车子的前后位置，确保车身完全在库内。踩刹过早，车头可能还在外面;过晚，车尾就会出线。所以平时训练时要找好参考点，一般是用左前后视镜下边缘与地面水平黄线的位置做参考，具体在哪个位置因人而异，要自己去观察。\n[b]出库时调正车身[/b]\n    车子入库停车后，车身如果轻度歪斜，只要没有触碰感应线，入库可以判合格。但在出库的时候，如果没有调正车身，直接出库，这时前车轮容易压线。而且在驾驶室也看不到前车轮，还没反应过来就挂了。所以，车子出库时，一定要摆正车身。 ', 0, 3, 1473663902, 0, 0, 0, '3118530446 2049836710 2083724211 3277135797 3245433410 3520128857', 13, 0, NULL, 0),
(7, 1, '坡道定点和起步', '相信坡道定点停车与起步是大多数学员的心病。对于很多人来说，这一项是最难的，如何准停与起步不熄火是很大的问题。今天，嘻哈学车就与大家一起来学习一下。\n[attach]13[/attach]\n坡道定点停车与起步主要考验学员在坡道上平稳停车和起步的能力，毕竟日常开车过程中上坡也是很寻常的事情。这就要求学员能够做到转向正确、换挡迅速，并且在方向、制动、离合器方面有良好的配合。\n[b]一、坡道定点停车[/b]\n1、上坡前，要在坡下前后调整车身，直到车身右侧与考场右边线平行，并且使车头右1/3的地方压右边线，最大程度不能超过车头1/2（很多考场在地面上也有参考线，这时候只要将右车筋位置对准该线就行了）。这时候，车子与右边线距离不超过30公分。对准线是正确停车的第一步，没调整好就不要贸然上坡，因为坡道长度有限，上坡过程中调整车子难度太大。\n[attach]14[/attach]\n将车向场地右侧靠，让车头的1/3进入道路右边实线\n2、上坡时，挂一档，不踩油门，车子要慢，左右脚准备好，当看到左后视镜下沿与地面停车线重合时（有的考场地面有参考线，左门把手中央压参考线的时候），立即踩离合踩刹车，记住要刹死，保证车子不能后溜。\n[attach]15[/attach]\n车左镜与地面停车线重合时立刻停车\n定点停车口诀：\n一档上坡靠右行，眼看左镜右下角，\n只要看到桩杆线，踏下离合踩刹车，\n此刻前杠对线上，定点停车就做好。\n[b]二、坡道起步[/b]\n1、起步前，打左转向灯，左脚慢慢抬离合（一定要慢要匀速），当听到发动机发出嗡嗡的响声、车身抖动、车头有涌动感觉的时候，左脚稳住不懂，右脚慢慢松开刹车，当车子向上走动3秒钟的时候，可以完全松开离合。\n2、如果还是感觉不到的话，可以通过发动机转速的变化来判断。在抬离合的过程中，如果转速明显下降，就说明离合器抬到半联动状态了，这时候就可以坡起了。因此，考试的时候可以盯着转速表，当看见指针向下抖动，就可以稳住左脚，右脚松开刹车。\n停车时的怠速，大概是每分钟800转。\n[attach]16[/attach]\n普桑停车时发动机转速\n当离合抬到半联动状态的时候，转速会下降到700转每分钟，这时候就可以稳住离合松开脚刹了。\n[attach]17[/attach]\n普桑开始半联动时发动机转速\n如果到700转的时候，还感觉不行，就接着抬离合，等转速降到600转每分钟的时候，可以明显看到指针降了两格，要立即稳住离合，及时松开右脚，不然再过头就熄火了。\n[attach]18[/attach]\n普桑半联动时发动机最低转速\n3、当车到达坡顶的时候，还要下坡才能完成整个考试，这时候要控制好车速，带点儿刹车，慢慢到达坡底。\n坡道起步口诀：\n起步之前打左灯，慢抬离合听抖动，\n左脚稳住半联动，右脚及时甩刹车，\n以上动作全做好，坡道起步难不倒。\n以上就是坡道定点停车与起步的通关流程，不过车辆不同、每个人的身高等条件也不同，要根据自己的实际情况调整看点的标准。希望大家都能顺利通过考试！', 1, 5, 1473664829, 1, 0, 0, '2236936947 2345028857 3621527493', 13, 0, NULL, 0),
(8, 1, '直角转弯考试技巧', '直角转弯是科目二考核点之一，主要考核机动车驾驶人在急变路段驾驶车辆时，正确操纵转向、准确判断车辆内、外轮差的能力。\n与科目二其他考试项目相比，直角转弯是比较简单的。但想要顺利通过考试也是需要一定技巧的。\n 1、挂一档，低速进入考试区域。用发动机盖最左侧的点对齐左侧黄线的最右边，此时，车身与左侧边缘线刚好距离30公分。\n[attach]19[/attach]\n[attach]20[/attach]\n2、注意观察右侧，当右侧黄线到达我们肩膀的位置时，迅速向右打死方向。\n[attach]21[/attach]\n3、同时注意观察右侧后视镜，观察右后车轮不要轧到黄线。\n[attach]22[/attach]\n4、车身正，迅速回正方向。驶出考试区域，考试系统语音提示：考试结束，成绩合格。', 0, 4, 1473665143, 1, 0, 0, '3045235282 3671624367 32771357972521624039', 13, 0, NULL, 0),
(9, 1, '科三考规', '[b]一、科目三考试合格标准[/b]\n科目三道路驾驶技能和安全文明驾驶常识考试满分分别是100分，成绩分别达到90分的为合格。\n[b]二、科目三道路驾驶技能考试里程[/b]\n①大型客车、中型客车考试里程不少于20km，其中白天考试里程不少于lOkm，夜间考试里程不少于5km\n②牵引车、城市公交车、大型货车考试里程不少lOkm，其中白天考试里程不少于5km，夜间考试里程不少于3km,\n③小型汽车、小型自动挡汽车、低速载货汽车、残疾人专用小型自动挡载客汽车考试里程不少于Am，并抽取不少于20%进行夜间考试;不进行夜间考试的，应当进行模拟夜间灯光使用考试。\n[b]三、科目三安全文明驾驶常识考试内容[/b]\n①违法行为综合判断与案例分析。\n②安全行车常识。\n③常见交通标志、标线和交警手势辨识。\n④驾驶职业道德和文明驾驶常识。\n⑤恶劣气象和复杂道路条件下的安全驾驶知识。\n⑥紧急情况下避险常识。\n⑦交通事故救护及常见危险品处置知识。\n⑧地方试题。', 0, 2, 1473665287, 0, 0, 0, '1997732771', 14, 0, NULL, 0),
(10, 1, '科目三考试小技巧', '科目三有16项考核内容，要想完全熟练掌握这些考试内容，一次顺利通过考试就要求学员在平时训练时要认真细心。结合一些没通过考试学员的失败原因，分析总结了科目三比较重要的几个考点，希望引起学员的重视，在考试时不要因为这些问题失分。\n1、刹车后车子后溜超过30cm原因：考试路上有多条斑马线，学员开车经过时，按规定必须减速停车让行。但是因为斑马线处有斜坡，很多学员经过时因刹车而后溜。而车子后溜30厘米，会直接被判不及格。学车易支招：先踩刹车，慢抬离合器，感觉有点小抖动时，再放刹车，车子就过了。\n2、起步时车辆发生“蹿动”原因：半联动没处理好学车易支招：学员在平时训练时，应加强对离合器、油门配合使用的练习，多找“半联动”的感觉。\n3、长时间使用“半联动”，车子震动会扣分原因：在“变更车道”这个考试项目中，不少学员被扣10分，主要还是“半联动”的问题。很多学员在变更车道的过程中，长时间地使用“半联动”，致使车子发生震动，被扣分。学车易支招：全抬离合器，不用加油门，挂1挡，用胎速走，直到下个“直线行驶”考试项目时，再挂2挡，轻加油门，注意转数要小于2000转，否则也会被扣分。\n4、灯光模拟考试时，“换灯”变成“关灯”原因：现在科目三考试，都是语音播报相关考核内容，远光灯换近光灯时，会用“变灯”的方式来提醒，但是很多学员因为太用力，将灯直接关掉了，导致不及格。\n嘻哈学车告诉你：平时训练时，多进行换灯、关灯的动作，找一找两者在操作时手感有何不同，考试时就不会那么容易出错了。现在夜考已经取消，所有学员都要进行夜间模拟考试，所以学员一定要听清语音操作提示，不要太紧张！科目三考试考核内容较多，但都是学员日后在实际驾车时会遇到的一些常见情况，所以训练时一定要仔细认真，多注意多观察多训练，一定要细心再细心。', 0, 4, 1473665502, 0, 0, 0, '3118530446 3277135797 2521624039', 14, 0, NULL, 0),
(11, 1, '自学直考，你想知道的都在这里。', '[b]第一招：我怎么报名自学直考？[/b]\n第一步：考试预约服务平台 互联网、电话、窗口……\n第二步：自主选择考试时间和考试场地\n第三步：支付考试费 可分科目或一次性全部缴纳考试费（网上支付、银行代收）\n第四步：公安机关 按照报考或约考时间先后顺序，公平合理安排考生考试\n\n[b]第二招：我如何拿到驾照？[/b]\n科目一笔试：交通法规及相关知识\n合格：90分\n\n科目二实车：场地驾驶（倒车入库、侧方位停车、S弯、直角转弯、坡道定点停车与起步）\n合格：80分\n\n科目三实车：道路驾驶（公路或模拟场地）\n合格：90分（将抽取20%参加夜间考试）\n\n科目四笔试：安全文明驾驶相关知识\n合格：90分 \n \n自学人员上路学习驾驶前必须通过科目一考试，并且要到公安机关免费领取学车专用标识和学习驾驶证明。\n\n公安部将逐步推行科目二和科目三考试，一次性预约、连续考试。\n\n调整小型汽车夜间考试方式，可在日间采用模拟夜间灯光考试形式进行。\n\n[b]第三招：我可以跟谁学？[/b]\n家人朋友都可以，需具备以下条件：\n\n必须：具备安全驾驶经历等条件（具体由交管部门规定）\n加分项：拥有教练员证、驾驶技术有保障、安全驾驶年限长\n禁止：有交通违法记分满分记录、发生过交通死亡责任事故、吸毒记录\n\n[b]第四招：我要选什么样的车？ [/b]\n 保：按规定投保\n 检：经过机动车安检\n装：小型汽车、车辆需要安装辅助装置（副制动、辅助后视镜）\n置：放置统一式样的学车专用知识\n禁止：不得从事经营性的驾驶学习活动\n提示：可将私家车改装成教练车或购买专业教练车\n\n[b]第五招：我可以去哪里练车？[/b]\n在各地交通管理部门划分的区域和时间内进行学习\n避：交通高峰、危险时间、高速公路、快速路、危险路段如山区\n\nQ:上路练习算无照驾驶吗？\nA：只要驾驶合规教练车，在公安部门划定的自学道路，且在有教练资格人的陪同下开车，就不会被认定为“无证驾驶”。\n\n[b]第六招：练车时发生了交通事故怎么办？[/b]\n《关于推进机动车驾驶人培训考试制度改革意见的通知》\n自学人员在学习驾驶中有道路交通安全违法行为或者造成交通事故的，由随车指导人员依法承担责任。\n\n余凌云 清华大学法学院公法研究中心主任 \n一旦答应教别人开车，就形成了口头约定。口头约定也是合同约定，因此最好在承诺前，就学车可能出现的风险问题明确细化，避免纠纷。\n\n公安部、交通运输部、保监会：\n将制定实施用于自学驾驶的车辆条件、随车指导人员条件以及训练路线时间规定、交通违法处理、事故责任认定、保险理赔等管理制度。', 0, 4, 1473666586, 0, 0, 1, '3325823398 3045232771 248193069336947 223123682537324', 16, 0, NULL, 0),
(12, 1, '自主预约考试报名流程', '[b]1、登陆报名网站公安部交通安全综合服务管理平台，http://ah.122.gov.cn/\n2、选择您所在的城市[/b]\n[attach]23[/attach]\n[b]3、点击右上角用户注册，如实填写个人相关信息[/b]\n[attach]24[/attach]\n[b]4、点击考试预约，确认学员信息，并选择考场和考试时间[/b]\n[attach]25[/attach]', 0, 4, 1473667004, 1, 0, 0, '3325820027 3904432422 3277135797 2525321517 2796931243', 17, 0, NULL, 0),
(13, 1, '合肥驾校电子教练横空出世 未来市民学车或便宜千元-万家热线', '[attach]36[/attach]副标题：在机器人创客大赛上嘻哈学车电子教练受媒体青睐\n2016-09-28 09:34 来源：万家热线\n  编者按：据公安部的最新数据显示，截至2015年11月底，中国驾驶人已达3.2亿，数量位居世界第一，预计2020年驾驶人数将达到4.7亿。到2020年汽车驾驶培训行业市场规模将达2365亿元，正因如此，更多与驾考相关的产业受到大众关注，而智能驾培产品也渐渐走入人们的视线，相较于传统的驾校人工教练，未来市民学车或将便宜千元。\n \n  作为2016首届中国创新创业大赛机器人创客大赛的创客选手之一，嘻哈网络技术有限公司推出的“嘻哈电子教练教考系统”，作为顺应时代产物，嘻哈网络旨在打造一款代替真人教练教学的智能电子教练，为未来汽车驾驶教考提供便捷体验。\n \n[b]  嘻哈学车电子教练嘻哈学车电子教练[/b]\n  嘻哈网络技术有限公司前身，主打线上互联网学车领域，即“网学车”。通过手机APP即可轻松预约教练、自选教练、自选场地进行驾考学习的一款产品，正因嘻哈学车有涉及驾考领域基础，嘻哈学车创始人张全雷先生才大胆提出打造一款智慧、人性、安全化的电子教学系统，从而规避真人教练的教学弊端。\n \n[b]  电子教练或将代替传统教练员[/b]\n 聊到学车，可能每一位拿到驾照的人都有苦水要诉，驾校教练长期面对反复多次的教学内容及笨拙操作的新手学员，难免脾气焦躁。学员风吹日晒排队等车，上车生怕哪个动作惹毛教练。长期以来不仅学车效率难以提升，更造成更多学员与教练相处困扰。而张全雷先生开发制造的嘻哈学车“电子教练”则是一款永远有耐心纠错、永不骂人的学车教练!将智能科技与生活贴切融合。\n[attach]39[/attach]图为学员正在使用嘻哈电子教练进行学习图为学员正在使用嘻哈电子教练进行学习\n \n  “电子教练定位于线下学车体验产品。从驾驶技能的理论图文知道开始，到各项目操作技巧语言提示、动作矫正提示反复训练，最后到模拟真实场景考试，循序渐进，一步步让学员掌握真正的驾驶技能。”嘻哈电子教练产品经理孟良介绍。\n \n  所以说避免传统驾培方式中，一个教练使用一辆车教学， “电子教练”可以3-5辆车同时教学，教练只需要在学员上车前简单的培训一下就可以自行上车进行练习。“电子教练”运用虚拟现实及人工智能科技，确保学车人驾驶动作的正确，并实时记录练习过程和播报成绩，学员不仅随车就可以看到练习记录和成绩，而且可以通过嘻哈学车APP查看历史学车详细记录，帮助学员找到不足，提高训练针对性，解放教练员的人力资源。\n \n  嘻哈学车电子已于今年6月开始线下测试，目前已经在合肥八一驾校实地使用3个多月时间，嘻哈学车根据场地情况搭建三维立体场地，一套完整的信息传输系统控制车辆的教学工作，拥有安全保障、自主教学的智能驾培产品在降低驾校运营成本、提高教学质量和考试通过率提供了强大的科技支持。\n \n[b]市民未来学驾照或将便宜千元\n [/b]在行业转型升级的当下，智慧驾校是未来的趋势，无论驾考如何改革，自学直考走向何方，驾校作为机动车驾驶员培训主战场的角色不会变，驾培行业的健康发展离不开正规驾校。标准化教学、导师级服务只有利用计算机智能化的应用才可以完美呈现。\n \n  而电子教练具备良好教练的全部品质和优良基因，不厌其烦的重复教导学员、纠正学车时出现的错误，看似简单的重复教学，人工智能达到的效果是人无法替代和实现的。\n[attach]37[/attach]图为学员正在使用嘻哈电子教练进行学习图为学员正在使用嘻哈电子教练进行学习\n \n  正因如此，智能电子教练规避传统驾培模式的痛点，降低驾校人工成本。据嘻哈学车孟良介绍，后期大批量投入行业使用后，或相对于传统人工教学费用或将便宜1000元上下，真切的给予学员实惠。希望在未来嘻哈学车能够真正给予用户一款优秀的智能驾培产品，并真正的便捷于大众。\n \n[b]产品重中之重是优化用户体验感[/b]\n 据了解，在嘻哈学车做电子教练前，国内已经有2~3家科技公司开始研发此类产品，技术成熟但终究未深入接触驾考行业缺乏实战基础，采用传统驾考的架构，成本高、安全保障不足等原因并未能够达到节约驾校培训成本的需求，所以没有大规模投入使用。\n \n  嘻哈学车正因有了多年驾考经验积累，依托产品线研发属于自己品牌的电子教练，目前仅上市两个多月，已经在安徽、河南、广东、山西、陕西等多省投入驾考教学使用，且应用驾校反映口碑良好，受到学员、教练一致认可。\n \n  当然，中国人常说切勿沾沾自喜，实打实以注重用户体验为主旨才是产品存活的根本。“不断优化产品，提升产品体验感，从技术层面入手，简化系统配件，走核心集成路线，另一方面从设备使用层面入手，简化设备使用方法，如同操作手机一样简易的使用电子教练系统，这才是嘻哈学车未来一年要用心走的一条路。”\n[attach]40[/attach]嘻哈电子教练教考后台操作系统嘻哈电子教练教考后台操作系统\n \n  嘻哈学车电子教练产品经理孟良继续补充到“未来一年计划布点全国一半以上省市、装车量1000套以上，同时不断技术创新降低成本，把实惠让利给驾校、学员，提升学车体验，三年后希望电子教练能真正成为驾培行业里的知名产品。”\n\n  科技创新，成就大业。2016首届中国创新创业大赛机器人创客大赛目前已经进入紧张的初赛阶段，从初赛脱颖而出的优秀团队即将参加10月16日至17日在安徽合肥举办的复赛及决赛。一个汇聚全民创新创业的大舞台已然亮起聚光灯，为即将兴起的机器人产业的未来培养和储备人才，首届中国创新创业大赛机器人创客大赛正全力以赴。（了解更多机器人创客大赛信息）\n ', 0, 622, 1474015592, 1, 0, 0, '2151232933 3955026657 3000523376 2594532451 27178313542098619990 2641026469 2406627665 2339836710 2041523452 2131520803 1997523478 2890932447', 19, 0, NULL, 0),
(14, 1, '合肥版“网学车”APP悄然风靡', '来源：合肥日报“网上报名学车，用APP随时随地就近约教练，网上报名考驾照，学车用电子教练……”在国家级合肥创新产业园，“80后”小伙张全雷创办的网学车平台——“嘻哈学车”，成功打造“互联网＋驾考＋驾培”新模式，一举抢占时代风口。目前，“嘻哈学车”提供的学车机器人电子教练，已在全国十多个省市广泛推开，下一步拟覆盖全国市场。\n\n出生于1982年的张全雷，毕业于合肥工业大学经济管理专业。十多年来，张全雷一直在驾考驾培领域打拼，朋友圈遍及全国各地。熟悉传统驾校的痛点和堵点，洞悉互联网的前景和未来，张全雷2010年走上创业路。2014年，张全雷注册安徽国华光电技术有限公司，主攻智能交通，在驾考系统硬件、软件及系统解决方案方面取得多项知识产权。在此基础上，张全雷于2015年成立安徽嘻哈网络技术有限公司，按照“互联网＋驾培＋驾考”模式，研发出“网学车平台”暨“嘻哈学车APP”和“学车电子教练”。\n\n诞生于合肥的“嘻哈学车”，在全国开辟“网学车”先河，在驾校管理、招生模式、学车模式、考试模式等方面产生革命性影响。以个人学车为例，只需下载“嘻哈学车”APP，即可上网报名。在学车方面，过去还要排队等待，现在上网可以提前预约。教练也不再固定一人，可以随时就近在单位或者在家门口预约教练，传统驾培中的“经理班”将成为历史。和传统学车不同，“嘻哈学车”的学员在上车学习时，还有电子教练随身辅导，可代替真人教学，给予标准化、专业化和不厌其烦的教学指导。\n\n科技创新，是张全雷带领“嘻哈学车”闯荡全国驾培市场的独门武器。今年7月份，“嘻哈学车”自主发明的学车电子教练在肥率先投用，现在已推广到广东、广西、山西、陕西、河南、内蒙古、黑龙江等全国十几个省份。张全雷介绍：“学车电子教练主动刹车安全系统相当于传统学车中的教练员控制‘副刹’，防止学员学车过程中因操作失误而撞车，更加准确、及时和安全。”9月10日，张全雷代表安徽国华光电技术有限公司与合肥虹视信息工程有限公司签约，在国内首次将虹膜识别技术应用于驾考领域，这将有效杜绝驾考过程中的“替考、作弊、违法操作”等行为，确保考试公平公正。上溯到2012年创业之初，张全雷是在全国驾培领域引进北斗系统的第一人。\n\n学员报名“嘻哈学车”，经过一段时间的学习，即可网上预约考试，在“嘻哈学车”APP预约考试一栏，可直接进入公安部互联网综合服务平台，提前预约考试场地和考试时间。在考试前，“嘻哈学车”电子教练还为学员提供“模拟考试”，让学员在模拟考试中提高技能，提高一次通过率。由于“网学车”改变了驾校招生、教练教学和学员学车模式，驾校管理也将随之一变。例如：驾校可以提供更加人性化、个性化的服务，教练也可以依托驾校场地自主网上招生，驾校管理将更加市场化、多元化。\n\n来源：合肥日报 “网学车”-嘻哈学车 发布：北斗应用驾考领导者-安徽国华光电技术有限公司出品；下载嘻哈学车APP更多精彩内容等着你，嘻哈学车，快快乐乐学车，轻轻松松考驾照。', 0, 3, 1475138138, 0, 0, 0, '2151232933 325932339836710 app 2470828982 3911838753', 19, 0, NULL, 0),
(15, 1, '《创业英雄汇》海选合肥站总决选成功举行 嘻哈学车受益匪浅！', ' 2016年9月27日，由中央电视台财经频道、合肥市“双创示范”领导小组办公室、共青团合肥市委员会联合主办，安徽省青年企业家协会协办，合肥市青年就业（创业）服务中心、凤凰安徽频道联合承办的中央电视台首档大型青年创业实战公开课——《创业英雄汇》海选合肥站总决选在合肥大剧院多功能厅举行。\n[attach]41[/attach]\n中共合肥市委副书记汪卫东出席活动并致辞。本次《创业英雄汇》海选合肥站活动自8月26日正式启动以来，深入一线，面向全社会，重点从高校、众创空间、孵化器等创业“源头”发掘优秀创业项目。经过专业评委的层层检验和把关，经过海选初赛复试脱颖而出的29个优秀创业项目现场进行了精彩路演。创业项目含涵盖互联网、医疗健康、高新技术等领域,涉及生产、生活、生态的各方面，有着前沿的科技创新和广阔的应用前景。总决选现场，由国内一线创投人士和合肥本地企业家、创业专家组成的评委团对参赛项目进行了评分和点评。最终，将有6-8个优秀项目有机会代表合肥创新、创业最高水平，经过栏目培训后，登上中央电视台《创业英雄汇》的舞台。\n[attach]42[/attach]\n截至2016年8月，共有240多位创业选手登上了《创业英雄汇》的舞台，其中135个项目获得现场意向融资，累计意向融资总额近7亿元。其中，互联网融合服装产品的“雀之恋旗袍+”项目获意向融资3900万元，医疗健康类项目“方舟万宝”获意向融资2300万元，单个项目融资纪录被不断刷新。\n[attach]43[/attach]\n此外，《创业英雄汇》通过海选活动的举办，深入创业一线发掘了大量优秀项目，极大地提升了《创业英雄汇》的社会知名度和品牌影响力。2015年以来，栏目组相继走进深圳、武汉、西安、成都、广州、厦门、济南、青岛、清华大学、北京大学等城市和高校开展海选活动，得到各地积极响应，更吸引了来自我国港、澳、台地区以及美国、英国、新加坡、德国、韩国等国家的创业者参与，社会各界反响热烈。', 0, 2, 1475140220, 1, 0, 0, '2101919994 3352138596 2802336873 2151232933 3144924635 2091536873 2510421151 2003034892 2207521704 2339836710 21463304102129027973', 19, 0, NULL, 0),
(16, 1, '“奇瑞杯”第二届安徽省机动车驾驶教练员     职业技能大赛合肥站 ', '来源：军英八一驾校\n2016年9月24日,由奇瑞汽车主办，安徽驾协、国华光电、嘻哈学车协办的“奇瑞杯”第二届安徽省机动车驾驶教练员职业技能大赛合肥站比赛在军英八一驾校南岗大型车驾驶人考试中心完美落幕，来自军英八一驾校的比赛选手朱涛勇夺合肥市赛区第一名，军英八一驾校比赛选手胡晓峰夺得第二名，安徽军一机动车驾驶培训学校比赛选手徐传奇夺得第三名。\n[attach]44[/attach]安徽省道路运输管理局车辆管理处处长范守敏致辞 \n9点30分,比赛开幕式在军英八一驾校南岗大型车驾驶人考试中心准时举行。\n \n安徽省道路运输管理局车辆管理处处长范守敏、副处长施溢源、合肥市运管处副处长王贤明等领导观摩比赛并现场指导。\n \n比赛于十点正式开始，第一场进行的是理论比赛，选手到达赛场，有序坐好之后，考官先核查选手的身份信息，发放试卷，在考官示意答题后，考试正式开始，考场十分安静，选手都目不转睛地盯着手中的考卷，认真答题。\n理论考试结束后，紧接着进行示范讲解比赛，选手个个着装整齐，用标准的手势，清晰的话语示范着比赛环节的每一个步骤。在这里，我们看到的是真正一流的教练员，他们之间没有最好，只有更好。\n \n进行完示范讲解，接下来便是场地五项（即：倒车入库、侧方位停车、曲线行驶、直角转弯、坡道定点与起步）比赛，本轮比赛，比的不仅仅是技术，更是速度，五项比赛内容一气呵成。\n \n在确保每一项比赛项目都标准完成的情况下，用时最少的选手将获得最高得分。整个比赛真的是争分夺秒，只听见车轮在地上不断地发出吱吱响声，这是一场离合器踏板、加速踏板、制动踏板完美结合的比赛！\n[attach]45[/attach]\n最后进行的便是期待已久的智能夺宝大赛了！如果说场地五项是一场离合器踏板、加速踏板、制动踏板的完美结合比赛，那么这场比赛便是人车合一的比赛了！规定的面积内，需要完成三次掉头，夺得四个宝物，穿越多个障碍，每一个环节都要求既快又准，同样，选手要求完成所有项目，用时越少的得分便越高，这是一场真正的要求做到人车合一才能赢得的比赛！完美的漂移、伸手窗外夺取宝物的时机把握都将给你节约更多的时间。\n \n比赛一开始，只听见一阵发动机猛烈轰动的声音，放眼望去，比赛车辆已飞入赛场，一个完美的漂移过后紧接着又两个漂移，只见场地留下深深的轮胎印痕，选手已完成比赛！这个是1号选手，来自军英八一驾校的胡晓峰！！！比赛一开场就吸引了所有观众的眼球，现场呼声不断！比赛还在继续，呼声依旧不断，每一次完美的漂移都将现场的氛围烘托到了极限！\n \n很快，最后一名选手上场了，他是前面几场考试的最高分得主！如果这一轮完美地完成，就能拿下冠军，他就是来自军英八一驾校的朱涛选手，在众目睽睽之下，在欢呼声中，他冷静地坐入了考试车辆，没有冠军就在眼前的急躁，没有因欢呼声带来的自豪，沉着、冷静！最后在伴随着车轮与地面组合成的音乐声中，完美地完成了比赛！\n \n在所有的比赛完成之后，等待的便是成绩的公布，在紧张的核算过后，成绩终于出来了！\n \n    获得本次比赛前6名选手分别是：军英八一驾校朱涛、胡晓峰，安徽军一机动车驾驶培训学校徐传奇、安徽省国安机动车驾驶培训学校解光财、董兆军、合肥途顺驾驶员培训有限公司陈卫东！\n精彩图集：\n\n[attach]46[/attach][attach]47[/attach][attach]48[/attach]\n\n ', 0, 3, 1475140799, 1, 0, 0, '228552979026479 315322010823626 234332450930465 264262116036710 3955039542 259453245121592 32844199942521633021 2282336187 2151232933', 19, 0, NULL, 0);
INSERT INTO `xh_article` (`id`, `uid`, `title`, `message`, `comments`, `views`, `add_time`, `has_attach`, `lock`, `votes`, `title_fulltext`, `category_id`, `is_recommend`, `chapter_id`, `sort`) VALUES
(17, 1, '安徽合肥：嘻哈学车、虹膜识别两家创新项目入选   长三角青年创业联盟项目库', '\n       长江三角青年创新创业联盟由30个长三角城市市长在联席会议上批准成立。8月23日上午，由长三角城市经济协调会、上海市政府合作交流办和盐商集团·青商汇共同举办的“长三角青年创新创业联盟成立仪式暨第一期长三角青创训练营开营仪式”在上海举行。\n \n       联盟各成员城市团市委书记、副书记、创业部门负责人、众创空间代表、导师代表、创业青年、长三角协调会各专委会和联盟、上海市有关团组织及青联特邀嘉宾等共计120余人参加了此次活动。\n\n[attach]49[/attach]长三角青年创新创业联盟第一届会员在谷歌上海公司学习\n\n 联盟成立后的工作重心将放在构建长三角青创项目库、长三角青创导师团、长三角青创基地群即“一库一团一群”服务平台上，并通过定期举办长三角青创高峰论坛、长三角青创训练营、长三角青创巡演周、长三角青创项目对接会等活动，致力成为长三角经济圈创业服务标杆，为长三角地区的青年创业者打造创新创业服务的生态闭环。\n \n       安徽嘻哈网络技术有限公司创始人张全雷和合肥虹视信息工程公司的CEO柏一博同时入选创业联盟项的优秀青年，并且成为联盟的第一届会员。嘻哈学车项目和虹膜识别项目被纳入长江三角青年创业联盟的青创项目库。\n\n[attach]50[/attach][attach]51[/attach]\n\n 安徽嘻哈网络技术有限公司主要经营电子、通信与自动控制技术研究、开发；网络技术的研究、开发；计算机技术开发、技术服务；软件服务；软件测试服务；软件批发；软件零售；软件开发；游戏软件设计制作；信息技术咨询服务；数据处理和存储服务。\n \n       嘻哈学车是一款专注驾驶人培训和考试的手机APP和电脑PC软件，该软件为广大学车人提供一个便捷、实用、经济、安全的学车平台；同时为“驾培单位”提供了新的经营管理模式，为驾培单位更好的管理团队，管理财务提供了强大的互联网管理手段。\n \n       安徽嘻哈网络技术有限公司创始人兼董事长张全雷参加了长三角青年创新创业联盟会议，并被评为创业联盟的优秀青年。\n  \n       合肥虹视信息工程有限公司一家致力于虹膜生物识别核心技术、相关产品的研发、应用服务及产业化的高新技术企业。\n \n       “虹膜识别”技术被广泛认为是21世纪最具发展前途的生物认证技术，其发展优势已经在全球各地的各种应用中逐渐显现出来。并且申请了多项有关“虹膜识别”的专利，拥有虹膜编码识别模组、虹膜编码识别主板、虹膜锁、无线虹膜注册机、虹膜门禁考勤一体机、虹膜移动身份认证机等多种产品。\n \n       合肥虹视信息工程有限公司投资人柏一博参加了长三角青年创新创业联盟会议，并被评为创业联盟的优秀青年。\n \n       随着第一期长江三角青创训练营的结束，来自长江三角洲30个成员城市的优秀创业青年因政府的号召聚集在中国青创盐商站，扩展了视野，增长了知识，坚定了方向。相信安徽嘻哈网络技术有限公司在这种良好的创业环境中，会越走越好。\n ', 0, 2, 1475141189, 1, 0, 0, '2343324509 2151232933 2207521704 2339836710 3442533180 3578221035 2000423478 260323903330446 2083736873 382711997735282 3873824180 2101919994 3285230431 390333044624211', 19, 0, NULL, 0),
(18, 1, '原标题：三部委发布驾考改革重要配套制度 4月1日起全面实施', '央广网北京2月4日消息（记者杜希萌）2015年11月，国务院办公厅转发公安部、交通运输部《关于推进机动车驾驶人培训考试制度改革的意见》，出台了一系列驾驶人培训考试改革的新举措。按照《意见》要求，公安部制定完善配套制度，修改了《机动车驾驶证申领和使用规定》，以规章形式细化固化改革措施。公安部、交通运输部、中国保监会联合发布《关于机动车驾驶证自学直考试点的公告》，规定了自学直考的试点范围和条件要求。公安部、交通运输部联合下发《关于做好机动车驾驶人培训考试制度改革工作的通知》，对改革推进工作进行部署，全力确保各项改革措施有效落实。新部令和公告已向社会公布，将于2016年4月1日同时施行。\n\n惠民生，各项服务举措目标路径全部明确\n\n新部令围绕服务经济社会发展、回应人民群众新需求，将改革意见确定的便民利民新措施予以细化固化，做到改革既于法有据，又可操作可执行。\n\n强力推进自主约考，惠及每年3000多万新驾驶人。提供互联网、电话、窗口等多种报考约考渠道，改变驾校集中包办约考，取消考试名额分配制，保障学员知情权、选择权。搭建便捷高效的互联网约考平台，实现网上报名、网上约考、网上缴费，开通车管服务“直通车”，切实做到考试资源公平分配、考试机会公正获取。公安部部署在福建、广东等19个省的28个城市试点全国统一的约考平台。试点城市将于3月底前推广到位，其他地方将于今年年底前全部开通。\n\n全面取消异地限制，流动人员跨市跨省办证更加方便。在原来放开小型汽车、摩托车驾驶证异地申请领证的基础上，全面放开所有车型驾驶证异地申请、异地考试，申请人持身份证和居住证即可在居住地申领驾驶证，实现公共服务均等化。全面放开驾驶证异地补领、换领、审验，驾驶人持身份证即可在全国范围内办理补换证、审证业务，实现信息异地流转、业务就地办理，数据内部传递、群众一次办成。\n\n进一步放宽残疾人驾车条件，共享汽车文明成果。2003年以来，公安部与相关部门密切配合，先后放开左下肢、右下肢、双下肢以及听力障碍人员驾驶汽车的条件，已为7.4万名残疾人发放了驾驶证。随着残疾人驾车制度的完善、车辆改装技术的进步，借鉴国外相关成熟做法，公安部商残疾人联合会、卫生计生委等部门，进一步放宽了上肢残疾人、单眼视障人员驾车条件。上肢残疾人一只手掌缺失，另一只手符合规定的，可以申请残疾人专用小型自动挡载客汽车驾驶证，允许驾驶安装有专门辅助装置的小型汽车。左手符合规定，右手手掌完整但手指缺失的，可以申请小型汽车、小型自动挡汽车驾驶证。单眼视障人员优眼视力达到5.0以上，水平视野达到150度的，可以申请小型汽车、小型自动挡汽车驾驶证。\n\n调整定期体检制度，惠及700多万老龄驾驶人。适应老年人身体条件改善的状况，参考其他国家的相关做法，新部令将每年体检年龄由60周岁调整为70周岁。该项措施施行后，将惠及700多万60至70周岁的老龄驾驶人。同时，对未按期体检驾驶证被注销的，给予救济恢复途径，按规定体检并提交证明后，可以直接恢复驾驶资格。新部令实施前，因未体检被注销驾驶证，且驾驶证在有效期内或者超过有效期不满一年的，按规定体检并提交证明后，可以一并享受救济政策。\n\n稳推进，自学直考试点条件要求一一落定\n\n驾驶培训关乎社会公共安全。在道路上学习驾驶，不仅关系自学人员自身的交通安全，更关系其他交通参与者的出行安全,自主学习驾驶应有严格的管理制度，以保障道路交通公共安全。公安部、交通运输部、中国保监会联合发布的《关于机动车驾驶证自学直考试点的公告》，从自学用车要求、指导人员条件、法律责任、监督管理制度等方面，对自学直考提出了明确的规范要求。\n\n明确试点范围。鉴于我国道路环境复杂，混合交通明显，交通参与者素质参差不齐，试点自学直考将按照《意见》试点推进的要求和“依法、规范、稳妥、有序”的原则逐步开展。根据选取不同区域、兼顾城市规模、体现典型性的精神，选择一些交通环境较好、管理水平较高的地市开展试点。今年，先期在天津、包头、长春、南京、宁波、马鞍山、福州、吉安、青岛、安阳、武汉、南宁、成都、黔东南、大理、宝鸡16个城市开展自学直考试点，试点工作从2016年4月1日正式开始。\n\n明确条件要求。限定训练车辆，自学直考用车应为非营运小型汽车或者小型自动挡汽车，加装供随车指导人员使用的副制动装置、辅助后视镜，经机动车安全技术检验合格，按规定投保交强险；限定随车指导人员，随车指导人员应当取得相应或者更高车型驾驶证五年以上，没有吸食毒品记录，未发生死亡交通责任事故或者重伤负主责的交通事故，没有记满12分或者驾驶证被吊销记录；限定训练路线和时间，在道路上学习驾驶，应按照公安交管部门指定的路线和时间进行，高速公路、城市快速路、学校和医院周边道路不得作为学习驾驶路线，0时至5时、道路交通高峰时段不得作为学习驾驶时间。\n\n明确管理制度。建立学车专用标识管理制度，科目一考试合格后，自学直考人员和随车指导人员共同向车管所免费领取学习驾驶证明和学车专用标识。自学人员按照随车指导人员的指导，在道路上学习驾驶，应当携带学习驾驶证明，在限定训练车辆车身前后放置、粘贴学车专用标识。建立车辆和人员一一对应制度，一个学车专用标识在规定时间内只允许签注一名自学人员、一名随车指导人员、一辆自学用车。随车指导人员不得利用自学用车从事经营性驾驶教学活动。\n\n明确法律责任。根据《道路交通安全法》及其实施条例，自学人员在随车指导人员指导下发生交通违法行为的，对随车指导人员予以处罚。自学人员有未取得学习驾驶证明、学习驾驶证明超过有效期、无具备资格人员随车指导等行为的，按照未取得机动车驾驶证驾驶机动车违法行为，对自学人员予以处罚；属于将机动车交由自学人员驾驶的，对行为人予以处罚。学习驾驶期间发生交通事故的，依法由随车指导人员承担责任，无具备资格人员指导的自学人员自行承担法律责任。\n\n需要提示的是，与驾校培训相比，自学直考的考试标准不降低，考试要求不放松。驾驶培训是一项专业性、技能性培训，驾校作为职业性培训机构，仍然是学习驾驶的主渠道。建议大家根据自身实际情况，理性选择学驾方式，保证学习质量效果。\n\n提素质，驾驶培训考试制度规范突出严格\n\n新部令和两部贯彻通知进一步严格了驾驶人培训考试制度，严格了境外驾驶证换证制度，规范了职业教育培训制度，着力提升新驾驶人的安全文明意识和驾驶操作技能。\n\n强化培训管理，培养安全文明合格驾驶人。两部贯彻通知要求，驾校要落实培训主体责任，严格按照培训大纲规定的培训学时、内容进行培训，突出安全驾驶、文明行车意识的培养。建设和使用全国统一标准的计时培训系统，严厉打击学时造假行为，发现驾校减少培训内容和学时、伪造或篡改培训系统数据等违法违规行为，依法责令停业整顿，严重的吊销经营许可。交通运输部、公安部将组织修订驾驶培训教学与考试大纲，进一步调整优化培训、考试内容和规定学时、里程，引导建立一整套融知识、技能、意识、安全为一体的驾驶规范化教学体系。\n\n严格考试制度，确保考试结果公开公平公正。新部令规定严格落实考试内容，严格执行评判标准，不得减少考试项目、缩短考试里程、降低评判标准。推行随机安排考试，由计算机随机选配考试员、随机安排考生分组、随机选取考试路线，实现考试员与驾校、与考生信息双向屏蔽。推行考务公开，考前公开考试安排，考中公开考试视频，考后当场公布成绩，以公开促公正。推进驾驶培训监管平台与考试系统联网对接，实现驾驶培训与考试信息共享，确保培训与考试有效衔接。\n\n杜绝“速成”驾照，严格持境外驾驶证换证制度。针对一些人员伪造境外驾驶证，或者取得境外“速成”驾驶证，换领我国驾驶证的问题，借鉴其他国家通行做法，新部令进一步严格规范了持境外驾驶证换证制度。境外驾驶证换领我国驾驶证时，公安机关将启动出入境记录核查程序。对长期在国外生活居住的我国内地居民和境外驾驶人，持境外驾驶证换领国内驾驶证的，应当考试科目一，申请大中型客货车驾驶证的，还应当考试科目三。我国内地居民取得境外驾驶证时，在核发国家或地区连续居留不足三个月的，换领我国驾驶证时，需要参加全部科目考试。\n\n推行职业教育，提高重点驾驶人整体素质。推行大型客货车职业化教育培训，利用大专院校优质教育资源，提升重点驾驶人文化素质和职能素养。2014年，交通运输部牵头，联合公安部等五部门部署开展大客车驾驶人职业教育试点工作，此次改革，将大货车驾驶人职业培训一并纳入。在试点基础上，总结形成科学、实用的理论基础教材和实操训练教程，建立完善健全的驾驶培训职业教育体系。根据新部令，接受驾驶职业教育的学生，取得小型汽车驾驶证一年后，可以申请大型客车或者牵引车驾驶证，申请时年龄不得低于20周岁。\n\n公安部将会同交通运输部等部门指导各地公安交管部门、道路运输管理机构，迅速落实两部贯彻通知要求，严格执行新部令规定，积极稳妥做好自学直考试点工作，进一步推动改革措施落实，切实让改革成效惠及群众，让学车领证更便捷、更高效。', 0, 2, 1475221725, 0, 0, 0, '2663139064 3709622996 2145724067 3955032771 2591338761 3732535201 3719722871 2104624230 426376 2608536215 2084038754 2345426045', 20, 0, NULL, 0),
(19, 1, '安徽省公安厅交警总队召开新闻通气会', '\n5月19日上午，安徽省公安厅交警总队召开新闻通气会，对省公安厅近日出台的《关于创新机动车驾驶人考试工作的意见》进行详细解读。中央驻皖及省、市30余家新闻媒体参加了新闻通气会。\n \n《意见》从八个方面进一步改革、创新和规范全省机动车驾驶人考试工作，下决心解决现有机动车驾驶人考试中“暗箱操作”和车驾管工作中“黄牛”泛滥等突出问题，努力使机动车驾驶人考试工作更加公开公正和便捷高效，进一步提升驾驶人的安全文明素质，积极开创全省驾驶人管理工作新局面。这八项重点措施是：\n \n一是进一步深化驾驶人考试约考模式改革。为切实维护群众申领驾驶证的权益，改变当前由驾校包办报考的做法，自2015年4月1日起，所有考生全部通过全省统一的互联网驾驶人考试预约系统进行科目二考试预约，约考的排队顺序、考试时间和场地均由计算机系统自动分配。今年下半年，结合公安部互联网交通安全综合服务平台的推广使用，我省将进一步试点实行由考生自主报考的约考模式，即报考方式、考试时间、考试地点等均由考生自主选择，从而杜绝驾驶人考试预约环节的人为干扰，促进考试公开公正。\n \n二是积极推行省内异地预约考试模式。为解决部分地方因为考试设施、考试能力不足而造成的考试积压问题，省公安厅将在全省范围内选择考试能力充裕的考场作为省内异地考场，向社会公示并自2015年6月1日起推行省内异地考试制度，对符合约考条件但2个月内无法在本地安排考试的考生，允许其选择异地考场，参加科目二或科目三道路驾驶技能考试，从而既减少了考生排队等候时间，又有效利用了考试资源。\n \n三是合理利用社会化考场，提高考试服务能力。为满足我省广大人民群众迅猛增长的学驾考证需求，各地交警部门一方面要努力提升本地驾驶人考试能力。合理优化驾驶人考试考场、线路布局，积极争取政府支持自建考场，同时要按照全省社会化考场管理规定，通过公平竞争、择优、有偿的方式合理使用社会化考场。要充实考试员数量，实行多渠道的考试员选用机制，建立多元化、多层次的考试员队伍。\n \n四是推行考试信息全公开，确保考试工作公平、公正。为充分保障考生知情权和监督权，实现驾驶人考试全过程透明，要通过互联网向社会公开考试场地、考试员、考试计划和报考结果。在考场、候考大厅等场所直播考试视频，考试成绩当场公布，有异议的考生可申请查询考试视频资料。公布考试场地设施布局、考试路线和流程，允许考生考前免费进入科目二考场熟悉环境。从而通过外部监督机制的建立，促进驾驶人考试廉洁公正。\n \n五是全面下放小型汽车类驾驶人考试权限。为促使驾驶人考试场地布局、数量能够满足本地考试需求，减少考生往返次数，大力推进驾驶人考试业务向县级延伸。对辖区内具备符合条件的驾驶人考试场地、设施及有资质的考试员的县级公安机关交通管理部门，市公安局交警支队应将小型汽车类驾驶人考试工作全面下放，从而方便县乡群众就近参加考试。\n \n六是全面实行专职考试员岗位交流轮岗制度。为提升考试员队伍素质，兼顾考试员队伍的活力和专业化、职业化水平，制定交流轮岗制度。各地公安机关对从事专职驾驶人考试工作满3年的考试员，要逐步进行交流轮岗；对从事专职驾驶人考试工作满5年的考试员，必须进行交流轮岗，从而防止发生徇私舞弊、执法不公问题。\n \n七是积极推进驾驶人考试监管平台建设。为全面提高我省对驾驶人考试的监管能力和水平，实现对考试过程、考试数据实时监控和事后倒查，各地要全面推进全国版、省版机动车驾驶人考试监管平台建设工作，2015年年底前实现省、市、县三级对驾驶人考试全过程的全面监管。\n \n八是建立驾驶人考试重点岗位执法全过程记录制度。为严格违规考试责任追究，促进驾驶人考试工作廉洁公正，确保考试员队伍风清气正，自2015年5月1日起，全省驾驶人考试岗位按照《安徽省公安交管部门执法记录仪使用管理规定(试行)》的要求，使用执法记录仪对驾驶人考试实行全过程记录。\n \n ', 0, 1, 1475221795, 0, 0, 0, '234332450930465 208442343321381 2013235686 2463538431 2148424320 2603238395 3689027668', 20, 0, NULL, 0),
(20, 1, '交通运输部关于修改《出租汽车经营服务管理规定》的决定（交通运输部令2016年第64号）', ' 交通运输部关于修改《出租汽车经营服务管理规定》的决定 \n交通运输部决定对《出租汽车经营服务管理规定》（交通运输部令2014年第16号）作如下修改： \n一、将规章名称修改为“巡游出租汽车经营服务管理规定”。 \n二、将第三条修改为：“出租汽车是城市综合交通运输体系的组成部分，是城市公共交通的补充，为社会公众提供个性化运输服务。优先发展城市公共交通，适度发展出租汽车。 \n巡游出租汽车发展应当与城市经济社会发展相适应，与公共交通等客运服务方式协调发展。” \n三、将第六条修改为：“交通运输部负责指导全国巡游出租汽车管理工作。 \n各省、自治区人民政府交通运输主管部门在本级人民政府领导下，负责指导本行政区域内巡游出租汽车管理工作。 \n直辖市、设区的市级或者县级交通运输主管部门或者人民政府指定的其他出租汽车行政主管部门（以下称出租汽车行政主管部门）在本级人民政府领导下，负责具体实施巡游出租汽车管理。” \n四、将第十五条中的“配发”修改为“核发”，“符合技术标准的计价器”修改为“符合规定的计程计价设备”。 \n五、删除第二十条、第三十条、第四十八条第（五）项、第五十条第（三）项。 \n六、将第二十三条、第二十四条、第二十八条、第四十九条中的“计价器”修改为“计程计价设备”。 \n七、将第二十九条第（一）项、第五十三条第（三）项中的“电讯、网络”修改为“电信、互联网”，“预约要求”修改为“服务需求”；将第二十九条第（三）项中的“预约”修改为“服务需求”；在第五十三条第（一）项中的“巡游揽客”后增加“站点候客”。 \n八、将第三十六条第二款修改为：“巡游出租汽车经营者应当根据经营成本、运价变化等因素及时调整承包费标准或者定额任务等。” \n九、删除第四十一条中的“网络约车”。 \n十、将第四十九条中的“出租汽车驾驶员违反本规定，有下列情形之一的，由县级以上道路运输管理机构责令改正，并处以警告或者50元以上200元以下罚款”修改为“ 巡游出租汽车驾驶员违反本规定，有下列情形之一的，由县级以上地方人民政府出租汽车行政主管部门责令改正，并处以200元以上2000元以下罚款”。 \n十一、在第五十三条前增加一条：“网络预约出租汽车以外的其他预约出租汽车经营服务参照本规定执行。” \n十二、将第五十三条第（二）项中的“七座及以下乘用车”修改为“符合条件的七座及以下乘用车”。 \n在第五十三条第（二）项下增加一项：“‘网络预约出租汽车经营服务’，是指以互联网技术为依托构建服务平台，整合供需信息，使用符合条件的车辆和驾驶员，提供非巡游的预约出租汽车服务的经营活动”。 \n十三、除第一条中“出租汽车行业”、第十五条中“中英文‘出租汽车’字样”、第十九条中“原许可机关应当根据《出租汽车服务质量信誉考核办法》规定的出租汽车经营者服务质量信誉考核等级”、第二十一条中“出租汽车服务”、第二十四条中“出租汽车服务标准”、第三十三条中“出租汽车专用收费项目”、第三十八条中“《出租汽车驾驶员从业资格管理规定》”、第四十二条中“出租汽车市场秩序”、第五十三条中“出租汽车标识”“预约出租汽车经营服务”的“出租汽车”外，将条文和附件中所有“出租汽车”统一修改为“巡游出租汽车”。将第七条中的“县级以上地方人民政府交通运输主管部门”、第八条、第十条、第十一条、第十三条、第四十四条、第四十五条中的“设区的市级或者县级道路运输管理机构”、第十二条、第四十条、第四十三条、第四十七条、第四十八条、第五十条中的“县级以上道路运输管理机构”、第十六条、第三十二条、第三十三条、第四十六条中的“设区的市级或者县级交通运输主管部门”、第四十二条中的“县级以上地方人民政府交通运输主管部门及设区的市级或者县级道路运输管理机构”统一修改为“县级以上地方人民政府出租汽车行政主管部门”。将第十七条、第五十一条和附件中的“道路运输管理机构”统一修改为“出租汽车行政主管部门”。 \n十四、删除附件1中的“申请许可内容”一栏。 \n条文序号作相应调整。 \n本决定自2016年11月1日起施行。 \n《出租汽车经营服务管理规定》根据本决定作相应修正，重新发布。\n \n巡游出租汽车经营服务管理规定\n \n（2014年9月30日交通运输部发布 根据2016年8月26日《交通运输部关于修改〈出租汽车经营服务管理规定〉的决定》修正）\n \n第一章　总　则\n \n第一条 为规范巡游出租汽车经营服务行为，保障乘客、驾驶员和巡游出租汽车经营者的合法权益，促进出租汽车行业健康发展，根据国家有关法律、行政法规，制定本规定。 \n第二条 从事巡游出租汽车经营服务，应当遵守本规定。 \n第三条 出租汽车是城市综合交通运输体系的组成部分，是城市公共交通的补充，为社会公众提供个性化运输服务。优先发展城市公共交通，适度发展出租汽车。 \n巡游出租汽车发展应当与城市经济社会发展相适应，与公共交通等客运服务方式协调发展。 \n第四条 巡游出租汽车应当依法经营，诚实守信，公平竞争，优质服务。 \n第五条 国家鼓励巡游出租汽车实行规模化、集约化、公司化经营。 \n第六条 交通运输部负责指导全国巡游出租汽车管理工作。 \n各省、自治区人民政府交通运输主管部门在本级人民政府领导下，负责指导本行政区域内巡游出租汽车管理工作。 \n直辖市、设区的市级或者县级交通运输主管部门或者人民政府指定的其他出租汽车行政主管部门（以下称出租汽车行政主管部门）在本级人民政府领导下，负责具体实施巡游出租汽车管理。 \n第七条 县级以上地方人民政府出租汽车行政主管部门应当根据经济社会发展和人民群众出行需要，按照巡游出租汽车功能定位，制定巡游出租汽车发展规划，并报经同级人民政府批准后实施。\n \n第二章　经营许可\n \n第八条 申请巡游出租汽车经营的，应当根据经营区域向相应的县级以上地方人民政府出租汽车行政主管部门提出申请，并符合下列条件： \n（一）有符合机动车管理要求并满足以下条件的车辆或者提供保证满足以下条件的车辆承诺书： \n1.符合国家、地方规定的巡游出租汽车技术条件； \n2.有按照第十三条规定取得的巡游出租汽车车辆经营权。 \n（二）有取得符合要求的从业资格证件的驾驶人员； \n（三）有健全的经营管理制度、安全生产管理制度和服务质量保障制度； \n（四）有固定的经营场所和停车场地。 \n第九条 申请人申请巡游出租汽车经营时，应当提交以下材料： \n（一）《巡游出租汽车经营申请表》（见附件1）； \n（二）投资人、负责人身份、资信证明及其复印件，经办人的身份证明及其复印件和委托书； \n（三）巡游出租汽车车辆经营权证明及拟投入车辆承诺书（见附件2），包括车辆数量、座位数、类型及等级、技术等级； \n（四）聘用或者拟聘用驾驶员从业资格证及其复印件； \n（五）巡游出租汽车经营管理制度、安全生产管理制度和服务质量保障制度文本； \n（六）经营场所、停车场地有关使用证明等。 \n第十条 县级以上地方人民政府出租汽车行政主管部门对巡游出租汽车经营申请予以受理的，应当自受理之日起20日内作出许可或者不予许可的决定。 \n第十一条 县级以上地方人民政府出租汽车行政主管部门对巡游出租汽车经营申请作出行政许可决定的，应当出具《巡游出租汽车经营行政许可决定书》（见附件3），明确经营范围、经营区域、车辆数量及要求、巡游出租汽车车辆经营权期限等事项，并在10日内向被许可人发放《道路运输经营许可证》。 \n县级以上地方人民政府出租汽车行政主管部门对不符合规定条件的申请作出不予行政许可决定的，应当向申请人出具《不予行政许可决定书》。 \n第十二条 县级以上地方人民政府出租汽车行政主管部门应当按照当地巡游出租汽车发展规划，综合考虑市场实际供需状况、巡游出租汽车运营效率等因素，科学确定巡游出租汽车运力规模，合理配置巡游出租汽车的车辆经营权。 \n第十三条 国家鼓励通过服务质量招投标方式配置巡游出租汽车的车辆经营权。 \n县级以上地方人民政府出租汽车行政主管部门应当根据投标人提供的运营方案、服务质量状况或者服务质量承诺、车辆设备和安全保障措施等因素，择优配置巡游出租汽车的车辆经营权，向中标人发放车辆经营权证明，并与中标人签订经营协议。 \n第十四条 巡游出租汽车车辆经营权的经营协议应当包括以下内容： \n（一）巡游出租汽车车辆经营权的数量、使用方式、期限等； \n（二）巡游出租汽车经营服务标准； \n（三）巡游出租汽车车辆经营权的变更、终止和延续等； \n（四）履约担保； \n（五）违约责任； \n（六）争议解决方式； \n（七）双方认为应当约定的其他事项。 \n在协议有效期限内，确需变更协议内容的，协议双方应当在共同协商的基础上签订补充协议。 \n第十五条 被许可人应当按照《巡游出租汽车经营行政许可决定书》和经营协议，投入符合规定数量、座位数、类型及等级、技术等级等要求的车辆。原许可机关核实符合要求后，为车辆核发《道路运输证》。 \n投入运营的巡游出租汽车车辆应当安装符合规定的计程计价设备、具有行驶记录功能的车辆卫星定位装置、应急报警装置，按照要求喷涂车身颜色和标识，设置有中英文“出租汽车”字样的顶灯和能显示空车、暂停运营、电召等运营状态的标志，按照规定在车辆醒目位置标明运价标准、乘客须知、经营者名称和服务监督电话。 \n第十六条 巡游出租汽车车辆经营权不得超过规定的期限，具体期限由县级以上地方人民政府出租汽车行政主管部门报本级人民政府根据投入车辆的车型和报废周期等因素确定。 \n第十七条 巡游出租汽车车辆经营权因故不能继续经营的，授予车辆经营权的出租汽车行政主管部门可优先收回。在车辆经营权有效期限内，需要变更车辆经营权经营主体的，应当到原许可机关办理变更许可手续。出租汽车行政主管部门在办理车辆经营权变更许可手续时，应当按照第八条的规定，审查新的车辆经营权经营主体的条件，提示车辆经营权期限等相关风险，并重新签订经营协议，经营期限为该车辆经营权的剩余期限。 \n第十八条 巡游出租汽车经营者在车辆经营权期限内，不得擅自暂停或者终止经营。需要变更许可事项或者暂停、终止经营的，应当提前30日向原许可机关提出申请，依法办理相关手续。巡游出租汽车经营者终止经营的，应当将相关的《道路运输经营许可证》和《道路运输证》等交回原许可机关。 \n巡游出租汽车经营者取得经营许可后无正当理由超过180天不投入符合要求的车辆运营或者运营后连续180天以上停运的，视为自动终止经营，由原许可机关收回相应的巡游出租汽车车辆经营权。 \n巡游出租汽车经营者合并、分立或者变更经营主体名称的，应当到原许可机关办理变更许可手续。 \n第十九条 巡游出租汽车车辆经营权到期后，巡游出租汽车经营者拟继续从事经营的，应当在车辆经营权有效期届满60日前，向原许可机关提出申请。原许可机关应当根据《出租汽车服务质量信誉考核办法》规定的出租汽车经营者服务质量信誉考核等级，审核巡游出租汽车经营者的服务质量信誉考核结果，并按照以下规定处理： \n（一）考核等级在经营期限内均为AA级及以上的，应当批准其继续经营； \n（二）考核等级在经营期限内有A级的，应当督促其加强内部管理，整改合格后准许其继续经营； \n（三）考核等级在经营期限内有B级或者一半以上为A级的，可视情适当核减车辆经营权； \n（四）考核等级在经营期限内有一半以上为B级的，应当收回车辆经营权，并按照第十三条的规定重新配置车辆经营权。\n \n第三章　运营服务\n \n第二十条 巡游出租汽车经营者应当为乘客提供安全、便捷、舒适的出租汽车服务。 \n鼓励巡游出租汽车经营者使用节能环保车辆和为残疾人提供服务的无障碍车辆。 \n第二十一条 巡游出租汽车经营者应当遵守下列规定： \n（一）在许可的经营区域内从事经营活动，超出许可的经营区域的，起讫点一端应当在许可的经营区域内； \n（二）保证营运车辆性能良好； \n（三）按照国家相关标准运营服务； \n（四）保障聘用人员合法权益，依法与其签订劳动合同或者经营合同； \n（五）加强从业人员管理和培训教育； \n（六）不得将巡游出租汽车交给未经从业资格注册的人员运营。 \n第二十二条 巡游出租汽车运营时，车容车貌、设施设备应当符合以下要求： \n（一）车身外观整洁完好，车厢内整洁、卫生，无异味； \n（二）车门功能正常，车窗玻璃密闭良好，无遮蔽物，升降功能有效； \n（三）座椅牢固无塌陷，前排座椅可前后移动，靠背倾度可调，安全带和锁扣齐全、有效； \n（四）座套、头枕套、脚垫齐全； \n（五）计程计价设备、顶灯、运营标志、服务监督卡（牌）、车载信息化设备等完好有效。 \n第二十三条 巡游出租汽车驾驶员应当按照国家出租汽车服务标准提供服务，并遵守下列规定： \n（一）做好运营前例行检查，保持车辆设施、设备完好，车容整洁，备齐发票、备足零钱； \n（二）衣着整洁，语言文明，主动问候，提醒乘客系好安全带； \n（三）根据乘客意愿升降车窗玻璃及使用空调、音响、视频等服务设备； \n（四）乘客携带行李时，主动帮助乘客取放行李； \n（五）主动协助老、幼、病、残、孕等乘客上下车； \n（六）不得在车内吸烟，忌食有异味的食物； \n（七）随车携带道路运输证、从业资格证，并按规定摆放、粘贴有关证件和标志； \n（八）按照乘客指定的目的地选择合理路线行驶，不得拒载、议价、途中甩客、故意绕道行驶； \n（九）在机场、火车站、汽车客运站、港口、公共交通枢纽等客流集散地载客时应当文明排队，服从调度，不得违反规定在非指定区域揽客； \n（十）未经乘客同意不得搭载其他乘客； \n（十一）按规定使用计程计价设备，执行收费标准并主动出具有效车费票据； \n（十二）遵守道路交通安全法规，文明礼让行车。 \n第二十四条 巡游出租汽车驾驶员遇到下列特殊情形时，应当按照下列方式办理： \n（一）乘客对服务不满意时，虚心听取批评意见； \n（二）发现乘客遗失财物，设法及时归还失主。无法找到失主的，及时上交巡游出租汽车企业或者有关部门处理，不得私自留存； \n（三）发现乘客遗留可疑危险物品的，立即报警。 \n第二十五条 巡游出租汽车乘客应当遵守下列规定： \n（一）不得携带易燃、易爆、有毒等危害公共安全的物品乘车； \n（二）不得携带宠物和影响车内卫生的物品乘车； \n（三）不得向驾驶员提出违反道路交通安全法规的要求； \n（四）不得向车外抛洒物品，不得破坏车内设施设备； \n（五）醉酒者或者精神病患者乘车的，应当有陪同（监护）人员； \n（六）遵守电召服务规定，按照约定的时间和地点乘车； \n（七）按照规定支付车费。 \n第二十六条 乘客要求去偏远、冷僻地区或者夜间要求驶出城区的，驾驶员可以要求乘客随同到就近的有关部门办理验证登记手续；乘客不予配合的，驾驶员有权拒绝提供服务。 \n第二十七条 巡游出租汽车运营过程中有下列情形之一的，乘客有权拒绝支付费用： \n（一）驾驶员不按照规定使用计程计价设备，或者计程计价设备发生故障时继续运营的； \n（二）驾驶员不按照规定向乘客出具相应车费票据的； \n（三）驾驶员因发生道路交通安全违法行为接受处理，不能将乘客及时送达目的地的； \n（四）驾驶员拒绝按规定接受刷卡付费的。 \n第二十八条 巡游出租汽车电召服务应当符合下列要求： \n（一）根据乘客通过电信、互联网等方式提出的服务需求，按照约定时间和地点提供巡游出租汽车运营服务； \n（二）巡游出租汽车电召服务平台应当提供24小时不间断服务； \n（三）电召服务人员接到乘客服务需求后，应当按照乘客需求及时调派巡游出租汽车； \n（四）巡游出租汽车驾驶员接受电召任务后，应当按照约定时间到达约定地点。乘客未按约定候车时，驾驶员应当与乘客或者电召服务人员联系确认； \n（五）乘客上车后，驾驶员应当向电召服务人员发送乘客上车确认信息。 \n第二十九条 巡游出租汽车经营者应当自觉接受社会监督，公布服务监督电话，指定部门或者人员受理投诉。 \n巡游出租汽车经营者应当建立24小时服务投诉值班制度，接到乘客投诉后，应当及时受理，10日内处理完毕，并将处理结果告知乘客。\n \n第四章　运营保障\n \n第三十条 县级以上地方人民政府出租汽车行政主管部门应当在本级人民政府的领导下，会同有关部门合理规划、建设巡游出租汽车综合服务区、停车场、停靠点等，并设置明显标识。 \n巡游出租汽车综合服务区应当为进入服务区的巡游出租汽车驾驶员提供餐饮、休息等服务。 \n第三十一条 县级以上地方人民政府出租汽车行政主管部门应当配合有关部门，按照有关规定，并综合考虑巡游出租汽车行业定位、运营成本、经济发展水平等因素合理制定运价标准，并适时进行调整。 \n县级以上地方人民政府出租汽车行政主管部门应当配合有关部门合理确定巡游出租汽车电召服务收费标准，并纳入出租汽车专用收费项目。 \n第三十二条 巡游出租汽车经营者应当建立健全和落实安全生产管理制度，依法加强管理，履行管理责任，提升运营服务水平。 \n第三十三条 巡游出租汽车经营者应当按照有关法律法规的规定保障驾驶员的合法权益，规范与驾驶员签订的劳动合同或者经营合同。 \n巡游出租汽车经营者应当通过建立替班驾驶员队伍、减免驾驶员休息日经营承包费用等方式保障巡游出租汽车驾驶员休息权。 \n第三十四条 巡游出租汽车经营者应当合理确定承包、管理费用，不得向驾驶员转嫁投资和经营风险。 \n巡游出租汽车经营者应当根据经营成本、运价变化等因素及时调整承包费标准或者定额任务等。 \n第三十五条 巡游出租汽车经营者应当建立车辆技术管理制度，按照车辆维护标准定期维护车辆。 \n第三十六条 巡游出租汽车经营者应当按照《出租汽车驾驶员从业资格管理规定》，对驾驶员等从业人员进行培训教育和监督管理，按照规范提供服务。驾驶员有私自转包经营等违法行为的，应当予以纠正；情节严重的，可按照约定解除合同。 \n第三十七条 巡游出租汽车经营者应当制定包括报告程序、应急指挥、应急车辆以及处置措施等内容的突发公共事件应急预案。 \n第三十八条 巡游出租汽车经营者应当按照县级以上地方人民政府出租汽车行政主管部门要求，及时完成抢险救灾等指令性运输任务。 \n第三十九条 各地应当根据实际情况发展巡游出租汽车电召服务，采取多种方式建设巡游出租汽车电召服务平台，推广人工电话召车、手机软件召车等巡游出租汽车电召服务，建立完善电召服务管理制度。 \n巡游出租汽车经营者应当根据实际情况建设或者接入巡游出租汽车电召服务平台，提供巡游出租汽车电召服务。\n \n第五章　监督管理\n \n第四十条 县级以上地方人民政府出租汽车行政主管部门应当加强对巡游出租汽车经营行为的监督检查，会同有关部门纠正、制止非法从事巡游出租汽车经营及其他违法行为，维护出租汽车市场秩序。 \n第四十一条 县级以上地方人民政府出租汽车行政主管部门应当对巡游出租汽车经营者履行经营协议情况进行监督检查，并按照规定对巡游出租汽车经营者和驾驶员进行服务质量信誉考核。 \n第四十二条 巡游出租汽车不再用于经营的，县级以上地方人民政府出租汽车行政主管部门应当组织对巡游出租汽车配备的运营标志和专用设备进行回收处置。 \n第四十三条 县级以上地方人民政府出租汽车行政主管部门应当建立投诉举报制度，公开投诉电话、通信地址或者电子邮箱，接受乘客、驾驶员以及经营者的投诉和社会监督。 \n县级以上地方人民政府出租汽车行政主管部门受理的投诉，应当在10日内办结；情况复杂的，应当在30日内办结。 \n第四十四条 县级以上地方人民政府出租汽车行政主管部门应当对完成政府指令性运输任务成绩突出，经营管理、品牌建设、文明服务成绩显著，有拾金不昧、救死扶伤、见义勇为等先进事迹的出租汽车经营者和驾驶员，予以表彰和奖励。\n \n第六章　法律责任\n \n第四十五条 违反本规定，有下列行为之一的，由县级以上地方人民政府出租汽车行政主管部门责令改正，并处以5000元以上20000元以下罚款。构成犯罪的，依法追究刑事责任： \n（一）未取得巡游出租汽车经营许可，擅自从事巡游出租汽车经营活动的； \n（二）起讫点均不在许可的经营区域从事巡游出租汽车经营活动的； \n（三）使用未取得道路运输证的车辆，擅自从事巡游出租汽车经营活动的； \n（四）使用失效、伪造、变造、被注销等无效道路运输证的车辆从事巡游出租汽车经营活动的。 \n第四十六条 巡游出租汽车经营者违反本规定，有下列行为之一的，由县级以上地方人民政府出租汽车行政主管部门责令改正，并处以10000元以上20000元以下罚款。构成犯罪的，依法追究刑事责任： \n（一）擅自暂停、终止全部或者部分巡游出租汽车经营的； \n（二）出租或者擅自转让巡游出租汽车车辆经营权的； \n（三）巡游出租汽车驾驶员转包经营未及时纠正的； \n（四）不按照规定保证车辆技术状况良好的； \n（五）不按照规定配置巡游出租汽车相关设备的； \n（六）不按照规定建立并落实投诉举报制度的。 \n第四十七条 巡游出租汽车驾驶员违反本规定，有下列情形之一的，由县级以上地方人民政府出租汽车行政主管部门责令改正，并处以200元以上2000元以下罚款： \n（一）拒载、议价、途中甩客或者故意绕道行驶的； \n（二）未经乘客同意搭载其他乘客的； \n（三）不按照规定使用计程计价设备、违规收费的； \n（四）不按照规定出具相应车费票据的； \n（五）不按照规定携带道路运输证、从业资格证的； \n（六）不按照规定使用巡游出租汽车相关设备的； \n（七）接受巡游出租汽车电召任务后未履行约定的； \n（八）不按照规定使用文明用语，车容车貌不符合要求的。 \n第四十八条 巡游出租汽车驾驶员违反本规定，有下列情形之一的，由县级以上地方人民政府出租汽车行政主管部门责令改正，并处以500元以上2000元以下罚款： \n（一）在机场、火车站、汽车客运站、港口、公共交通枢纽等客流集散地不服从调度私自揽客的； \n（二）转让、倒卖、伪造巡游出租汽车相关票据的。 \n第四十九条 出租汽车行政主管部门的工作人员违反本规定，有下列情形之一的，依照有关规定给予行政处分；构成犯罪的，依法追究刑事责任： \n（一）未按规定的条件、程序和期限实施行政许可的； \n（二）参与或者变相参与巡游出租汽车经营的； \n（三）发现违法行为不及时查处的； \n（四）索取、收受他人财物，或者谋取其他利益的； \n（五）其他违法行为。 \n第五十条 地方性法规、政府规章对巡游出租汽车经营违法行为需要承担的法律责任与本规定有不同规定的，从其规定。\n \n第七章　附　则\n \n第五十一条 网络预约出租汽车以外的其他预约出租汽车经营服务参照本规定执行。 \n第五十二条 本规定中下列用语的含义： \n（一）“巡游出租汽车经营服务”，是指可在道路上巡游揽客、站点候客，喷涂、安装出租汽车标识，以七座及以下乘用车和驾驶劳务为乘客提供出行服务，并按照乘客意愿行驶，根据行驶里程和时间计费的经营活动； \n（二）“预约出租汽车经营服务”，是指以符合条件的七座及以下乘用车通过预约方式承揽乘客，并按照乘客意愿行驶、提供驾驶劳务，根据行驶里程、时间或者约定计费的经营活动； \n（三）“网络预约出租汽车经营服务”，是指以互联网技术为依托构建服务平台，整合供需信息，使用符合条件的车辆和驾驶员，提供非巡游的预约出租汽车服务的经营活动； \n（四）“巡游出租汽车电召服务”，是指根据乘客通过电信、互联网等方式提出的服务需求，按照约定时间和地点提供巡游出租汽车运营服务； \n（五）“拒载”，是指在道路上空车待租状态下，巡游出租汽车驾驶员在得知乘客去向后，拒绝提供服务的行为；或者巡游出租汽车驾驶员未按承诺提供电召服务的行为； \n（六）“绕道行驶”，是指巡游出租汽车驾驶员未按合理路线行驶的行为； \n（七）“议价”，是指巡游出租汽车驾驶员与乘客协商确定车费的行为； \n（八）“甩客”，是指在运营途中，巡游出租汽车驾驶员无正当理由擅自中断载客服务的行为。 \n第五十三条 本规定自2015年1月1日起施行。\n \n ', 0, 1, 1475221842, 0, 0, 0, '2013236890 368163675537096 2046225913 20986311992777336710 3246333829 2638121153 31649297023526823450 2091523450 20162418031532 6421495', 20, 0, NULL, 0);
INSERT INTO `xh_article` (`id`, `uid`, `title`, `message`, `comments`, `views`, `add_time`, `has_attach`, `lock`, `votes`, `title_fulltext`, `category_id`, `is_recommend`, `chapter_id`, `sort`) VALUES
(21, 1, '《出租汽车驾驶员从业资格管理规定》和《巡游出租汽车经营服务管理规定》解读', '一、《巡游出租汽车经营服务管理规定》做了哪些修订  \n根据《国务院办公厅关于深化改革推进出租汽车行业健康发展的指导意见》（国办发[2016]58号）和《网络预约出租汽车经营服务管理暂行办法》（交通运输部、工业和信息化部、公安部、商务部、工商行政管理总局、国家质量监督检验检疫总局、国家互联网信息办公室令2016年第60号）发布后的规章体系架构，修改后的《巡游出租汽车经营服务管理规定》调整了适用范围，并对出租汽车行业定位、经营者与驾驶员利益分配等方面做出了一系列规定。明确出租汽车是城市综合交通运输体系的组成部分，是城市公共交通的补充，为社会公众提供个性化运输服务。巡游出租汽车发展应当与城市经济社会发展相适应，与公共交通等客运服务方式协调发展。通过明确发展定位，着力构建多样化、差异性城市综合运输服务体系，更好满足人民群众出行需求。针对出租汽车“份钱”问题，要求巡游出租汽车经营者根据经营成本、运价变化等因素及时调整承包费标准或者定额任务等，更好地构建企业和驾驶员运营风险共担、利益合理分配的经营模式，加快推进传统行业转型升级。\n \n二、《出租汽车驾驶员从业资格管理规定》做了哪些修订 \n \n修订后的《出租汽车驾驶员从业资格管理规定》对适用范围进行了明确，出租汽车驾驶员从业资格包括巡游出租汽车驾驶员从业资格和网络预约出租汽车驾驶员从业资格等，并结合网约车新业态的特点，对驾驶员条件、考试内容、证件类别、注册管理、继续教育以及法律责任等方面作了相应适应性调整。\n \n三、为什么要对网约车驾驶员进行管理，修订在哪些方面考虑了网约车的特点？ \n \n无论网约车还是巡游车，提供的是面向公众的普遍客运服务，依法对驾驶员实行准入管理，这是行业管理部门为保证运输安全和服务质量的底线要求。《出租汽车驾驶员从业资格管理规定》修订中充分考虑网约车特点，通过“量身定制”式的制度设计与管理创新，积极支持新业态规范发展。如：与巡游车驾驶员相比，最大限度简化了网约车驾驶员考试内容，并规定其注册及注销，可通过平台公司向发证机关所在地出租汽车行政主管部门报备来完成等。\n \n四、巡游车和网约车驾驶员的申请条件是否一样？ \n \n根据修订后的《出租汽车驾驶员从业资格管理规定》，申请参加出租汽车驾驶员从业资格考试的，应当满足以下条件：取得相应准驾车型机动车驾驶证并具有3年以上驾驶经历；无交通肇事犯罪、危险驾驶犯罪记录，无吸毒记录，无饮酒后驾驶记录，最近连续3个记分周期内没有记满12分记录；无暴力犯罪记录；城市人民政府规定的其他条件。作为出租汽车驾驶员，无论是从事巡游还是网络预约服务，在申请条件上并无区别，为促进新老业态公平竞争创造积极条件。\n \n五、从业资格考试条件中的无暴力犯罪记录等相关证明材料如何提供？会不会给当事人带来不便？ \n \n修订后的《出租汽车驾驶员从业资格管理规定》明确，申请参加出租汽车驾驶员从业资格考试的，应当提供符合相关规定的证明或者承诺材料：（一）机动车驾驶证及复印件；（二）无交通肇事犯罪、危险驾驶犯罪记录，无吸毒记录，无饮酒后驾驶记录，最近连续3个记分周期内没有记满12分记录的材料；（三）无暴力犯罪记录的材料；（四）身份证明及复印件；（五）城市人民政府规定的其他证明材料。目前，我部正在与公安部门积极协调，通过信息化手段，对当事人提供承诺材料予以核实，最大程度为申请当事人提供便利。\n \n六、巡游车和网约车驾驶员的从业资格考试内容有何区别？ \n \n修订后的《出租汽车驾驶员从业资格管理规定》明确：出租汽车驾驶员从业资格考试包括全国公共科目和区域科目考试。全国公共科目考试是对国家出租汽车法律法规、职业道德、服务规范、安全运营等具有普遍规范要求的知识测试。巡游出租汽车驾驶员从业资格区域科目考试是对地方出租汽车政策法规、经营区域人文地理和交通路线等具有区域服务特征的知识测试。网络预约出租汽车驾驶员从业资格区域科目考试是对地方出租汽车政策法规等具有区域规范要求的知识测试。设区的市级以上地方人民政府出租汽车行政主管部门可以根据区域服务特征自行确定其他考试内容。\n \n七、巡游车和网约车驾驶员的从业资格注册管理有何不同？ \n \n修订后的《出租汽车驾驶员从业资格管理规定》对巡游车驾驶员原有的注册规定有关要求基本予以保留，同时考虑到网约车新业态的特点，规定网约车驾驶员的注册及注销，可以通过网约车平台公司向发证机关所在地出租汽车行政主管部门报备来完成。\n \n八、在驾驶员继续教育方面做了哪些优化调整？ \n \n修订后的《出租汽车驾驶员从业资格管理规定》关于驾驶员继续教育，只是提出继续教育的结果性要求，对继续教育的方式和过程则不再作具体规定，并明确驾驶员继续教育由出租汽车经营者组织实施，进一步落实经营者主体责任，注重继续教育实效。同时要求取得从业资格证超过3年未申请注册的，注册后上岗前应当完成不少于27学时的继续教育，以更好地保证服务技能与业务素质。\n \n ', 0, 1, 1475221881, 0, 0, 0, '20986311992777336710 395503954221592 2017419994 3616426684 31649297023526823450 2403328216 3246333829 2638121153 3529935835', 20, 0, NULL, 0),
(22, 1, '交通部：《超限运输车辆行驶公路管理规定》解读', '随着我国改革开放的逐步深入和国民经济的快速发展，特别是国家实施西部大开发、振兴东北老工业基地、中部崛起等区域发展战略以来，重点建设项目规模迅速扩大，同时重型车、大型平板车辆也日益增多。大型物件运输的兴起，有力促进了我国重大装备生产制造业及物流业的国际化、现代化，持续保障了国民经济的高速增长。但受利益驱动，车辆违法超限运输现象也愈演愈烈，严重威胁公路设施及人民生命财产的安全。采取有效措施，遏制违法超限运输行为越发迫切。2000年，原交通部《超限运输车辆行驶公路管理规定》（2000年第2号令，简称2号令）出台后，对大型物件运输提出了具体的要求，我国超限运输车辆通行管理和治理违法超限运输工作由无序、间断、不规范状态，逐步步入正规化、规范化轨道。但随着运输需求的增多，超限运输审批的局限性、不便民等问题日益凸显，无法满足新时期的要求。 \n另一方面，2004年九部委开展联合治超以来，全国货车严重超限超载运输蔓延的势头得到有效遏止，但随着治超工作的深入，原规章存在的自身缺陷及不足逐步显现，如执行标准不一、处罚裁量权过大等问题。此外，通过多年来对超限超载治理，交通运输部制定并下发了一系列的规范性文件，其中一些在实践中证明行之有效，有必要上升到规章的层次予以固化，这也符合依法治国的要求。基于以上几方面考虑，交通运输部在总结多年治超工作经验的基础上，结合新形势新需求以及上位法规定，对《超限运输车辆行驶公路管理规定》进行全面修订。\n \n修订后的《超限运输车辆行驶公路管理规定》（以下简称《规定》）分五章，共五十五条，分别是总则、大件运输许可管理、违法超限运输管理、法律责任和附则。与原2号令相比，修订的主要内容是：统一了超限认定标准，优化了大件运输许可流程，加强了对大件运输车辆行驶公路的管理，规范了对违法超限运输行为的处罚等。\n \n一、统一了超限认定标准。在2004年集中治超中，为了遏止严重违法超限行为，制定了每轴平均轴载不超过10吨，车货总重最高不超过55吨的超限认定标准，与原2号令的认定标准之间存在一定差异，也与2004年发布的《道路车辆外廓尺寸、轴荷及质量限值》（GB1589-2004）车辆生产标准有所不同。与此同时，公安交警部门按照车辆行驶证核定的载质量进行超载治理，标准不统一矛盾越来越突出，国务院文件及相关部委联合发文中曾多次提出统一超限超载认定标准的要求。因此，《规定》结合近期修订的《汽车、挂车及汽车列车外廓尺寸、轴荷及质量限值》（GB1589-2016），对原超限认定标准进行了修改：一是在重量超限认定上，经与公安部、工信部等部门协商一致，按照GB1589确定的最大质量限值作为超限认定标准。二是在外廓尺寸超限认定上，继续沿用了车辆高度4米的标准，车辆长度参照GB1589调整为18.1米，车辆宽度调整为2.55米。并在此基础上，对超过宽度和长度标准，但符合《汽车、挂车及汽车列车外廓尺寸、轴荷及质量限值》规定，且车货总质量未超过限定标准的冷藏车、汽车列车、安装空气悬架的车辆以及专用作业车，不认定为超限运输车辆，使之与车辆生产标准保持一致。\n \n二、优化了大件运输许可流程。《规定》对《公路安全保护条例》确定的跨省大件运输联合审批机制进行了细化：一是对大件运输许可实行等级管理，按照高4.2米、宽3米、长20米和高4.5米、宽3.75米、长28米及总质量100吨的标准将大件运输许可分为三种情形，并在申请材料、程序要求、办理时限上予以区别对待，进一步提高了许可效率。二是规定了受理时间，申请跨省大件运输的，由起运地省级公路管理机构受理，并由其在2日内向沿线各省级公路管理机构转送申请资料。三是规定了办理时间，沿线各省级公路管理机构应根据运输物品的情形分别在2日、5日或者15日内作出许可决定，统一受理和集中办理的时间分别不超过5日、10日或者20日。四是涉及上、下游省份路线或者行驶时间调整的，由起运地省级公路管理机构组织协调处理。五是沿线各省级公路管理机构同意申请的，由起运地省级公路管理机构发放超限运输车辆通行证。\n \n三、提供了多项便民服务措施。一是要求公路管理机构加强与辖区内重大装备制造、运输企业联系，及时掌握其制造、运输计划，加强服务和监督管理。二是要求公路收费站设置超宽车道。三是规定了对同一大件运输车辆多次通行固定路线，装载方式、装载物品相同，且不需要采取加固、改造措施的，申请人可以根据运输计划向公路管理机构申请办理行驶期限不超过6个月的超限运输车辆通行证。四是要求建立大件运输许可管理平台，为公众提供网上提交申请、实时查询办理进度、网上打印通行证等便民服务。\n \n四、规范了加固、改造等行为。对于申请人自行采取加固、改造措施的，要求公路管理机构要对加固、改造方案进行审查，加强现场检查并组织验收。对于申请人不能采取有效加固、改造措施的，可以通过签订协议的方式，由公路管理机构制定相应的加固、改造方案，并组织实施。同时要求采取的加固、改造措施应当满足公路设施安全需要，并提出具体原则。\n \n五、规范了大件运输许可收费行为。《规定》对《公路法》明确的收费范围作了细化：一是需要采取加固、改造等防护措施的，所需费用由申请人承担，相关收费标准应当公开、透明。二是需要采取护送措施的，由申请人自行采取；不能自行采取的，可委托公路管理机构实施，收费标准由省级交通运输部门会同财政、物价部门制定。此外，对经批准的大件运输车辆，途径实行计重收费的收费公路时，对其按照基本费率标准收取车辆通行费。\n \n六、建立了大件运输许可信用管理制度。明确提出了承运人隐瞒有关情况或者提供虚假材料申请超限运输许可的，在1年内不准申请超限运输许可。\n \n七、明确了货运源头管理措施。一是强调了货运源头单位、货运企业和驾驶人的义务：货运源头单位应当安装符合标准的称重检测设备，对出站（场）货运车辆进行称重检测，签发货物装载单，确保出站（场）货运车辆合法装载；货运源头单位、货运企业应当加强对货运车辆驾驶人的教育和管理，督促其合法运输，不得指使、强令货运车辆驾驶人违法超限运输；货运车辆驾驶人不得驾驶违法超限运输车辆，途中应随车携带货运源头单位签发的货物装载单。二是明确了货运源头的监管主体和职责：道路运输管理机构应当通过巡查、技术监控等方式加强对货运源头单位的监督检查，督促其落实车辆合法装载的责任，制止不符合国家有关载运标准的车辆出场（站）。\n \n八、规范了路面执法行为。一是规定公路管理机构应当采取固定检测、流动检测、技术监控等方式，对货运车辆进行超限检测。采取固定检测的，应在省政府批准的治超站进行。二是规定公路管理机构可以利用移动检测设备，开展流动检测。经流动检测认定的违法超限运输车辆，应当就近引导至公路超限检测站进行处理；流动检测点远离公路超限检测站的，应就近引导至地方交通运输部门指定并公示的路政执法站所、停车场、卸载场等具有停放车辆及卸载条件的地点或者场所进行处理。三是规定公路管理机构应当根据保护公路的需要，在货物运输主通道、重要桥梁入口处等普通公路以及开放式高速公路的重要路段和节点，设置车辆检测等技术监控设备，依法查处违法超限运输行为。四是规定公路管理机构应当使用经依法定期检定合格的称重检测设备；未定期检定或者检定不合格的，其检测数据不得作为卸载或者处罚的依据。\n \n九、增加了计重收费站发现违法超限运输的报告义务。计重收费站利用称重检测设备发现通行车辆涉嫌违法超限运输的，有权拒绝其通行，及时报告公路管理机构，并提供相关称重数据、照片、视频监控等资料。\n \n十、提出了超限运输检测技术监控记录资料以及计重数据等资料作为证据使用的规定。2012年修改后的《民事诉讼法》和2015年修改后的《行政诉讼法》都增加了电子数据作为证据种类。《规定》据此要求公路管理机构可以根据保护公路需要，设置超限运输车辆动态检测等技术监控设备；违法行为地或车籍所在地的公路管理机构可以根据这些技术监控设备记录资料，对违法超限运输车辆的所有人依法予以处罚。利用这种“非现场执法”形式获取的证据来执法，大大提高了执法效率。此外，还确立了计重数据等资料的法律地位，规定公路管理机构有权查阅和调取公路收费站车辆称重数据、照片、视频监控等资料，并可以将调取的称重数据、照片、视频监控等资料作为行政处罚的证据使用。\n \n十一、明确了违法信息登记抄报和处理反馈制度。一是要求公路管理机构、道路运输管理机构建立联动执法工作机制，加强对违法超限运输的货运车辆、车辆驾驶人、货运企业、货运源头单位的责任追究。二是公路管理机构在违法超限运输案件处理完毕后7日内，应当将与案件相关的信息和资料抄告车籍所在地道路运输管理机构。三是对1年内违法超限运输超过3次的货运车辆和驾驶人，以及违法超限运输的货运车辆超过本单位货运车辆总数10%的道路运输企业，由道路运输管理机构依法处理，并将结果向公路管理机构反馈。\n \n十二、明确了治超处罚自由裁量权。对于尺寸超限以及重量超限的违法行为，根据违法行为性质、情节和危害程度，明确了处罚自由裁量权。其中，尺寸超限的，按照超限程度分别处200元以下、200元以上1000元以下、1000元以上3000元以下的罚款；重量超限的，明确了每超1000千克罚款500元的标准。\n ', 0, 1, 1475221910, 0, 0, 0, '201323689037096 3622938480 3681636755 3671036742 3489239542 2084436335 31649297023526823450 3529935835', 20, 0, NULL, 0),
(23, 1, '国华网：专访嘻哈学车董事长兼CEO张全雷：我这样看学车APP', '[attach]52[/attach]\n昨天国内各大媒体播出了公安部力推网络平台 缴罚款、约驾考都能在线办了。这对一些不愿意或者说没有互联网思维的驾校是一个非常不好的消息，但拥抱互联网的驾校看到的全部是商机。对于我们嘻哈学车这样软件开发公司来说，更加坚定了我们的目标，也为我们推动嘻哈学车扫清了政策障碍。对在线学车学车来说进入了“快速发展阶段”。\n \n张全雷谈到了几件事:1、如何看待巨头会不会涉入学车App？2、如何看待全国“群雄逐鹿”？3、如何看待行业未来？\n \n给自己打分—“85分”\n \n张全雷给嘻哈学车试运行的表现打了85分，在他看来，这一段时间嘻哈学车犯了太多错，也试了太多错。但整体还是走过来了。在采访中，学经济出身的张全雷一直在讲商业模式，嘻哈学车是市场牵引走的，而并不是技术推动走的。他把驾校看做卖家，把学车人看做买家，而在线学车正是在做一个类似支付宝的平台生意，而未来嘻哈也将由此展开涉足更多相关领域。\n \n而说到试错，记者问到了前一阵嘻哈与平面媒体的广告合作。张全雷说，那也是一次试错，但合作金额没有市场上所说的达亿人民币那么邪乎，事实证明，线下的平面广告并不能带来真正的宣传效果。要知道互联网产品品牌已经退其次了，主要的特征是参与度。所以嘻哈学车走互联网“嘻哈学车”宣传才是对的路。\n \n总的看来，他认为，从立项到现在“惊喜”太多、市场变化太快，国家政策来的也太及时；如果重来一次，嘻哈学车不会走到现在...\n \n怎么看待对手—“群雄逐鹿才刚开始”\n \n谈到对手，张全雷笑称，终于敢说其它学车软件了，2月份之前嘻哈把其它学车APP看成强大的竞争对手，如今，嘻哈学车APP在全国已经名声大噪，进入了学车软件第一梯队。记者问：是不是需要融资，来给嘻哈学车烧钱？张全雷说：“其实嘻哈一直在烧钱，也有几家大的风投来谈过，但是嘻哈现在也有自己的造钱功能，目前这个阶段不需要”。张全雷对此也承认，线下推广真的很重要。对于线下产品，我与线上产品一样的看重，毕竟我们就是做线下产品起家的，线下产品要做好，更要有互联网的“味道”。\n \n怎么看待行业—“相当不容易”\n \n聊到这个行业，张全雷则脱口而出一组排比：固化思维、利益藩篱、竞争激烈、局面复杂、时间仓促。当然，说市场的同时，这五点也是当下嘻哈要面对的。\n \n固化思维，很多人经营驾校大半辈子了，一直都是现有的思维模式在经营着，现在突然间要用互联网思维去想、去做、去赚钱，首先是接受不了，再着就是排斥；学车软件需要花很多的力气去给这些校长们“洗脑”，即使现在国家政策已经“明朗”了。\n \n利益藩篱要打开是非常难的事情，总理说过“触动利益比触动灵魂还难”。其实现在已经有一部分人在用互联网预约考驾照了，但是主管部门是“阳奉阴违”的，背后做了很多的屏障，更不愿意去宣传“自学自考”，只有打破了这些利益链自由化的学车才可以真正的到来，互联网学车才可以没有阻力。\n \n竞争激烈，张全雷并不认为在线学车市场更像团购，在他看来，团购是一个进入门槛很低的市场，如果现在做也能做。但在线学车不是，烧钱+线上+政策给这个行业奠定了相对较高的门槛，即便是巨头也不可能轻易的入场，只有像我们国华光电这样的企业一直在做这个行业，非常了解这个行业才会去做。而即使在这样的情况下，市场竞争仍然激烈，记者得知，市面上已经有许多各行各业进入了这个行业，我看了他们做的产品，要么是纯互联网化，要么就是加互联网，根本没有互联网加的概念在里面。尽管如此，他们也会在局部地区和嘻哈学车竞争一段时间的。\n \n局面复杂，资本、传统、对手都是影响在线学车行业的因素，而作为一个本地化属性较强的行业，每拓展一个城市就面临着一种新的地方“政策”和线下环境。张全雷说，虽然已过了线下推广高峰，但嘻哈仍然保留了一直接近100人的线下团队分布在全国各地，未来的目标是进入国内绝大部分城市。\n \n时间短促，正如上文所说，对于这一行业的变化张全雷只能用太多“阻力”来形容。政策的更迭、对手的更迭、乃至是自身团队的更迭，以及模式的更迭，速度都远远超出了想象，但未来应该会“减速”下来。\n \n最后\n \n面对同行纷纷开始转型，张全雷显得很淡定，表示，嘻哈学车暂时不会涉足其它领域，明年的计划仍是推广互联网驾校和移动互联用户。而讲到学车App的未来，张全雷说了一件事：在线学车的对手不应该是同行，而应该是哪些仍然使用传统模式经营的驾校和学车人这些用户习惯，目前，在各种学车行为中，使用学车App的人只占到学车行为总数的1%，张全雷说，我的目标是做到70%。', 0, 3, 1475221912, 1, 0, 0, '2226921326 1998735775 2207521704 2339836710 338912010738271 ceo 243522084038647 app', 19, 0, NULL, 0),
(24, 1, '交通部官网新闻：甘肃构建互联网+驾培服务平台', '\n近日，经甘肃省运管局批复同意，甘肃省互联网+驾驶培训服务平台之行业监管系统正式通过技术验收。\n \n据悉，甘肃省互联网+驾驶培训服务平台下辖三大系统，行业监管系统（A端）为全省统一的政府端，供省、市、县三级道路运输管理机构使用，为行业监管和决策提供数据支持；驾校管理系统（B端）和公众学车系统（C端）则为开放的市场端。其中，驾校管理系统（B端）供驾驶培训机构选用，驾培机构可利用互联网公开驾校教练员、培训车辆和场地、培训时段、收费方式等多种培训服务方式信息。公众学车系统（C端）则供学员选用，提供先培训后付费等多种培训服务方式，满足学员个性化、差异化培训需求。\n \n据了解，互联网+驾驶培训服务平台运营后，甘肃省可通过互联网实现驾校、场地、教练、学员资源等线上宣传、线上报名、预约学车、在线支付、线下培训。培训服务质量通过线上评论投诉，直达目标用户，通过大数据统计分析，向用户推荐优质资源，推进机动车驾驶培训模式变革。\n ', 0, 1, 1475221944, 0, 0, 0, '201323689037096 2344832593 2603238395 2997632899 2650024314 201143285232593 3955022521 26381211532417921488', 20, 0, NULL, 0),
(25, 1, '政策利好襄助顶尖虹膜技术团队在肥落地生根', '\n虹膜识别，这是比指纹识别更高级的人体识别技术。在合肥，有一群80后青年放弃几十万年薪的管理岗位，义无反顾地走上了艰难创业之路，潜心研究开发虹膜识别技术，致力抢占国内高地，一举填补省内空白。9月10日，合肥虹视信息工程有限公司与安徽国华光电技术有限公司正式签约，在国内首次将虹膜识别技术应用于驾考领域，能有效杜绝驾考中“替考、作弊、违法操作”等行为。\n \n    虹膜是人类黑白眼球之间的圆环体，其纹理特征在人一岁左右形成且终身不变，和指纹相比，虹膜识别唯一性更强，安全性更高(活体采集不可替代)，时效性更快(视频扫描眼球瞬间识别)。合肥虹视信息工程有限公司，这家诞生于2015年的年轻企业，已在虹膜识别技术领域创造了数个第一。自诞生之日起，推出首枚虹膜识别芯片，创新性实现了虹膜识别技术应用的“硬件化”。\n \n    两年来，该公司又在电梯、道闸、驾考等领域开创国内虹膜识别技术应用的先河。事实上，合肥人研发虹膜识别技术肇始于2012年，合肥虹视信息工程有限公司总经理柏一博是六大“创业元老”之一。看到虹膜识别技术的空白和前景，柏一博与合伙人组建了创业团队，从武汉、合肥多所高校招来顶尖人才，主攻虹膜识别技术。\n \n    三年“潜伏”，柏一博带领的团队推出首枚虹膜识别芯片。柏一博的创业搭档虞海锋解释说，以前虹膜识别停留在软件模式上，数据还要回到后台处理，耗时长，芯片诞生实现了“硬件化”。就像商场购物，传统“软件模式”需要经历到后台仓库取货的过程，新的“硬件芯片”可以在店面现场取货。芯片的诞生，大大开拓了虹膜识别技术应用的现实空间。\n \n    兑现当初的承诺，合肥虹视信息工程有限公司伴随芯片同时面世。\n \n    让情怀落地，柏一博的创业团队在合肥顺利扎根。几年来，他们在合肥获得了实实在在的帮扶，房租、水电、专利申报均有真金白银的补贴。去年，合肥高新区管委会特别腾出一楼800多平方米的沙盘展示厅，供合肥虹视研发使用。高新区发放的“合创券”，让合肥虹视专利申报从10万元降至5万元。截至目前，合肥虹视已经申报了5项技术专利。\n \n    在政策的大力支持下，合肥虹视成长迅速，前景广阔。两个月前，合肥虹视与富士电梯签订协议，将在国内生产首批5000台虹膜电梯。“居民乘坐电梯，扫描眼球虹膜，电梯自动到达所居楼层。”下一步，合肥虹视将打造全国首个儿童虹膜识别库，助力公安部门建设第三方寻子系统，为儿童建立终身安全符。同时，将虹膜识别技术广泛应用于信息、国防、公共安全、智能家居等多个领域。柏一博说，合肥虹视将致力于打造中国第一个虹膜比对云平台。（合肥日报）\n ', 0, 1, 1475221985, 0, 0, 0, '2591931574 2103322909 3514021161 3903023574 3442533180 2521626415 2224238431 33853223202998326681', 20, 0, NULL, 0),
(26, 1, '国华网：搜狐网报道嘻哈学车让未来已经到来', '[attach]53[/attach]\n互联网让未来已经到来，嘻哈学车颠覆了传统的驾考驾培行业改变了人们的学车领证习惯！国家机关发声，公安部：构建互联网交通安全综合服务管理平台，提供10大类130多项在线服务 2016年底完成全国推广应用，再次向人们宣传，向企业宣告互联网时代已经到来。\n       作为全国驾考、驾培企业在全国率先使用北斗卫星高精度GNSS用于机动车驾驶人科目考试系统作为主要评判技术的高新技术企业：安徽国华光电技术有限公司推出的互联网智能学车系统，是顺应时代潮流，通过互联网平台更好服务人民群众的一款以移动互联网为主导的手机APP系统学车软件。在“嘻哈学车时代”，学车的人们享受的不单单是“省钱、方便”，更多的是享受着嘻哈学车理念带来的“尊严”，以往考试难，学车累的时代一去不复返了。对于传统意义上的驾校来说，嘻哈学车是助力驾培企业发展的新引擎，新手段。互联网时代革的是固守传统模式驾校的“命”，绝非是革的拥抱互联网驾校的命。\n       互联网时代颠覆了传统行业的一切，也改变了人们生活的方方面面。以往，我们学车需要去驾校报名，驾校安排教练员、教学车辆，现在不是，只要我们拿起我们的智能手机，你运用网上智能学车软件，你就可以轻轻松松的报名，你再点击预约学车，你就可以快快乐乐的找到你满意的教练和就近的驾培基地。通俗的说，现在是我们学车人，选教练选车辆，掌握了选择的自主权。\n       对于驾校来说，刚开始拥抱互联网的“阵痛”是在所难免的，因为互联网改变了我们以往的工作方式，工作状态。我们试曾想过，现在我们不去革自己的命，时代的潮流一定会淹没我们，摧毁我们的“固守”！只有我们改变了，我们才可以适应这个时代，适应我们的社会，更加好的去服务学员，服务我们的社会。自己进步了，带来的不是一点点收入的改善，还有社会的文明，民族的进步。\n新闻链接：http://mt.sohu.com/20150723/n417379541.shtml', 0, 2, 1475222039, 1, 0, 0, '2226921326 256282939232593 2525336947 2207521704 2339836710 2641026469 2405032463 2104026469', 19, 0, NULL, 0),
(27, 1, '“网学车”从骗局到真相还有多远？', '摘要：国民跟风是一种病，又赶上国家创新创业浪潮的推波助澜以及驾改东风的持续推进，催生的“网学车”软件在华夏大地揭竿而起，花样模式让人眼花缭乱，应接不暇。那么，作为驾驶培训的主体-驾校如何选择利用“网学车”，百姓如何选择“网学车”软件，是一种时代需要和消费需求，乱象丛生，骗局太多回归本质还有多远？\n \n1、热衷“网学车”创业群体面面观？\n \n选择“网学车”创业的创业者们主流分三种，一种是驾考系统供应商为实现企业转型做出的战略布局；一种是互联网从业者看中了驾培这片互联网细分市场蓝海，商业模块的补充；一种就是一些驾校的举办者想通过建立所谓的“网约车”平台来增加自己驾校竞争力和招生数量，从而达到强大自己，削弱别人的目的。\n \n无论是哪一种动机进行“网学车”的创业者，都是路漫漫其修远兮的创业征程，在短时间内都不会有大的起色或者说快速实现网学车创业者当初的设想，这是一种残酷的现实问题。这中间的逻辑就是其过高的成功预期，残酷的市场环境，不成熟的商业逻辑。还有最重要的一点就是出发点和落脚点的思想扭曲和思维错位，也就是说“网学车”创业者们思考好了你为什么要做“网学车”吗？这个很关键，也是决定你能否走下去、走多远的关键因素。\n \n网学车是一个社会属性特别强的创业项目，如果一个网学车的创业者创建网学车平台是为了赚大钱，实现人生飞黄腾达，那么几乎没有希望可以在这个行当继续走下去，或者说没有持续性。创业需要组织、组织需要愿景，是需要“梦想、理想和思想”支撑的，没有这些的创业者，都是乌合之众，凑拢班子。随着全球经济持续低迷，在经济形势呈下滑趋势的大环境里，补贴经济、免费经济已经不合时宜，现在还在提免费学车，“0元学车”简直就是鬼话。其实，现在的用户是很聪明的，把用户当傻子的创业者自己才是最大的傻瓜，他们至始至终从思想到行为全是骗局，这也是第一批要死掉或者被淘汰出局的伪“网学车”创业者。“0元学车”的推动者都是一帮子没有钱、没有道德底线和职业水准又做着白日梦的人，他们所谓的商业逻辑就是“空手套白狼”，他们自己推理都不通的商业逻辑就开始大肆宣扬他们所谓的商业模式如何如何的好，纯属扯淡。创业项目，只有商业逻辑对了，才有可能成功。\n \n2、“网学车”要解决的问题在哪里？\n \n网学车是先解决痛点才有爽点的一个创业项目，或者说利用互联网打通传统产业与网络平台之间的“利益链条”才是一个网学车的第一步，也就是你利用互联网惠及的利益群体越多你才会有更高的爽点，我们现在说的爽点不是狭隘的理解为一个APP使用的舒服度而是分享。驾校、教练员、学员乃至政府管理部门对其的管理都是利益攸关不可分割的重要组成部分，说大了还有相关的产业链条如何通过“网学车”平台获取商业价值和社会价值。\n \n“网学车”解决的不仅仅是驾校招生，学员学车的问题，更不是免费经济。羊毛出在猪身上，狗买单的商业逻辑本身就是伪命题，羊毛还是出在羊身上，只不过通过“网学车”可以更高效、更便利更符合现在人们生存习惯而已，再深入的讲，网学车可以更有效的资源匹配，疏通好、管理好驾考、驾培中间的各个环节，所以说没有足够的格局和高度以及社会责任感，一切网学车都是纸老虎，不堪一击，没有未来。\n \n3、骗局到真相只有一步之遥\n \n现在的人是很现实的也是很聪明的，难免会有喜欢占小便宜的一小撮人相信了所谓的“0元学车”、免费学车，到头来发现不是他们理解的那种免费，感觉自己上当受骗了，他们的这种经历那是会影响很多周边人群的，也直接导致利用“0元学车”的驾校丧失了品牌价值，被归纳到“骗子”行列，这种负面的口口相传，能量远远的大于新闻媒体的报道。暂且不说“0元学车”推动者们的动机，就其商业逻辑就是走不通的。他们的逻辑思维就是你没有钱又想学车，我们来帮你办理信贷，然后你自己分期去还款，姑且不说银行有多好骗，就学员整个学车下来支付的银行或信贷机构的利息就是一笔很大的费用，一个驾照学下来，算一下，比传统的学车费用多支付了许多，成本远远大于传统学车的成本，接下来还会有人相信吗？还会有人用吗？再接下来还会有人被骗吗？这些人的逻辑思维还有所谓的“互联网生态圈”，学车、买车、购车、保险、购物、车生活，这些利益链条真的就是如此的好关联吗？试想，B-A-T整合起来都很费劲的事情，他们可以做的到吗？\n \n因此来说，网学车很快就会走出“骗局”回归到网学车本质上来，如今的“网学车”从骗局到真相只有一步之遥的距离。', 0, 2, 1475222095, 0, 0, 0, '325932339836710 3957523616 3049530456 2281036828', 20, 0, NULL, 0),
(28, 1, '解读交通运输部 公安部发布《机动车驾驶培训教学与考试大纲》的内容', '\n为了加强机动车驾驶培训管理工作，规范驾驶培训教学行为，提高驾驶培训质量，制定本大纲。\n一、制定依据\n根据《中华人民共和国道路交通安全法》及实施条例、《中华人民共和国道路运输条例》、《机动车驾驶员培训管理规定》、《机动车驾驶证申领和使用规定》等有关规定制定本大纲，主要包括：机动车驾驶培训教学大纲和驾驶培训教学日志。\n二、学时安排\n1.机动车驾驶培训教学的学时安排见下表：\n2.本大纲的学时为各车型基本学时要求。\n3.增加考试内容和项目的，须相应增加学时。\n4.每个学员课堂学习时间每天不得超过4学时，实际操作学习时间每天不得超过4学时。\n三、教学要求\n1.本大纲分为“道路交通安全法律、法规和相关知识”、“基础和场地驾驶”、“道路驾驶”和“安全文明驾驶常识”四部分内容。每部分内容培训结束后，应对学员的学习进行考核。“基础和场地驾驶”、“道路驾驶”两部分考核不合格的，由考核员提出增加复训的内容和学时建议。鼓励机动车驾驶员培训机构（以下简称驾培机构）聘用二级及以上教练员担任考核员。\n2.“道路交通安全法律、法规和相关知识”和“安全文明驾驶常识”教学可采取多媒体教学、远程网络教学、交通安全体验等多种方式，倡导课堂教学与远程网络教学相结合。课堂教学不得低于6学时，其中，“道路交通安全法律、法规和相关知识”不得低于4学时，“安全文明驾驶常识”不得低于2学时。\n3.“基础和场地驾驶”中“操纵装置的规范操作”和“起步前车辆检查与调整”教学内容，应采用驾驶模拟设备教学；“道路驾驶”中“恶劣条件下的驾驶”、“山区道路驾驶”、“高速公路驾驶”等内容，可采用驾驶模拟设备教学。模拟教学学时为4学时。\n4.“安全文明驾驶常识”教学应与“道路驾驶”教学交叉融合；“基础和场地驾驶”与“道路驾驶”可交叉训练。\n四、其他\n1.驾培机构应根据本大纲制定教学计划，倡导根据学员特点进行差异化教学。\n2.轮式自行机械车（M）、无轨电车（N）、有轨电车（P）三种准驾车型的培训教学大纲，由各省根据需要和地方特点自行制定，并报交通运输部备案。\n3.各省应当根据实际对各准驾车型培训里程做出相关要求，但最低不得少于300公里。\n4.大型客货车驾驶员职业教育，参考本大纲，按有关规定另行制订人才培养方案。\n五、培训教学大纲（培训教学大纲具体内容）\n \n机动车驾驶人考试大纲\n为规范机动车驾驶人考试工作，明确考试内容，提高考试科学水平，制定本大纲。\n一、制定依据\n根据《中华人民共和国道路交通安全法》及其实施条例、《中华人民共和国刑法》、《机动车驾驶证申领和使用规定》、《机动车登记规定》、《道路交通安全违法行为处理程序规定》、《道路交通事故处理程序规定》等有关规定制定。\n二、考试目标\n根据规定，符合国务院公安部门规定的驾驶许可条件的人员，可申请参加机动车驾驶人考试。机动车驾驶人考试执行全国统一的考试内容和合格标准，考核应考人员是否了解和掌握道路交通安全法律法规知识、安全文明驾驶常识和驾驶技能，是否具备驾驶安全意识。对通过考试的人员，公安机关交通管理部门核发机动车驾驶证。\n三、考试内容\n1.本大纲分为“科目一  道路交通安全法律、法规和相关知识考试”、“科目二  场地驾驶技能考试”、“科目三  道路驾驶考试”和“科目三  安全文明驾驶常识考试”四部分内容。\n2.“科目一  道路交通安全法律、法规和相关知识考试”内容包括驾驶证和机动车管理规定、道路通行条件及通行规定、道路交通安全违法行为及处罚、道路交通事故处理相关规定、机动车基础知识等六部分内容。\n3.“科目二  场地驾驶技能考试”内容和“科目三  道路驾驶技能考试”内容按照《机动车驾驶证申领和使用规定》中关于不同准驾车型规定的相应考试项目进行设置。\n4.“科目三  安全文明驾驶常识考试”内容包括安全行车常识、文明行车常识、道路交通信号在交通场景中的综合应用、恶劣气象和复杂道路条件下安全驾驶知识、紧急情况下避险常识、典型事故案例分析、交通事故处置及常见危险化学品处置常识等八部分内容。\n四、考试要求\n1.对考试内容的考核要求按照由低到高分为三个层次，分别是“了解”、“熟知”和“掌握”，高一层次的考试要求包括低一层次的考试要求。\n——了解，要求应考人员清楚考点的概念、作用，能够在简单交通环境中进行识别和应用。\n——熟知，要求应考人员全面了解考点知识，能够理解知识要点内涵，清楚操作要领，并能够分析、解释原因。\n——掌握，要求应考人员能够深入理解考点知识、技能及有关原理，能够在复杂交通环境中综合运用相关知识，熟练驾驶车辆。\n2.考试大纲科目一考试和科目三安全文明驾驶常识考试的考试要点分为通用考试要点和专用考试要点。通用考试要点适用于所有准驾车型考试。专用考试要点适用于大型客车、牵引车、城市公交车、中型客车、大型货车准驾车型考试，大纲考试要点中带有“※”符号的为专用考试要点。\n3.轮式自行机械车（M）、无轨电车（N）、有轨电车（P）三种准驾车型的考试大纲，由各省级公安机关交通管理部门根据需要和地方特点自行制定，并报公安部备案。\n五、考试要点（考试要点具体内容）\n ', 0, 1, 1475222137, 0, 0, 0, '3529935835 2013236890 368163675537096 208442343337096 2145724067 264262116036710 39550395422252135757 2594523398 32771357972282332434 2086923481', 20, 0, NULL, 0),
(29, 1, '黑驾校:科目二还没考却被告知以后别来练了', '\n记者 张全录 实习生 黄诗慧 李铭洋\n \n科目二还没考，市民肖先生前天晚上就接到交发驾校青山一分校教练的消息：“明天带你看完场地，我就不管你了。”肖先生诧异地追问，教练回答：总校把分校“甩”了，分校只好把大家“甩”了。而要退钱，似乎也不可能。像肖先生这样的学员，还有一两百人之多。\n \n一两百驾校学员被“甩”\n \n肖先生说，他花了3200元在交发驾校设在青山生态停车场的点报了名。22日，他就要参加科目二考试了，20日晚上，他的教练给他打电话说，明天带他们去谌家矶看考场，看完考场，22日考完试，就各自想办法吧。因为，交发总校把青山这个分校“甩”了。\n \n武汉晚报记者联系了青山的这处分校的一名负责人。肖先生的钱，就是交给了他。\n \n该负责人说，他只是交发驾校总校下面的一个加盟分校。所谓加盟，就是总校给予招生权、场地优惠使用权，教练车由分校自己出。2014年，他买了20辆车加盟成立了这个分校，和交发驾校总校签了为期5年的合同。\n \n“现在才两年，他们（总校）就把我们甩了。我们确实收了学员们的钱，但这钱，除了培训费外，都交给了总校。”这名负责人愤愤不平地说，“我建议学员去投诉总校，找运管或车管，或是市长热线都可以。”\n \n分校总校相争学员受害\n \n总校“甩”了分校，直接的影响就是，总校不再为分校提供优惠的场地了。\n \n昨天上午，位于青山区冶金大道生态停车场的分校练车场地，只有零星几个学员在练车。场地一名管理人员说，这里曾是交发驾校练车的场地，8月15日到期，交发驾校没有再续租，所以，学员就不能再在这里练车了。现在，这些在训练的学员是跟他们私下商量，自掏腰包，再接着练几天。\n \n生态停车场一名负责人也证实，他们和交发驾校确实有5年的租赁合同。不过，8月15日，两年时间到期后，交发驾校没有继续付款租赁场地，所以场地就要被收回了。\n \n这处分校的负责人说，“没了场地，我们想继续教学员练车也没了地方，所以，我们也很无奈。受影响的学员大约有200多人。”\n \n对于总校撂担子不管的说法，交发驾校总校一名负责人联系记者表示，他们这几年一直在亏，承租场地后，根据分校业绩情况，第一年免费给分校使用，第二年，按照每个桩位每年1.8万元的优惠价格给分校有偿使用。\n \n现在总校不想继续租了，分校需要自己找训练场地，天下没有永远免费的午餐。分校不去租赁场地，导致学员无场地练习，分校的责任更大。不过，这名负责人同时也承认，学员是交发的学员，没场地，学员的训练就没有保障，就成为受害者，所以，他们有责任去帮学员协调解决这一问题。\n谁为“甩”学员行为负责？\n \n湖北尊而光律师事务所李澍青律师认为，分校或加盟学校，与总校有合作协议，用的是总校名义招生，总校也认同并给予分校使用这种名义，那么总校就有责任为学员负责。\n \n学员要维护自己的权益，首先可以通过分校与总校沟通。如果沟通无果，可以向相关主管部门投诉总校和分校。当然也可以通过法律途径，向法院起诉总校及加盟分校。分校若认为总校有违约行为，一样可以通过法律途径解决。\n \n昨天下午，记者向交发驾校上级主管部门武汉市交委作了反映，工作人员表示将在22日核实相关情况后，督促驾校依照合同给予受影响学员一个合理的解决方案。 ', 0, 1, 1475222174, 0, 0, 0, '3955026657 3118530446 3682427809 2136434987 2157830693 2019721518', 20, 0, NULL, 0);
INSERT INTO `xh_article` (`id`, `uid`, `title`, `message`, `comments`, `views`, `add_time`, `has_attach`, `lock`, `votes`, `title_fulltext`, `category_id`, `is_recommend`, `chapter_id`, `sort`) VALUES
(30, 1, '人工智能：不宜期望过高与“智能”两个概念', '在8月20日召开的“人工智能与智慧家庭”圆桌论坛上，来自研究院所、中外企业和高校的嘉宾围绕人工智能在智慧家庭的落地展开探讨。 \n“不要对当前的人工智能期待值过高”成为嘉宾们普遍共识，大家认为，应从用户需求出发，采取单点突破的方式，把技术转化为产品，解决消费者在某些领域、某个方面的刚性需求。\n \n厘清：人工智能是服务于人而非战胜人\n \n人工智能历经三起两落，起落背后离不开技术的驱动。如果抛开技术不谈，人类痴迷于人工智能的诉求到底是什么呢？\n \n在某些方面，人工智能水平的确能够超越人类，但至于人类有没有必要造出一个比自己还聪明的机器来，中科院计算所教授张云泉说“这个倒不一定”，他认为，类似小冰这样的机器人，能够满足人的某种需求就可以了。\n \n作为小冰项目运营总监的徐元春也认可这种说法。“人工智能被创造出来的目的不是为了打败人类，而是为了让人类生活得更好。”他说，人类社会一直在进化，最有效、最传统、最核心的方式还是对话，小冰在研发和实践中坚持的核心就是对话即平台。\n \n在英特尔中国研究院新技术中心经理张红看来，人工智能对于企业来说就是一个工具。这个工具能够提高你的生产效率，能够帮助你解决问题，由此解决你更多用户面临的问题。\n \n提醒：不要对人工智能抱以太高期待\n \n随着大数据、深度学习技术的出现，人工智能迎来了又一次发展高潮。不过它会和前几次一样，再度偃旗息鼓吗？在专家看来，目前大家对人工智能的期望值过高。\n \n机器人真的能代替人做决策吗？“我觉得这个时代还没有到来。”IBM中国研究院认知交互技术总监秦勇说，今天的人工智能更多是在扮演一个提供帮助、提供建议的角色，未来真的要让机器人在智慧家居或驾驶场景做决策，需要解决很多技术难题。\n \n中科院自动化所研究员黄向生介绍说，大家都希望人形机器人可以代替人类做更多工作，但人工智能其实包括智能和机器人两大块，前者做好容易，但机器人本体要想达到用户的期待值却非常非常困难。\n \n驭驾科技CEO吴甘沙表示，家庭人工智能真正的强需是帮助做家务，这些都需要灵巧控制，目前机器人差得很远，几十万美金的机器人只能做很简单的事情，未来也许随着3D打印和人工肌肉技术的进步可以解决，但需要一定时间。\n \n“要想一步到位走得很远，很高，还需要很长时间。”北京航空航天大学机器人研究所研究员陶永认为，就硬件来说，应避免一些太高大上、太空的东西，还是要把小的、成熟的技术往前推一小步，应用到产品中去，哪怕只是提升一小点功能。\n \n区分：智能和人工智能是两个概念\n \n过去的智能化，与今天人人在谈的人工智能，两者之间是什么关系？在业内人士看来，这是两个概念，却常被混为一谈。\n \n有些做智能化的摇身一变也改叫人工智能了，但海尔人工智能总监、机器人团队负责人李宏言却认为，人工智能需要很多启发式的算法，需要有数据的支持以及训练模型，传统家电加上WIFI、有个APP控制实现联动只能叫智能家电，远远没有达到人工智能的层面。\n \n对此，长虹技术中心副总经理展华益深有感触。他表示，长虹最早对智能的理解是装上安卓系统、加载大量应用，但在人工智能出现以后，长虹意识到当时对智能的理解并不是现在所说的人工智能。他说，“‘懂你’是人工智能最关键的地方，有思考、决策、推理的能力。”\n \n不过在路波机器人CEO颜其锋看来，当前的机器人还是有其局限性的，其实只是人工+智能。\n \n出路：从需求出发 为用户创造服务价值\n \n无论是智能硬件还是人工智能，从现实需求出发，解决用户的消费痛点才是唯一出路。\n \n中国家用电器研究院院长助理、智慧家庭研究中心主任梅晓春认为，企业既要有大的体系思维和规划，但更重要的是从消费端的刚性需求、满足某一个核心需求点出发，而不是从设计入手，这样对于促进行业发展和规模形成才有推动意义。\n \n对于人工智能的价值认知，TCL工业研究院北京创新中心总监刘靓认为有两点： 一是人工智能应用到智慧家庭中本质上要解决家庭的一些问题，真正为家庭带来增值。二是人工智能技术一定是围绕着人的需求不断发展，人的需求会随着社会的发展水平不断升级，人工智能技术的发展必须紧跟社会发展步伐体现相应价值。\n \n陶永表示，未来五到十年，教育娱乐、音视频通话、短途代步等服务机器人将走进普通家庭，医疗机器人、智能健康服务、智能救援机器人等应对老龄化社会的服务型机器人将成为热点。\n \n(来源:新华网)\n \n(责编：赵英梓、林露)\n ', 0, 1, 1475222204, 0, 0, 0, '20154240372623433021 1998123452 2639926395 3680739640 2623433021 2000420010 2701024565', 20, 0, NULL, 0),
(31, 1, '国华网：中安在线报道嘻哈学车颠覆传统的驾考驾培模式 拥抱互联网改变学车领证习惯', '[attach]56[/attach][attach]57[/attach]\n       互联网让未来已经到来，嘻哈学车颠覆了传统的驾考驾培行业改变了人们的学车领证习惯！国家机关发声，公安部：构建互联网交通安全综合服务管理平台，提供10大类130多项在线服务 2016年底完成全国推广应用，再次向人们宣传，向企业宣告互联网时代已经到来。\n       作为全国驾考、驾培企业在全国率先使用北斗卫星高精度GNSS用于机动车驾驶人科目考试系统作为主要评判技术的高新技术企业：安徽国华光电技术有限公司推出的互联网智能学车系统，是顺应时代潮流，通过互联网平台更好服务人民群众的一款以移动互联网为主导的手机APP系统学车软件。在“嘻哈学车时代”，学车的人们享受的不单单是“省钱、方便”，更多的是享受着嘻哈学车理念带来的“尊严”，以往考试难，学车累的时代一去不复返了。对于传统意义上的驾校来说，嘻哈学车是助力驾培企业发展的新引擎，新手段。互联网时代革的是固守传统模式驾校的“命”，绝非是革的拥抱互联网驾校的命。\n       互联网时代颠覆了传统行业的一切，也改变了人们生活的方方面面。以往，我们学车需要去驾校报名，驾校安排教练员、教学车辆，现在不是，只要我们拿起我们的智能手机，你运用网上智能学车软件，你就可以轻轻松松的报名，你再点击预约学车，你就可以快快乐乐的找到你满意的教练和就近的驾培基地。通俗的说，现在是我们学车人，选教练选车辆，掌握了选择的自主权。\n       对于驾校来说，刚开始拥抱互联网的“阵痛”是在所难免的，因为互联网改变了我们以往的工作方式，工作状态。我们试曾想过，现在我们不去革自己的命，时代的潮流一定会淹没我们，摧毁我们的“固守”！只有我们改变了，我们才可以适应这个时代，适应我们的社会，更加好的去服务学员，服务我们的社会。自己进步了，带来的不是一点点收入的改善，还有社会的文明，民族的进步。\n新闻链接：http://finance.anhuinews.com/system/2015/07/23/006886533.shtml\n ', 0, 2, 1475222205, 1, 0, 0, '2226921326 2001323433 2231232447 2525336947 2207521704 2339836710 3907235206 2025632479 3955032771 3955022521 2716924335 2531725265 201143285232593 2591321464 3904635777 2006424815', 19, 0, NULL, 0),
(32, 1, '科技部：“十三五”力推新能源汽车技术创新', '21日，以“安全保障 创新引领”为主题的中国电动汽车百人会夏季论坛召开。科技部副部长阴和俊透露，科技部在“十三五”期间将大力推进新能源汽车技术创新发展，目标是到2020年建立完善的电动汽车动力系统科技体系和产业链，为我国新能源汽车产业发展提供更有力的科技支撑。 \n作为低碳化、信息化和智能化的最佳平台，新能源汽车正成为新一轮科技革命的重要载体。阴和俊表示，目前我国新能源汽车技术研发和产业化取得重大进展，技术创新获得显著进步，产业化进程处于引领地位。具体表现在增程技术取得重要进展，关键零部件技术获较大突破。同时，公共技术平台初步建成，建立起较完善的新能源汽车标准体系，基本能满足技术研发及产业化需求。\n \n2016年1—6月，全国新能源汽车累计产销量均超过17万辆，较2015年同期大幅提高。然而，在新能源汽车示范推广应用过程中，暴露出充电基础设施建设不足、车辆安全隐患增加等问题。\n \n“其中安全问题亟须解决。特别是近一年来，电动汽车安全事故呈现上升趋势，除少部分低水平的新能源汽车产品进入市场的原因外，也有因自身安全防护性不足、充电和运营监控防护不够等导致的安全事故。”阴和俊说，新能源汽车安全是一项系统工程，需整车与动力电池以及基础设施各方面共同努力，加强整个系统工程技术的完善与提升，建立有效的运营安全及充电监控保障体系。\n \n阴和俊介绍，从2015年下半年起，科技部联合财政部、工信部等组织实施“十三五”国家重点研发计划新能源汽车试点专项，从基础科学问题、共性核心关键、动力系统技术、集成开发与示范四个层次，重点对动力电池与电池的管理系统、电机驱动与电力电池总成、电动汽车智能化、燃料电池动力系统、插电增程式混合动力系统、纯电动系统六个方向进行研发部署，以完善我国新能源汽车研发体系，升级新能源汽车技术平台。（刘垠）\n \n ', 0, 1, 1475222248, 0, 0, 0, '311852521637096 213131997720116 2114725512 260323302128304 2777336710 25216264152101926032', 20, 0, NULL, 0),
(33, 1, '张全雷在青年创业者创业科技人员代表座谈会发言！', '尊敬的国务院督查组领导、各位小伙伴们：     \n      上午好！今天能够代表青年创业者在这里交流发言，我深感荣幸，也倍感压力。安徽国华光电技术有限公司以及安徽嘻哈网络技术有限公司在各级党委、政府的正确领导下，在各级团委的关心支持下，近年来发展迅速，除了我们自身的努力，更得益于政府扶持与帮助。   \n     自放管服实施以来，政府不仅门好进、脸好看了，对我们企业的发展更关心、更热情了。各种创业扶持政策陆续出台，青年创业环境持续优化，创业者迎来了新的发展机遇，本公司也在近年来走上快速发展的道路。 \n[attach]54[/attach]\n[attach]55[/attach]\n国务院督查组第十三组组长及国务院参事主持会议   \n \n      安徽国华光电技术有限公司、安徽嘻哈网络技术有限公司（以下简称：国华光电、嘻哈网络）成立于2014年5月27日，坐落在国家科技创新示范市--安徽省合肥市，现拥有员工116名。国华光电是一家从事智能交通行业的高新技术企业，公司依靠创意设计及自主创新，获得了一大批智能交通领域知识产权，涵盖驾考行业硬件产品，软件产品及系统解决方案。国华光电自成立以来，产品不断升级，客户口碑越来越好,每年业绩递增。现在产品遍及广东、广西、深圳、湖南、安徽、江苏、河南、山西、陕西、辽宁、新疆、内蒙古等地。市场的迅速扩张离不开政府的“简政放权、放管结合、优化服务”政策，各地社会化考场逐步放开，行政审批的减少对机动车驾驶人考场的申请和落地都起到了积极的推动作用。国华光电在如此良好的政策环境下，拓展了市场，企业实力快速积累。\n[attach]58[/attach]\n国华光电、嘻哈网络董事长张全雷代表发言  \n\n      当2015年中央政府再次提出：“大众创业，万众创新”的时候，公司根据中央政府制定“互联网+”行动计划，秉承“创新迎势赢天下”的企业文化，在政府的良好政策环境下，成立了安徽嘻哈网络技术有限公司。基于国华光电传统产业--服务于驾校的一些软硬件，结合互联网+研发出了两款产品，网学车-“嘻哈学车”APP和“学车电子教练”。这两款产品紧密结合“互联网+驾校+学员”，使互联网思维与驾培行业相结合，实现了考取驾驶证学员线上线下的互动学习，提高了学员参加驾校培训的效率与效果，降低了驾校的经营成本与新手上路的社会风险，也使公司产品线更加完善，涵盖整个驾考驾培领域，广受社会各界好评。公司一跃成为该领域的明星企业。目前我们正在受公安部委托起草机器人教练的行业标准。\n[attach]59[/attach]\n[attach]60[/attach]\n   \n      在嘻哈网络审批上，较以往特别是营业执照、组织机构代码及税务登记三证合一的实施以来方便、快捷了许多，为我们初创企业融资、融智提供了便捷通道；在政府创新孵化器的培育下，小额信贷和融资得到了根本的改善。相对于从事传统行业的国华光电而言，嘻哈网络从事的互联网+产业，从业人员薪酬相对较高，人力资源成本居高不下；由于互联网产业是一个投入大、收益周期长的创投项目，需要长期大量的资金投入。现阶段，嘻哈网络需要大量的资金和资源整合、结合起来用于产品的推广和应用。随着全球经济持续低迷，民间资本投资在今年以来明显热度有所下降，现互联网相关行业在融资中面临着更多的困难。风投更青睐成熟稳定的产品和公司，小微企业需要用更高的成本获得融资，这些都不利于企业长远发展。   \n       针对于投融资问题，也是小微创新型企业迫切需要解决的核心要素问题，我们建议：一是建立更为科学合理的企业信用等级评定标准，降低企业贷款门槛，引导商业银行对中小企业进行信贷扶植；二是搭建更加规范活跃的投融资平台，拓宽融资渠道，引导创业投资、风险投资等、民间资本等支持培育中小企业发展；三是可以引进政府类相关资金和政策，予以扶持和鼓励，以政府层面推动、建立股权融投资退出机制，信用监管体系从体制上保证小微创新公司的健康持续发展。    \n   “雄关漫道真如铁，而今迈步从头越”，国华光电（嘻哈网络）的生存发展离不开各位领导的关心支持。在经济增速放缓的新常态下，我们深感压力重大，但也坚信，挑战与机遇并存，只要紧扣“创新”这一发展思路，不畏艰辛、直面挑战、抢抓机遇，国华光电（嘻哈网络）必将迎来快速发展的新时期。\n ', 0, 1, 1475222304, 1, 0, 0, '243522084038647 3873824180 210191999432773 2101919994 31185252162015421592 2019534920 242313584820250 2145735328', 20, 0, NULL, 0),
(36, 1, '创新盛果期折射科技强国光明前景', '\n当前，全球创新版图正在加速重构，科技创新已经成为各国实现经济再平衡、打造国家竞争新优势的核心。在诸多前沿基础研究领域，我国正在追赶和接近世界先进水平，有的已经渐居领先地位。唯有看得更远、更广，全面增强自主创新能力，唯有超前规划、提前落子，拿出定力和耐力播下火种、扎实耕耘，才能掌握下一轮全球科技竞争的战略主动。\n \n连日来，中国科技创新喜报频传。8月15日，2016年全球创新指数发布，中国首次跻身世界前25强，并在高科技出口比例、知识型员工等10项指标中拔得头筹；8月16日，我国成功发射世界首颗量子科学实验卫星“墨子”，在量子通信领域成功“弯道超车”，一举走在了欧美前头。\n \n中国逐渐迎来创新成果收获期，也在进入科技创新的黄金发展期。盘点近几年的成绩单，这是人们的普遍感受。“长征七号”运载火箭完成首飞，“蛟龙”号深潜7000米，“可上九天揽月，可下五洋捉鳖”的豪情正在化为现实；继C919下线和运20列装后，AG-600总装下线，“国之重器”接踵登场；中国“天眼”FAST主体工程完工，“墨子”号量子卫星升空……我们取得了一系列重大基础性前沿成就，建设了一批重大科技基础设施，突破了一大批核心关键技术，“深空、深海、深地、深蓝”全面发力。\n \n“为什么像伽利略、托里拆利、斯蒂文、牛顿这样的伟大人物都是欧洲人，而不是中国人或印度人呢？为什么近代科学和科学革命只产生在欧洲呢？”“为什么我们的学校总是培养不出杰出的人才？”今天，我们的科研人员正在用实实在在的成果，回答着曾困扰国人许久的“李约瑟之问”和“钱学森之问”。\n \n收获源于耕耘，厚积才能薄发。我们从一个一穷二白、百废待举的科技弱国成长为具有重要影响力的科技大国，科技创新从跟踪为主转向领跑、并跑、跟跑并存的新阶段，实乃得益于多年来的投入。而在这背后，更有一批科学人员几十年如一日地刻苦钻研。挽救上百个国家数百万人生命的抗疟疾药物青蒿素，是屠呦呦历经190次失败取得的结晶；反导中段试验技术走向新高度，是陈德明团队在大漠潜心研究26年的心血……步步为营、久久为功，我们终于等到了瓜熟蒂落。\n \n科学技术是第一生产力，创新位列五大发展理念之首。着眼未来，我们还需以更扎实的创新继续回答好那两个问题。身处后危机时代，各国都在为产业革命的到来摩拳擦掌，全球创新版图正在加速重构，科技创新已经成为实现经济再平衡、打造国家竞争新优势的核心。而反观国内，推进供给侧结构性改革迫在眉睫，人口结构深刻变化，环境压力日渐加大，消除贫困、优化民生等等刻不容缓，从经济发展、社会建设到生态文明、国家安全，桩桩件件都需要我们在创新上苦练内功，让创新驱动的引擎全速转起来。\n \n在今年的科技创新大会上，任正非称华为“正在逐步攻入无人区，处在无人领航、无既定规则、无人跟随的困境”，“已感到前途茫茫，找不到方向”。某种程度上说，这也是当下中国科技创新在一些领域的缩影。在诸多前沿基础研究领域，我国正在追赶和接近世界先进水平，有的已经渐居领先地位。唯有看得更远、更广，全面增强自主创新能力，才能不断推动科技创新从量的积累走向质的飞跃、从点的突破走向面的提升。唯有超前规划、提前落子，拿出定力和耐力播下火种、扎实耕耘，才能掌握下一轮全球科技竞争的战略主动。日前，《“十三五”国家科技创新规划》面向2030年深度布局，一系列重大项目与国家科技重大专项远近结合、梯次接续，出发点便在此。\n \n作为全国科技创新中心，首都北京有自己的独特优势和使命。一方面，京畿大地集聚了大量优质创新资源，科技与社会发展指数位列全国榜首，“独角兽”企业数量位居全球第二；另一方面，北京要落实好中央提出的要求、给出的定位，服务好创新型国家建设大局，责任很大、任务很重。正因此，在收获着前人辛劳的成果时，北京更有必要盘活资源，做好规划，从实践和理念上把创新放在优先位置。如此，才可算真正当好了科技创新排头兵。\n \n日日行，不怕千万里；常常做，不怕千万事。这是个笨办法，也是个好办法。延续前人的优良作风，汲取历史的有益经验，谨记科技创新的紧迫使命，我们终将收获累累硕果，早日成为世界科技强国。\n ', 0, 1, 1475222392, 0, 0, 0, '2101926032 304272652426399 2524023556 3118525216 2437822269 2080926126 2106926223', 20, 0, NULL, 0),
(34, 1, '沪苏浙皖30城共谋“互联网+”发展：抱团实施四大重点行动(图)', '“互联网+”风生水起，作为中国经济“领头雁”的长三角地区如何在这方面继续成为“中国模范生”？3月25日，长三角城市经济协调会第16次市长联席会议在浙江金华市召开，30个成员城市围绕互联网＋’长三角城市合作与发展”主题，展开一年一度的“头脑风暴”。\n\n  \n根据此次会议达成的《“互联网+”长三角城市合作与发展共同宣言》，长三角城市将在“互联网+”上协同发展，在区域内形成“互联网+”新经济形态，使“互联网+”成为长三角地区经济社会创新发展的重要驱动力。\n \n成立于1996年的长三角城市经济协调会是长三角地区唯一的区域合作组织。20年来，该协调会经数次扩容，目前成员城市已有30个，覆盖沪苏浙全部25市和安徽东部的合肥、马鞍山、芜湖、滁州、淮南5市；其中，上海为常任主席方，每年成员城市轮值任执行主席。2017年的市长联席会议将在江苏淮安举行。\n \n携手开展四大重点行动\n \n作为此次长三角“市长峰会”的重要成果，《“互联网+”长三角城市合作与发展共同宣言》首先明确了长三角“互联网+”协同发展的路径与目标。\n \n在路径方面，长三角城市将以创新、开放和包容的“互联网+”思维改革创新，打造区域内“互联网+”产业融合新模式和“大众创业、万众创新”的生态环境，实现长三角区域经济提质增效和转型升级，形成对全国的产业辐射带动能力。\n \n其目标是，力争到2018年，基本实现互联网与区域内经济社会各领域深度融合，基本形成有利于互联网创新的宽松制度环境；力争到2025年，各城市网络化、服务化、协同化的“互联网+”产业生态体系基本完善，区域内“互联网+”新经济形态初步形成。\n \n围绕上述路径与目标，长三角城市将携手在4个方面开展重点行动，分别是“互联网+”基础设施建设、“互联网+”产业园区合作、“互联网+”城市间专题合作项目和“互联网+”一体化公共服务保障。\n \n其中，在基础设施方面，将推进互联网在长三角各城市运行和管理中的应用，加强城市间公共安全、排水防涝、消防、交通、污水和垃圾处理等基础设施的数字化、互联网化改造，提高互联互通和应急处置能力。在产业园区合作上，将共享园区发展信息，交流园区智能化管理经验，发布园区合作指数，形成优势互补、协作配套、共同发展的产业布局。在一体化公共服务保障上，将充分发挥互联网的高效、便捷优势，推行长三角区域内通信资费、医保结算等互联网应用。\n \n根据《宣言》，长三角城市还将在打造“互联网+”运营环境上展开合作，具体举措包括：加强扶持政策制订环节的对接，合力打造长三角工业云制造资源共享平台、产业电商平台，为长三角互联网产业融合创新提供基础支撑；探索建立长三角互联网+传统产业、大数据应用等联盟组织，为区域内互联网创业企业提供政策、资金、场地、人才等方面的综合服务，促进长三角互联网产业基地和集聚区的形成。\n \n启动“协同发展促进幸福度提升”课题研究\n \n在此次会议上，与会市长还共同签署了《长江三角洲地区城市合作（金华）协议》。根据该协议，2016年，长三角将成立青年创新创业联盟和新能源汽车联盟，并围绕城市群合作的重点领域，在6个方面启动课题研究。\n \n长三角青年创新创业联盟的主要任务是，为长三角青年创业者和企业家提供基础的融资、基金支持申报、法律、财税等服务，推进创业项目的产业化和金融化，并为创业者与投资机构间创造接洽机会，提供大型央企、国企等企业与创业产品的转化对接服务。长三角新能源汽车联盟则致力于促进沪苏浙皖3省1市实施充电基础设施互联互通共享，建设绿色高效交通网络体系；加强新能源汽车推广应用合作，形成长效的联动推进机制。\n \n即将付诸实施的6个课题分别为，构建长三角海洋经济合作机制研究；协同发展促进幸福度提升研究；新常态下长三角中小港口港产城联动发展路径研究；长三角城市优化创业创新环境对策研究；“一带一路”背景下的长三角物流品牌建设；长三角城市金融改革路径探索等。\n \n合作协议显示，“长三角城市优化创业创新环境对策研究”课题将通过对长三角城市创业创新环境现状及存在问题的梳理与分析，提出优化创业创新环境建设的对策措施。由温州牵头的“长三角城市金融改革路径探索”课题希望通过分析长三角城市金融现状和温州金融改革经验溢出效应，发现融资保障等方面存在的问题与危机，探索长三角城市金融安全保障等问题。\n ', 0, 1, 1475222310, 0, 0, 0, '3348727993 30 2084935851 201143285232593 2145723637 2526522242 2345426045 2223522823 3732528857 3489221160', 20, 0, NULL, 0),
(35, 1, '网约车地方军挑战寡头', '网约车新政与行业巨头合并让市场变天。北京商报记者调查发现，以首汽约车为代表的网约车“国家队”正在加速拓展市场；而类似航班管家旗下自营的伙力专车等小众品牌网约车平台则加大补贴营销力度。伴随滴滴出行与优步中国的战略合并，网约车市场一家独大的局面并未形成，与之相反，从即将落地的兰州、济南等城市的网约车地方政策来看，数量、价格、监管等都可能实行全面管控，这让曾经的网约车巨头面对不小的压力，网约车市场竞争新格局或将形成。\n\n  \n小众品牌营销\n \n“接送机一口价，新用户首单仅需1元。”知名度并不高的伙力专车日前开始加码补贴营销。北京商报记者调查了解到，伙力专车为航班管家旗下自营网约车，主要从事机场、高铁站接送服务，目前已经开通50余个城市，伙力专车新用户1元体验接送机服务原计划在6月期间供用户体验，但截至昨日，北京商报记者依旧能够领取1元接送机／接送站体验券，该券最高抵扣80元（接送高铁最高抵扣50元）。昨日记者以北京商报社为起点，以首都机场3号航站楼为终点计算了解到，伙力专车的经济车型价格为一口价117元，其中包括高速费、停车费等。同样的路程，选用滴滴快车在不包含10元高速费、不动态加价的情况下需108元，易到需96元，伙力专车与上述主流网约车平台价格几乎相同。\n \n除价格上玩促销外，部分当下仍是小众品牌的网约车平台大搞事件营销。北京商报记者了解到，正在火热举行的里约奥运会上，中国游泳队员傅园慧意外走红，随后吉利汽车旗下的曹操专车推出相关视频广告，受到外界关注。据悉，曹操专车为吉利集团战略投资的互联网+新能源出行服务平台，为首个建立新能源汽车出行服务标准的网约车品牌。目前平台集合“新能源专车出行、新能源汽车分时租赁”等服务，平台没有私家车接入，目前仅开通杭州、宁波、青岛三个城市。\n \n \n“国家队”发力\n \n小众品牌网约车忙于营销、补贴用户，首汽约车、益民约车、神马专车等获得地方交通部门认可的专车“国家队”则加速全国布局。首汽约车CEO魏东日前在接受北京商报记者专访时表示，首汽约车目前已经进驻22个城市，车队规模近万辆，其中北京地区车队规模4000多辆。同样是贵阳市主管部门认可的神马专车曾被视为网约车市场的“李鬼”品牌，北京商报记者观察其App了解到，神马专车平台目前已经走出贵阳，可服务的城市包括成都、西安、咸阳等城市。\n \n北京商报记者统计发现，目前市场内已经诞生包括北京首汽约车、广州如约的士、上海的大众交通、强生出行、兰州的益民约车、贵阳神马专车、济南大众交通等近十个品牌的官方版网约车，同时，上述网约车平台也都纷纷表态走出地方发力全国市场。\n \n格局恐生变\n \n网约车合法化时，滴滴出行、优步中国、易到等平台狂欢的场景仍在，滴滴出行与优步中国战略合并引发垄断质疑至今未有结果。但各类网约车平台已闻风而动，行业竞争格局或许也将发生变化。\n \n值得关注的是，兰州市城运处日前通报网约车管理新规在兰州落地实施情况，并宣布已经制定出相关政策落地细则，其中包括网约车将进行数量控制、实施政府定价、规定经营车辆的年限、进行统一标识。消息一出引发巨大反响，不少分析人士认为，这样的管理方式是将网约车管理方式与出租车放在同样的框架内，不符合国家层面对网约车相对开放的管理思路。\n \n有意思的是，今年5月31日，由兰州国资利民资产管理有限公司、兰州交通发展建设有限责任公司、兰州三维大数据标准化研究院有限公司共同发起成立的新型网络约租车公司——“益民约车”面向兰州市场正式发车，采用“公务专车、统一新能源车辆、专业司机”的运营模式，首批投放500辆油电混合车辆。\n \n无独有偶，济南市客管中心昨日表示，未来济南网约车运价先由政府调节,然后再进行市场调节。此前更是有消息显示，未来济南网约车需要价值15万元的B级以上车型才允许加入网约车，不过该消息未能得到官方认可。\n ', 0, 1, 1475222356, 0, 0, 0, '325933242236710 223202604120891 2536125112 2352122836', 20, 0, NULL, 0),
(37, 1, '新安晚报报道嘻哈学车APP催生互联网驾校发展—引爆驾培行业新“钱”景', '发布日期：2015-9-21 [attach]61[/attach][attach]62[/attach]\n从2010年到2014年，驾驶人数量增加了1亿。驾驶人总量占全国总人口的22%，每5个人或3个适龄驾驶人中，就有一个人拥有机动车驾驶证。女性小汽车驾驶人从10年前的300万人增加到6059万人，增加19倍，而同期男性小汽车驾驶人仅增长了7.4倍。15%的大学生在校期间就取得了机动车驾驶证，还有超过50%的大学生持驾驶证毕业。近10年，51至60岁年龄段的小汽车驾驶证增长速度最快，60岁以上老年驾驶人从10万增长到393万，增长了38倍。2014年我国驾驶培训次数达到2769.90万次。驾驶培训机构达到13542家，驾驶培训机构车辆67.23万辆，预计2020年我国驾驶培训次数5726.66万次，驾驶培训机构数23342家，驾驶培训机构车辆110.83万辆。\n\n消费者可以选择不同的驾校，但是一般只能在该地区选择，一方面，驾驶培训对外地学员的收费要高，另一方面，选择外地培训的成本太高。目前，驾校市场实际上是一个相当封闭、明显“供给不足、求大于供”的市场，即“伪市场”。近年来，我国机动车驾驶人数量保持持续增长，导致车管所和驾校的服务压力激增，部分城市存在学员积压情况。截至2011年年底，合肥驾考学校积压学员多达40万。\n\n2013年初补费风波带来的是驾培行业持续一年的低迷，大量教练苦于没有生源，由于教练入行门槛低，2014年起又有大量的出租司机，外来教练，80、90后无证教练涌入这个行业，实力稍弱的老教练逐渐被淘汰，剩下的教练日子也不好过。驾培业发展的外部环境和内在条件虽然较为有利，但面临的矛盾依然不少。\n\n驾考新规相继出台，驾培行业改革提上日程，固守传统培训模式必然会使驾校的盈利之路越走越窄。积极革新经营模式，改变低效的训练模式是每个驾校都无法忽视的发展问题，智能驾培的适时出现给这些思考中的驾校带去一丝曙光。\n\n今年，李克强总理在政府工作报告中提出制定“互联网+”行动计划，将为互联网与传统行业各个领域的融合发展提供更大空间。可以展望的是，互联网时代的驾培行业，将快速走向规范化、信息化，公众足不出户就可以享受更加高效、规范的驾培服务。\n\n嘻哈学车 APP是驾培行业互联网的先行者之一。专注驾培行业多年，集驾培、驾考、陪练等学车基础服务，购车、车贷、保险等后期服务于一体，为客户提供驾培驾考一站式，多维度的全程跟踪服务。\n\n嘻哈学车APP平台收录了全国最全的驾校信息，轻轻一点，即可找到离自己最近的驾校，地图+导航，轻松找驾校。同时学车APP题库更新快，类目全，涵盖小车、客车、货车及摩托车。每日练一练，考试真轻松。不怕考题跟不上节奏!嘻哈学车APP在线预约系统，等你来约!方便快捷。买车?年审?学车APP后时代统统都可以帮你解决!嘻哈学车APP在手，驾照无忧!\n\n产品功能\n\n1.智能筛选：根据招生范围、练车时间、人气口碑自动筛选推荐合适驾校;\n\n2.智能匹配：人气最高、口碑最好、价格最低、认证推荐，为您匹配最合适的驾校;\n\n3.点评驾校：给驾校最中肯的点评，帮助其他学员找到更合适的驾校;\n\n4.驾校认领：权威驾校认领系统，尊享13项认领特权，让驾校和学员都能省心、放心;\n\n5.驾校管理：驾校信息管理，移动办公，展示驾校风采，给学员一个选择你的理由。\n\n互联网时代正在对驾驶员培训带来前所未有的冲击，深入改变着驾校学员的消费习惯和学习方式，也促使驾培机构教学模式和服务理念的全面革新。针对这些冲击，驾培行业应该使用更多的科技手段，更好的服务产品来满足学员和市场的需要。\n\n互联网学车第一品牌-嘻哈学车APP祝您学车愉快!\n\n新闻链接：http://jd.ahwang.cn/html/201509/21354404.html', 0, 2, 1475222454, 1, 0, 0, '2603223433 2620225253 2525336947 2207521704 2339836710 app 2065229983 201143285232593 3955026657 2145723637 2434129190 3955022521 3489219994', 19, 0, NULL, 0),
(38, 1, '未来驾培：是互联网➕学车还是驾校➕互联网？', '\n 摘要：什么是互联网➕，什么是➕互联网？在整个行业还没有弄清楚这些概念和商业逻辑时，互联网对驾校开炮，驾校对互联网抵制的“硝烟弥漫”笼罩着整个行业乃至整个社会。这些不成熟和消极思想无疑是驾考、驾培改革的最大系统摩擦力，也是回避不了的话题……那么驾考、驾培政策改革与互联网推动的驾培市场格局重塑之间矛盾吗？利益对抗还是利益共享，这是一个越讨论扑朔迷离的话题。  未来驾培：是互联网➕学车还是驾校➕互联网？首先我们解析一下什么是“互联网➕和➕互联网！”互联网➕是利用互联网和技术打通传统产业与市场、供应关系、金融服务、资本、人力、管理乃至相关低效资源不合理的配置和优化升级，那么什么是➕互联网呢？简单的说就是我们日常办公时使用的信息软件，我们企业建的网页、公众号、邮箱等等。未来驾培：是互联网➕学车还是驾校➕互联网？其次，互联网➕不仅仅是行业格局的重塑，利益的再分配或者什么免费经济的符号，这些互联网危机论者都是一些利益攸关者和肤浅的解析者，也是历史车轮进步的悖逆者。互联网是一个时代的音符，它的出现是人类文明的重大进步，绝非是祸害人们的洪水猛兽……至于互联网如何更好的服务行业、服务于行业经济，这需要我们共同努力推动它，研究它的规律和发掘它的价值，并不是简单的解析互联网的“属性”。  至于互联网革命于驾校还是驾校利用了互联网，这个是一个非常浅薄的话题和消极思想蔓延。那么，现在大多数驾校没有利用互联网的日子就好过了吗？我想，未必好过，利用了互联网的驾校日子就难过了吗？我想，未必难过。虚拟经济与实体经济是一种相互依存的关系，并非谁干掉了谁，谁灭了谁就可以活的更好，互联网经济最大的特质就是“分享经济”，如何分享是我们迫切需要研究的核心问题。如果我们还无法看清楚互联网或者对其很迷茫，那么有一条识别标准最简单也最有效，那就是有没有用，管不管用！ 回到互联网学车话题，仅仅一年多的时间，互联网学车在国家驾考、驾培改革的影响下，如雨后春笋在华夏大地拔地而起，其出身也五花八门，也有很多做驾校的老板投入进来，推崇所谓的“互联网驾校”，这是把前半生赚的钱用最短的时间烧完的节奏，如果说驾改、驾培改革要灭掉一些驾校才能罢休，那么，最先倒下的就是拖着重资产又盲目投资“互联网驾校”的这些哥们。驾校就是驾校，无论互联网来袭多么猛烈，驾校利用好它远比开发再利用它切合实际的多...饿肚子了，想到的不是去饭馆弄几个菜，而想养猪再吃肉，这样的思维逻辑就有问题。 互联网学车是驾培行业资源的整合绝非格局的重塑，也并非完全性质的对抗关系，而是虚拟经济与实体经济的优势互补、资源的完美匹配，互联网利用自身优势梳理、整合、优化整合闲散资源或者是说让传统驾校的资源都发挥到极致，这是它的价值所在。互联网学车也并非坊间传说的“淘宝、滴滴模式！”，不同的行业其呈现模式差别还是很大的，如何把互联网学车和互联网出行更好的融合到一起这是一件非常有价值的事情值得大伙们一起努力，互联网经济也并非免费经济，羊毛出在猪身上，狗买的单，这仅仅是一句玩笑，没有共赢就没有价值。 \n ', 0, 2, 1475222457, 0, 0, 0, '2641026469 3955022521 201143285232593 2339836710 3955026657', 20, 0, NULL, 0),
(39, 1, '电磁轨道炮：临近空间战争的杀手锏？', '\n在科幻电影《变形金刚Ⅱ》中，游弋在大洋上的美国战舰配置有一种超级武器，凭借其惊人的威力与超高的精度，在决战之关键时刻，它令金字塔顶的“狂派”机器人瞬间即灰飞烟灭，这就是美军借好莱坞影片广为宣传的神秘杀手——电磁轨道炮。\n \n美军借好莱坞影片广为宣传的神秘杀手——电磁轨道炮。\n \n美军借好莱坞影片广为宣传的神秘杀手——电磁轨道炮\n \n自1920年法国科学家维勒鲁伯提出原理设想，经20世纪80年代美国“星球大战”计划高调渲染，直到近年来美国海军频繁试验，电磁轨道炮的相关技术难题日渐被攻克，距离真正走上战场指日可待。至此，作为临近空间飞行器的未来杀手，其广阔的军事应用前景，势必将重绘未来空天一体化作战的图景。\n \n美海军首次展示电磁轨道炮原型炮\n \n在美国海军试验的新型电磁轨道炮，所产生的爆炸可以使得一大块金属在空气中的速度达到5600英里每小时（约2.5千米/秒），试验的终极目标是将电磁轨道炮制成一个可舰载的能量为20-32兆焦的武器系统，射程能够达到50-100海里，由此可见，特殊的研制机理赋予了电磁轨道炮特殊的作战威力。\n \n其一是速度快。由于电信号的响应速度接近光速，因此，电磁轨道炮的电控制与电发射技术的响应时间也就极短。弹药无需携带弹丸，质量较一般炮弹弹丸轻，从而可以获得较高的装填速度。加之与小质量弹丸配合的轨道炮本体体积小、质量轻且加速快，因此轨道加速射弹的时间极短。于是，将这种超高速武器运用到临近空间作战中，一方面，传统防御系统由于助推时间过长而不能在助推段飞行起到拦截作用，而电磁轨道炮初速快的显著特点正好化解了这一难题；另一方面，低空、近程防空可采用电磁轨道炮发射无控射弹或电热炮发射受控弹头，其速度快、质量轻的特点有助于迅速瞄准、准确跟踪移动目标。\n \n其二是隐蔽性强。利用隐形化的进攻武器对敌人的各个战略枢纽进行毁灭性打击，可诱使敌人投入巨大的防御成本，而依旧陷入极大的恐惧之中，最终对其形成有效战略威慑，全面瓦解其主导优势。对此，电磁轨道炮不携带药弹、质量轻、体积小的特点使其在发射时不产生火焰、烟雾及冲击波，因而不易被敌人发现。这种隐形性使得电磁轨道炮的军用价值更加显著，为运用其在临近空间完成预警探测、侦查监视、通信保障及电子对抗等军事任务提供了坚实基础。\n \n其三是抗电磁干扰能力强。电磁干扰，简单而言，就是在电磁环境下任何能够引起装置、设备或系统性能下降或对无生命物质产生损害作用的电磁现象。电磁干扰的原因主要有两种：一种是通过导电介质把一个电网络上的信号耦合到另一个电网络之上，通常称之为传导干扰；另一种则是干扰源通过空间把其信号耦合到另一个电网络上，通常称之为辐射干扰。如何有效提高武器装备的抗干扰性是现代战争的重要命题。而将电磁轨道炮运用到临近空间则不会遇到这样的难题，原因如下：一方面，作为高功率脉冲武器的电磁轨道炮，本身早已经受过自身系统的强电磁干扰，外来的电磁干扰相较之下则可忽略不计；另一方面，速度快、射程远的电磁轨道炮可以反过来干扰其它电磁武器，可谓不战而胜。\n \n美国海军成功试射电磁轨道炮\n ', 0, 1, 1475222508, 0, 0, 0, '3000530913 3671236947 2002036817 3135438388 2511220105 264322516338159', 20, 0, NULL, 0),
(40, 1, '“伪创新”为何会流行？', '\n被誉为“治堵神器”的“巴铁”在短短几天中就被反转，不仅被质疑缺乏科学基础、发明“不实用”，是“伪创新”，更被怀疑已经变成融资的“噱头”。这种情节让我们想起了年初因引力波而意外蹿红的“民科”郭英森，短短几周时间，这个被众多明星大V力捧的“悲情人物”，很快就被证明连基本科学基础都不具备。\n \n这不仅让我们思索，到底是什么把他们带到聚光灯下，引起了公众的亢奋？更重要的是，在大众创业、万众创新的时代背景下，真正的创新应该是什么样的呢？\n \n有人将这些“非科学”、甚至“伪科学”的流行，归结为公众科学素养不足。这很有道理，如果公众缺乏必要的科学素养和科学精神，同时被同情所谓“弱者”的“本能”卷积起来，战胜理智，就会出现盲从。\n \n笔者不禁要再次呼吁科学普及的重要性——科技创新需要科学普及夯实基础。2016年5月30日，习近平总书记在“科技三会”上发表的重要讲话，高屋建瓴地论述了科学普及与科技创新的关系：“科技创新、科学普及是实现创新发展的两翼，要把科学普及放在与科技创新同等重要的位置。没有全民科学素质普遍提高，就难以建立起宏大的高素质创新大军，难以实现科技成果快速转化。”\n \n科技创新需要想象力，但这种想象力必须建立在科学基础之上，不能违背客观规律。而夯实这种基础的最有效途径，就是加强科学技术的普及。如果科普跟不上，一些领域的创新就会乏力，就会给那些披着高科技和创新的外衣、行欺骗公众之实的“伪创新”以可乘之机。而因为缺乏科学知识，公众也容易被蒙骗。这将阻碍真正的创新，并且挫伤公众对大众创业和万众创新的热情。\n \n防止“伪创新”干扰正常的科技创新秩序，需要多管齐下。就公众而言，我们需要强化科普工作，让互联网时代的科普“触手可及”，让公众掌握科学思维和科学方法，理智地作出判断。对政府决策部门而言，应该多征求科学家的意见，在对创新项目进行支持时，建立科学评判的遴选机制，别被“伪创新”天花乱坠的前景“忽悠”着“拍脑袋”。同时，我们也应该对创新进行必要的反思：什么样的创新是我们需要的，是我们应该鼓励的，是我们应该支持的？此外，大众媒体也要承担好把关人的角色，多思多想多核实，创造良好的科学普及和科技创新的媒介环境。\n ', 0, 1, 1475222576, 0, 0, 0, '202662101926032 2796934892', 20, 0, NULL, 0),
(41, 1, '张全雷：学车机器人教练未来已经到来！', '\n 摘要：市场需求催生了嘻哈学车电子教练横空出世，人类生存习惯的改变是嘻哈学车电子教练的生存土壤，嘻哈国华团队说：“我们做这些就是为了改变这个世界，哪怕是一点点的改变......   一、”谈时代有人说这是一个互联网时代，也有人说这是一个人工智能时代，也有人说这是一个科技改变世界的时代，都没有错。我们想说，这是一个给人惊喜太多的时代，一个变幻莫测的时代也是一个只有你想不到没有人做不到的时代。互联网时代可以说是人类的第三次工业革命，与前两次不同的是这次释放的是大脑加体能，一个以互联网＋人工智能催生的“懒人经济时代”已经到来。 二、谈背景嘻哈学车电子教练是在互联网时代大背景下，国家驾考、驾培改革的东风下应运推出的互联网＋机器人的“学车工业机器人教练应用”，这是对于驾培行业的一项伟大技术变革，释放的不仅仅是驾校劳动力体能还有极速的培训效率，也是高质量、标准化、学车文明度的社会进步。 三、谈技术嘻哈学车电子教练是由嘻哈国华团队倾情打造并推向市场的“互联网＋人工智能”学车培训整体解决方案的一环，也是围绕“智慧驾考、智慧驾培”打出的线上线下第一张‘王牌’，并非原始技术的创新，而是基于成熟应用技术的系统集成，是一款基于互联网、人工智能等技术应用的技术资源整合，已是成熟的技术产品和学车电子应用。 四、谈经济嘻哈学车电子教练的设计理念是一人管理“3-5台车”，对初学人员来说，只需要熟悉驾校培训车辆基本操作即可进入“嘻哈学车电子教练”学车体验，同时是教练的好帮手，学员的好老师，驾校的好员工。大面积的应用于驾校每年可以为驾校节约70%以上的人力资源成本，省下的钱就是驾校多赚的钱。 五、谈市场嘻哈学车电子教练是为了满足年轻一代学员的心理诉求，好奇需求，体验需求，尊严需求的人工智能学车应用。是被广大学车青年热捧的驾培机器人系统创新型集成产品，也是基于互联网＋打造的懒人经济产品，同时也是驾照“自学直考”一对一服务的教练员补缺、补充利器。 \n ', 0, 0, 1475222623, 0, 0, 0, '243522084038647 2339836710 264262212020154 2594532451 2641026469 2405032463 2104026469', 20, 0, NULL, 0);
INSERT INTO `xh_article` (`id`, `uid`, `title`, `message`, `comments`, `views`, `add_time`, `has_attach`, `lock`, `votes`, `title_fulltext`, `category_id`, `is_recommend`, `chapter_id`, `sort`) VALUES
(42, 1, '学车机器人教练离我们有多远？', '\n 最近国内几个活跃的驾培行业交流微信群里，大家都在热议“机器人教练”（另称“嘻哈学车电子教练”），有厂家宣称已经研制出“机器人教练”投放市场，可以取代真人教学的大部分工作。有驾校校长热捧，也有驾校校长不屑一顾。随着驾考改革的深入，中国人口红利的释放殆尽，转型期的驾校希望通过对新科技的应用降低成本、提升效率；而全国电子化考场集中建设了几年后，产能过剩的驾考设备厂家依托技术优势试图向培训市场浸透扩展蓝海。两种作用力下，“机器人教练”概念的出现，也就不足为奇了。 中国“机器人教练”据称已经上市销售的南北皆有，北方以北京河北为甚，南方以合肥南京为据。作为一个行业观察者，不亲临现场一睹风采，难平一颗好奇心。盛夏时节，走访了位于合肥的几家“嘻哈学车电子教练”研发基地。   机器人教练离我们有多远？从目前设备所呈现的实际效果来看，称为“嘻哈学车电子教练”要更为贴切一些。因为“机器人”这个概念对人体仿生的要求更高，而目前还无法与学员互动的设备妄称“机器人教练”，确有“大跃进”之嫌。“嘻哈学车电子教练”现在的主要功能是可以从事科目二单项科目的教学，还无法从事科目三教学。就能够从事的科目二教学情况来看，主要是辅助教练员教学，分工情况为：1、初步讲解由人工教练完成；2、单项的重复练习由“嘻哈学车嘻哈学车电子教练”完成，主要功能是通过屏幕示范教学与语音指导训练；3、科目的连贯训练由人工教练完成。由这个分工情况来看，嘻哈学车电子教练能够协助真人教练完成的教学大概占据科目二的一半学时部分。 机器人教练离我们有多远？嘻哈学车电子教练的工作原理主要借助车载GPS（或者精度更高的差分技术）和一些感应设备，判断车辆的行驶轨迹，并通过语音对学员进行教学提示。学员可以通过车载电脑选择需要培训的项目，接收设备对培训情况的实时提示，记录培训过程的数据等。有些嘻哈学车电子教练产品还设置有遇到障碍物自动刹车等主动安全功能。嘻哈学车电子教练时下的售价基本上在40000元/台左右，结合上面综述的功能，性价比几何？校长们就仁者见仁智者见智了。  机器人教练离我们有多远？从开发者的角度来说，嘻哈学车电子教练减轻了人工教练的劳动量，有些重复的工作交给机器，节约人工成本；标准化的教学便于管理与复制，杜绝了人工教练教学与情绪管理的不确定性；嘻哈学车电子教练不可能产生吃拿卡要，解决了驾培行业广受诟病的痛点。更高级的想法是通过手机客户端APP、嘻哈学车电子教练、驾考设备打通学员从报名到考试拿证的信息通道，从而打造一个驾考领域的互联网生态闭环。 机器人教练离我们有多远？从驾校经营者的角度来说，对嘻哈学车嘻哈学车电子教练有期待，但是这种期待绝对不限于仅仅解决科目二的项目练习，而是希望真正能够完成整套实际操作练习，尽大可能的取代真人教练。这种期待其实是对人工智能领域的一种高标准要求，由于对技术的陌生，这种超现实的期待与实际技术的反差其实是很大的。 机器人教练离我们有多远？从我的观察来看，嘻哈学车电子教练的开发难度是远远高于驾考产品的。驾考产品在使用时只需解决一个评判问题，学员按照自己平时练习的水平操控车辆，驾考产品对正确的操控说YES对错误的操控说NO即可，二者之间不需要交互。而嘻哈学车电子教练从事的教学任务，是需要与学员不断交流互动的，而这种互动中不确定因素太多，所以对人工智能的要求更高，和目前简单的语音播报差距甚远。然而要解决人工智能的很多要求，非短时间的研发与有限的资金所能及的。而要打通整个驾考背后的信息通道，更是一条漫漫长路。开发者可否放下心态？从高精度培训记录仪的角度切入，解决眼前驾校急需解决，而技术又能够解决，最重要性价比又适度的产品。我想这样的产品应该更贴合市场一些。   \n ', 0, 1, 1475222690, 0, 0, 0, '2339836710 264262212020154 2594532451 2281036828', 20, 0, NULL, 0),
(43, 1, '施一公：科技创新需要更大的责任和勇气', '\n“同学们，大家也许会诧异：为什么要义无反顾地追求科学、创造技术？原因很简单：当今的中国异常喧闹。” 中国科学技术协会副主席、清华大学副校长、中国科学院院士施一公直截了当地说。\n \n施一公是在第31届全国青少年科技创新大赛的开幕式上发表上述观点的。8月14日晚，面对参加本次大赛的500多名青少年选手、200名科技教辅人员和看台上以大学生为主体的观众，施一公作了主题为“科技创新需要责任和勇气”的主旨演讲。\n \n看着在座的年轻人，施一公“感慨万千”。从20世纪初中国“落后挨打”的窘境，到20世纪三四十年代“抗日救亡”的历史，从21世纪初“伟大复兴”的征程，再到中国“和平崛起”的严峻环境，49岁的施一公越说越激昂。他鼓励年轻人义无反顾地追求最前沿的科学，“为中华崛起和人类文明作出自己的贡献”。\n \n施一公认为，当下投机取巧、不劳而获的扭曲价值观在互联网上时时被热捧，拜金主义和对物质享受的狂热追求成为一些青少年的生活目标。所以他特别强调：“在当今社会，做正确的事情，是要有些定力的。”\n \n让施一公感到庆幸的是，他发现，定力、责任感、创新精神这些品质在一些中国企业身上得到良好的诠释。\n \n他对在座的青少年介绍说，有这么一家企业，1987年创立，在公司发展初期，就毅然决定把每年至少百分之十的销售收入投入研发。尽管它艰难起步，不被看好，砥砺前行，但这一点从未动摇。2015年，这家销售收入高达3950亿元人民币的企业拥有7.9万名研发人员，分布在全球16个研发中心，企业专利申请量居全球首位。\n \n“这是一家民营企业，叫华为！我这样理解华为二字：华为，中华所为，中华作为！”施一公大声说。在他看来，以中铁、中国交建、中国重工、中国中车等为代表的一批大型国企，和华为一样，都是在“异常喧闹”的环境中书写“中国篇章”的民族脊梁。\n \n对比这些“脚踏实地”的企业，施一公尖锐地批判：“在同一历史时期，在中国产生了许许多多不需要前沿科学技术就能挣大钱的捷径和一大批暴发户……在一些人眼里，财富成为简单的衡量成功的唯一标准。” 他疾呼，这种渲染会给青年学生、百姓大众带来错觉和误判。\n \n小时候看到的一张贴画至今让他印象深刻——一个梳着长辫子的中国人弓着腰，被一个外国士兵从后面殴打。\n \n“一个大国如何才能避免挨打？我相信，任何一个接受过基本教育的公民，都应该毫不犹豫地回答：来自科学技术。对于世界上任何一个强国，科学技术是最终的话语权！” 施一公说。\n \n中国青年报·中青在线记者观察到，施一公在说这些话时，记者周围的年轻人都停止了玩手机，伸着脖子、挺直腰板看着他。\n \n最后，施一公呼吁：在目前的网络噪音干扰之下，坚持科技创新需要更大的勇气和责任心。\n ', 0, 2, 1475222766, 0, 0, 0, '260451996820844 31185252162101926032 3865635201 3613120219 2119127668', 20, 0, NULL, 0),
(44, 1, '中国制造 奥运场上的另一股“洪荒之力”', '\n四年前，“中国制造”逐鹿伦敦。当年奥运会所有授权商品中，“中国制造”占比65%。“Made in China”的标签贴在运动员的服装上、场馆建设的零部件上，以及各种纪念商品上。成本和速度，是世界赋予“中国制造”的加分项；而利润和品牌，却成了国人眼中的减分项。 　　四年后，和运动员举起的国旗一样飘扬在里约奥运会上的，还有“中国制造”举起的实业大旗。正经历发达国家“高端回流”和发展中国家“中低端分流”双向挤压的中国企业，在里约赛场上，赢下了一个个漂亮的“单项冠军”。\n \n从为奥运服务的地铁列车，到比赛场馆的安检和对讲，从保障奥运会运转的全程供电系统，到场馆和运动村的空调设施，从比赛器材到兴建场馆的工程机械……。在里约，“中国制造”除了以往“Made in China”的统称，也慢慢享有各自专属的“代号”：中国中车、三一重工、中联重科、徐工集团、雷沃重工、美的电器，等等等等。中国制造业不再以“代工”的模样躲在背后，而是携着自己的品牌，走向前台。\n \n这既是一场高性价比的全球公关，更是一次厚积薄发的能量释放。它的背后，是站在十字路口上的中国制造业选择产业升级放弃走老路的结果。\n \n制造业是国民经济的主体，是立国之本，兴国之器，强国之基。逐渐丧失的低成本优势和一些高精尖领域的技术缺位，横亘在中国走向制造强国的道路上。不仅如此，我国制造业在整体质量、创新能力和品牌塑造上距离发达国家仍有较大差距。\n \n根据《中国制造2025》行动纲领，推动中国制造向中国创造转变，中国速度向中国质量转变，中国产品向中国品牌转变。转变既需要技术创新，也需要品质革命，既需要工匠精神，也需要制度保障。当“走出去”的中国品牌逐渐烙印于美丽巴西，我们有理由相信，“进行中”的转型升级，或将在下一个四年、下一个奥运赛场上，爆发出“洪荒之力”！\n ', 0, 1, 1475222797, 0, 0, 0, '20013222692104636896 2288536816 2233019978 1996832929 27946336182004321147', 20, 0, NULL, 0),
(45, 1, '易到为何不举报滴滴合并垄断', '\n滴滴优步合并是否垄断？\n \n“垄断要分怎么看，并不是规模大就一定代表垄断。”如果合并没有对后面新的业态和新的参与者造成毁灭性打击，甚至还给了他们市场空间，那么这个“垄断”是个伪命题。\n \n“我们认为，目前滴滴和优步中国均未实现盈利，且优步中国在上一个会计年度营业额没有达到申报标准。”\n \n易到总裁彭钢认为，滴滴与优步的合并不仅不是强强联手，反而是一种模式走到了尽头的标志,“大家必须合到一起，才能有效压低成本、提高效率，给资方一个交代。”这种合并证明了利用价格手段硬拉用户进来的模式是行不通的，而没有了不理性的补贴大战后，专车市场才开始真正的成长，这是专车市场回归到了原点。\n \n针对半个月前滴滴与优步全球达成的战略协议，昨天中国商务部再次做出回应，发言人沈丹阳称商务部至今仍未收到滴滴与优步的申请。而此前他在滴滴和优步刚宣布合作后就曾表示，滴滴和优步中国合并必须申报，甚至直白地称：“不申报的话，往下走不了。”\n \n发布\n \n商务部：未依法事先申报需承担法律责任\n \n商务部昨日例行新闻发布会中，有媒体问及，“市场比较关心的滴滴、Uber合并案，目前进展怎么样？商务部是否认为滴滴、Uber符合经营者集中反垄断的申报要求？”\n \n对此，新闻发言人沈丹阳表示，关于滴滴宣布与Uber全球达成战略协议这件事情媒体都很关心。依据《国务院关于经营者集中申报标准的规定》，我国经营者集中申报采取营业额标准。商务部公布实施的《经营者集中申报办法》规定了经营者营业额的计算方法。经营者应严格按照有关规定计算营业额后依法申报。如果达到申报标准，经营者未依法事先向商务部申报而实施集中，需承担相应的法律责任。根据《国务院关于经营者集中申报标准的规定》第四条，经营集中未达到第三条规定的申报标准，但按照规定程序收集的事实和证据表明该经营者集中具有或者可能具有排除、限制竞争效果的，商务部应当依法进行调查。\n \n这也是继月初商务部表示“尚未收到滴滴和优步中国相关交易的经营者集中申报”之后，针对此案的再次回应。\n \n反驳\n \n滴滴称未实现盈利不算垄断\n \n商务部方面要求滴滴申报的依据是我国的反垄断法。不过本月初滴滴方面就做出回应认为自己与优步中国的合并案并未达到反垄断审查申报的标准，因此无需申报，“我们认为，目前滴滴和优步中国均未实现盈利，且优步中国在上一个会计年度营业额没有达到申报标准。” 而且滴滴还有一种观点，对滴滴或优步的营业额算法，不能按照收入规模计算，因为其中一定比例是要分给加盟司机的。\n \n对于滴滴的反驳理据，业内也存在不同看法。一位网约车企业人士认为，滴滴关于没有盈利的理由更有道理一些，但关于收入规模计算方式则站不住脚。对营业收入的界定不能考虑你的成本怎么构成的，那是决定利润的事儿。换句话说，你给乘客的发票是只开具你收入的那部分还是连加盟司机那部分金额也开在一起了？如果按前者，是不是加盟司机应该再给乘客开一份发票呢？\n \n变化\n \n从举报到为合并“辩护”缘于乐视空降高管？\n \n一个值得注意的细节是，此前的网约车行业老三、如今因滴滴优步合并而跃居老二的易到，此前在滴滴、快的合并时就曾向商务部举报二者的合并应该申报，但据称没有获得商务部的答复。不过北京青年报记者了解到，虽然上一次希望阻止滴滴、快的合并，但如今易到对于滴滴、优步的合并则并没有过多发出反对声音，甚至反而称二者“没有垄断”。\n \n“垄断要分怎么看，并不是规模大就一定代表垄断。” 易到总裁彭钢就“垄断”话题昨天在接受北青报记者采访时表示，如果一项合并让后面的人就没有机会在这个行业生存了，这是垄断。比如所有人都用微信，其他的移动社交方式就没有空间了；比如IE浏览器捆绑了Windows，其他的浏览器就没有空间了。但他认为，如果合并没有对后面新的业态和新的参与者造成毁灭性打击，甚至还给了他们市场空间，那么这个“垄断”是个伪命题。\n \n对于易到的这种转变，有人认为是易到高层间的观念分歧，即易到创始人与乐视空降到易到的高管在这一问题上看法不一致。对于内部观念是否有分歧，易到方面昨天没有向北青报记者给予明确回应。但应该可以确认的是，即便有这种分歧也只是双方对于易到如何借此事进行“发挥”的策略分歧，而不涉及易到本身的经营发展战略。因为在乐视控股易到后，易到的高管层相当稳定——创始人周航出任易到的CEO，乐视空降的彭钢担任总裁。\n \n分析\n \n易到为何对滴滴优步合并“乐见其成”\n \n有分析人士指出，从易到对于滴滴两次并购的态度的变化，折射出了对专车行业未来发展趋势的新判断，那就是即便你之前在份额上可能产生了垄断，但随着未来调整市场策略是否还能维持优势是很难说的。直白一点就是：不依靠补贴，你还能这么牛吗？\n \n有数据显示，滴滴、优步中国按之前在专车市场的份额进行叠加的确达到了90%，但这一市占率很大程度上依靠的是高额补贴。易到CEO周航曾透露，2015年整个网约车市场烧掉了200亿美元，其中优步中国就烧了超过10亿美元。而互联网消费群体是没有忠诚度可言的：他们已经习惯了低于成本的享受服务，一旦你不补贴了很可能转身就走。因此规模并不意味着垄断，尤其是对于那些可替代性的行业，网约车即在此例。\n \n一个值得关注的现象反而是，虽然曾濒死的易到去年底获得乐视注资以来实现了重生，并且冲击到行业前三的位置，但作为行业带头大哥的滴滴一直不愿把易到放在眼里，担心有意无意地被易到“傍上”而为其做了推广。\n \n但这种做法却在滴滴宣布与优步合并之后发生了变化。在本周由滴滴推出的一个网约车出行调查中，问卷中充满了“易到”，比如“最近一个月是否使用过‘易到’？”等。据说，这一调查问卷在易到内部被积极传播。\n \n前景\n \n你预充的车费会成下一轮价格战的子弹？\n \n对此，易到总裁彭钢认为，这说明滴滴与优步的合并不仅不是强强联手，反而是一种模式走到了尽头的标志，“大家必须合到一起，才能有效压低成本、提高效率，给资方一个交代。”\n \n他认为，这种合并证明了利用价格手段硬拉用户进来的模式是行不通的，而没有了不理性的补贴大战后，专车市场才开始真正的成长，这是专车市场回归到了原点。“专车市场相对合理的竞争局面应该是把那些真正能提供服务的私家车、自营车辆、租赁公司车辆纳入进来，同时把真正需要用车的人吸引成客户，利用信息平台把它对接起来，而之前很多本来不该在这个圈子里的人都进来了，包括司机和乘客群体都是如此。”他表示，未来市场上可能会出现很多细分市场的差异化服务品牌，比如专门提供接机服务的、专门提供区域叫车的。\n \n其实还有一个很多人忽略的事实，如果滴滴和优步真的因为合并而放弃价格战，那无意中就成全了易到。因为易到在今年6月底刚刚完成为期7个月的“充100返100”活动，共获得了60亿元的预存款。如果行业真的放弃价格战，对于易到的这笔巨额预存款其实相当于是融资成本大大降低了！“从这个角度看，易到甚至可能对滴滴和优步的合并乐见其成。\n ', 0, 1, 1475222845, 0, 0, 0, '2030919981 2003025253 2840428404 2151224182 2240426029', 20, 0, NULL, 0),
(46, 1, '外媒称中国科技潜力瞬息万变 小米在华渐失优势地位', '\n参考消息网8月18日报道外媒称，在竞争异常激烈的中国智能手机市场，中国的小米公司正迅速失去其一度无可争议的优势地位。\n \n据美国《基督教科学箴言报》网站8月16日报道，成功的产品发布、充满魅力的风格、热情的粉丝群体，这一切曾赋予这家智能手机制造商“中国苹果”的美名，然而，现在这家公司的市场份额有一些已被其他竞争者夺走。\n \n报道称，尽管小米的硬件未在美国出售（它只在美国出售一些配件），但这家公司的大起大落表明了中国瞬息万变的科技潜力。苹果公司一直努力在中国这个竞争激烈的市场保持份额。\n \n小米是2014年全球最具价值的创业公司，仅用4年时间，估值就达11亿美元。据《华尔街日报》报道，该公司通过用“最低价”售卖高质量智能手机的方式推销自己的手机应用和其他服务。\n \n罗布·普赖斯在美国商业内幕网站撰文指出，分析人士把小米视作中国应对偶然进入本国市场的苹果公司的决定性手段。小米计划在2015年销售1亿台手机。\n \n但是，据彭博新闻社报道，小米在缺乏市场营销——它不屑使用付费广告，偏爱口碑宣传，拥有充满活力的忠实粉丝群体，还有可以成为新闻话题的公司高管演讲——的情况下强势进入现已饱和的市场，与此同时，其他中国竞争对手Oppo和Vivo也以咄咄逼人之势打入该市场。另据彭博新闻社报道，小米今年第二季度的出货量为1050万部手机，与2015年第二季度的1710万部相比减少了38%。\n \n报道称，在这样一个巨大的市场里，前三甲的快速变化说明，智能手机制造商必须更加努力，才能在中国保持自身特色和领先地位。\n \n彭博新闻社的彼得·埃尔斯特伦写到：“全球最大的市场——中国市场的竞争越来越激烈，国内制造商提高了产品质量、设计和营销水平，这给苹果公司、三星电子公司这样的全球领军企业施加了压力。根据国际数据公司的信息，苹果第二季度在中国的出货量减少了32%，市场排名跌至第五。”\n \n据《华尔街日报》报道，中国官方媒体16日称苹果计划在中国设立一个“独立的”研发中心。虽然苹果至今仍未提供任何细节，但这可能是苹果应对中国市场和自身管理难题的方式。\n \n报道称，这家美国公司可能还有其他的挑战，但是苹果和小米作为竞争对手，面临着的是一个相似且具有挑战性的市场。（编译/苑欣芳）\n ', 0, 1, 1475222894, 0, 0, 0, '2280623186 2001322269 3118525216 2850821147 30636246871997521464 2356731859 2231221326 2817622833 2024821183 2232020301', 20, 0, NULL, 0),
(47, 1, '商务部再回应滴滴优步合并：未依法申报需担法律责任', '\n8月17日，商务部召开例行新闻发布会，针对滴滴与优步中国合并一事，商务部新闻发言人沈丹阳表示，依据《国务院关于经营者集中申报标准的规定》，我国经营者集中申报采取营业额标准，如果达到申报标准，经营者未依法事先向商务部申报而实施集中，需承担相应的法律责任。\n \n沈丹阳表示，商务部公布实施的《经营者集中申报办法》规定了经营者营业额的计算方法，经营者应严格按照有关规定计算营业额后依法申报。如果达到申报标准，经营者未依法事先向商务部申报而实施集中，需承担相应的法律责任。根据《国务院关于经营者集中申报标准规定》第四条，经营者集中未达到第三条规定的申报标准，但按照规定程序收集的事实和证据表明该经营者集中具有或者可能具有排除、限制竞争效果的，商务部应依法进行调查。\n \n新京报记者联系滴滴出行询问滴滴并购优步中国是否需要提交相关申报，截至发稿未收到回复。\n \n8月1日，滴滴和优步中国宣布合并。在8月2日的商务部例行新闻发布会上，沈丹阳称商务部尚未收到有关滴滴和优步中国相关交易的经营者集中申报。同日，滴滴方面表示：目前滴滴和优步中国均未实现盈利，且优步中国在上一个会计年度营业额没有达到申报标准。\n \n根据反垄断法，经营者集中需要事先向商务部反垄断局进行申报的标准是：所有企业上一年度在全球范围内的营业额合计超过100亿元，并且至少两家在中国境内的营业额均超过4亿元；或者，所有企业上一会计年度在中国境内的营业额合计超过20亿元，并且至少两家在中国境内的营业额均超过4亿元。\n \nIT与知识产权律师赵占领表示，滴滴收购优步中国，应该适用的是后一个标准，即主要看两家企业上一年度的营业额总和是否超过20亿元，每家是否超过4亿元。如果达到这个标准，需要事先申报并通过审查，否则不能收购。\n \n赵占领指出，符合经营者集中申报标准而未申报的，商务部反垄断局可以责令停止实施集中、限期处分股份或者资产、限期转让营业以及采取其他必要措施恢复到集中前的状态，可以处五十万元以下的罚款。\n \n滴滴和优步中国的合并不仅在国内由于涉嫌垄断引发质疑，更搅动了整个国际上的专车市场。\n \n在优步（Uber）、滴滴奋力拼杀时，后者曾通过投资合作等方式拉拢了多位盟友。2015年9月，滴滴对Uber直接竞争对手、美国的Lyft投资1亿美元，之后又投资了印度的Ola，以及东南亚的GrabTaxi等。这几家形成了所谓的“反Uber联盟”，在全球牵制Uber。\n \n“反Uber联盟”与Uber一直保持的对峙局面，在Uber、滴滴和解后被一举击破，也让上述多家网约车公司处于尴尬境地。记者陈彦旭 刘夏\n ', 0, 1, 1475222925, 0, 0, 0, '218302115337096 2223824212 2840428404 2024827493 2151224182 2038127861 3000325253 3865625285 27861244593613120219', 20, 0, NULL, 0),
(48, 1, '制造业“新三极”格局加速成型', '\n8月18日，工信部将正式公布“中国制造2025”试点示范城市进展，介绍各地“中国制造2025”推进状况。\n \n    《经济参考报》记者梳理发现，2015年5月国务院发布《中国制造2025》至今，已有上海、广东、江苏、浙江、安徽、山东、陕西、四川、新疆等25个省区市出台了具体的地方实施政策。从政策内容来看，各地形成了东部转向高端装备制造、中部产业升级、西部优势产业突破的不同发展思路。相比我国传统的东中西部“老三极”格局，制造业“新三极”格局正在加速成型。\n \n    根据工信部等权威部门工作部署，以城市(群)为载体的《中国制造2025》试点示范工作将从下半年陆续展开。目前，宁波等地的首批试点示范城市创建工作已经展开。随着相关工作的推进，长三角、珠三角、环渤海地区的多个城市（群）将陆续展开试点。届时，各试点城市（群）更具针对性的试点实施方案也将随之出炉。\n \n    根据各地披露的公开信息，目前已有上海、广东、江苏、浙江、安徽、河北、山西、辽宁、吉林、福建、江西、河南、湖北、湖南、四川、甘肃、北京、天津、广西、宁夏、新疆、云南、青海、山东、重庆25个省区市相继出台了“行动纲要”或“实施意见”等《中国制造2025》地方性政策。此外，哈尔滨、南京、苏州、东莞等30多个城市也相继出台了各自的“中国制造2025”实施措施。\n \n    根据《中国制造2025》总体方针，地方政策均确立了各自未来在“中国制造2025”领域的发展目标，以及产业和投资侧重。江苏出台的《中国制造2025江苏行动纲要》确立了重点发展集成电路及专用设备、网络通信设备、智能制造装备、先进轨道交通装备、海洋工程装备和高端船舶、新型电力装备、航空航天装备等15个产业，并提出力争经过10年努力，让江苏制造业在“中国制造”中走在前列，若干重点行业和重要领域达到国内领先、世界先进水平。\n \n    陕西、甘肃等地出台的政策除了明确发展目标和重点发展领域外，还提出了具体的产业项目和投资金额。例如，《中国制造2025陕西实施意见》就要求对14个领域共100个项目给予资金支持，涉及总投资8041.79亿元；《中国制造2025甘肃行动纲要》提出，2016年到2018年组织实施600多个重点项目，总投资超2600亿元。\n \n    从政策具体内容来看，各地制造业转型升级形成了不同的发展思路和策略，即东部转向高端装备制造、中部产业升级、西部优势产业突破，制造业“新三极”格局有望伴随各地新一轮产业升级而加速成型。\n \n    江苏、浙江、广东、山东等东部制造业发达地区，均将产业发展重点聚焦高端装备制造和战略新兴产业等高技术领域，基本覆盖了先进轨道交通装备、海洋工程装备和高端船舶、新型电力装备、航空航天装备等《中国制造2025》提出的十大重点发展领域。此外，上述省份还提出重点发展机器人、增材制造、工业互联网等智能制造产业，以及“互联网+”相关产业。例如，浙江发布的《中国制造2025浙江行动纲要》提出，打造全国领先的机器人应用示范基地，积极发展高档数控机床、增材制造装备、专用和特种制造装备、智能成套装备电子、智能可穿戴设备。\n \n    安徽、河南、山西等中部省份提出全面升级制造业，除了继续深挖能源开采设备、煤化工装备、农机装备、基础工艺设备等原有优势产业的潜能外，还提出将发展重点拓展到新能源、新材料、生物制药、信息技术等产业。此外，中部省份还不约而同地提出，进一步优化制造业产业结构，提升高技术产业在整个制造业中的占比，并逐渐淘汰高耗能、高污染产业。例如，山西发布的《中国制造2025山西行动纲要》要求，积极引领新兴产业绿色发展，建设绿色数据中心和绿色基站，完善节能目标责任考核评价体系和节能长效机制，落实节能评估审查制度和环境影响评价制度，强化能耗限额标准管理。\n \n    陕西、四川、重庆、广西等西部省份则根据各自产业现状，提出了优势产业重点突破的发展战略。例如，陕西的信息技术、航天航空产业具有一定优势，因此确定重点发展集成电路、智能终端、云计算、大数据和物联网、航空航天等产业；四川和重庆则将在轨道交通、新能源、新能源汽车、装备制造等领域继续发力。\n \n    此外，西部省份还根据各自地理位置，确立了一系列对接“一带一路”战略的发展策略。例如，重庆、四川、广西、云南等省份均要求，将积极对接东盟国家，促进装备制造、轻工、食品等产业的海外发展；陕西、甘肃、青海则强调，将加强和丝路沿线国家，以及日本、韩国等国家的国际合作。\n ', 0, 1, 1475222953, 0, 0, 0, '210463689619994 260321997726497 2668423616 2115236895 2510422411', 20, 0, NULL, 0),
(49, 1, '滴滴优步合并 市场巨无霸诞生', '\n \n此时宣布合并或许是最好的时机。滴滴出行昨日下午宣布与Uber全球达成战略协议，滴滴出行将收购优步中国的品牌、业务、数据等全部资产在中国内地运营。从“剑拔弩张”到“相亲相爱”，网约车两巨头的合作时机恰到好处：政策上，网约车合法化让它们正“春风得意”；资本上，虽双方都有强大的融资能力，但避免内耗成为双方共识。接下来，滴滴与Uber能否实现1+1＞2的效果还有待实践检验。\n \n合并\n \n兜兜转转，还是走在了一起。经过传言、辟谣、再传言、再辟谣几个轮回，滴滴出行收购优步中国的消息昨日坐实。据悉，双方达成战略协议后， 滴滴出行和Uber全球将相互持股，成为对方的少数股权股东。Uber全球将持有滴滴5.89%的股权，相当于17.7%的经济权益，优步中国的其余中国股东将获得合计2.3%的经济权益。同时，滴滴出行创始人兼CEO程维将加入Uber全球董事会。Uber创始人特拉维斯·卡兰尼克也将加入滴滴出行董事会。对于上述交易数据，滴滴公关部向北京商报记者解释称，Uber全球可以对滴滴行使股东权利的股份数为5.89%，但是前者占了后者更多的经济利益。滴滴资深副总裁陶然强调，“这个交易案中5.89%股权不是投票权”。不过对于滴滴持股Uber全球的具体比例，滴滴方面并未透露。\n \n滴滴出行方面表示，未来优步中国将保持品牌和运营的独立性。滴滴出行总裁柳青表示，滴滴也将继续积极拓展国际化策略，期待与海内外伙伴深入合作，为行业、乘客和司机创造更多价值。据悉，滴滴出行将加快“扬帆出海”和国际化步伐，除将继续与全球伙伴合作打通本地优势资源外，滴滴还将进一步推进进入其他海外新兴移动出行市场，如中国港澳台、日本、韩国、欧洲、俄罗斯等地。\n \n而据《财经》报道称，目前滴滴出行、优步中国未向有关部门申报合并意向，有关人士分析表示，该笔交易可能引发交通、反垄断等监管部门的高度关注和严格审查。\n \n妥协\n \n尽管双方并未对烧钱补贴有太多提及，但来自投资方的压力被认为是促成这次合并的最主要原因。此前一位不愿具名的行业分析人士对北京商报记者表示，对于中国的专车平台来说，上市成为当前平台资本退出的最重要渠道。目前，神州专车已经启动新三板上市；易到被乐视控股后也正在拆除VIE结构，谋求在A股上市。与此相比，分别拥有超过250亿美元和80亿美元高估值的滴滴出行和优步中国似乎上市遥遥无期。同时，接连的巨额亏损让投资者看不到盈利日期，双方确实拥有多个合作的理由。此前有消息显示，滴滴出行去年亏损100亿元，优步中国则一年亏损10亿美元。\n \n彭博社称，合并的原因在于Uber的投资者们看到烧钱、补贴不可持续，希望可以尽快结束这种看上去两败俱伤的打法。\n \n滴滴优步合并 市场巨无霸诞生\n \n该报道中的知情人士透露，滴滴与Uber拥有贝莱德、高瓴资本、老虎基金、中国人寿4家共同的投资方，此次合并，老虎基金与高瓴资本起到了至关重要的作用。与其说是Uber管理层通过合并的方式结束中国市场的战争，倒不如说是为了保全球业务而向资本市场妥协。\n \n除资本压力外，新出台的网约车新政或许也是促成这一合作的关键因素。滴滴出行与优步为典型的C2C模式，主要服务车辆来自私家车挂靠模式。有分析人士认为，新政放权地方，政策仍存在诸多不确定因素。此前山东某地的客管中心曾在新政当天给出租车司机发布消息表明，“网约车数量和运价水平由地方政府决定”的态度。若行业未来照此模式发展，滴滴出行和优步中国将面临不小的压力。\n \n变数\n \n伴随着网约车市场占有率最靠前的两大企业联姻，网约车市场格局初定。在易观互联网交通出行研究中心研究总监张旭看来，收购完成后，网约车市场格局寡头化进一步提升。对于其他网约车平台而言，竞争压力将进一步增大，并倒逼竞品企业加快产品和服务创新。\n \n不过，在当前的中国网约车市场中，仍有易到、神州专车、首汽约车等多个玩家虎视眈眈，传统出租车企业开始转型发力网约车市场的力量不容忽视。北京商报记者统计发现，目前包括北京、上海等较大城市已出现多个地方性网约车平台。以首汽约车为例，自去年9月上线以来，已在北京地区投放车辆3800余部，全国近9000部，并在全国22个大中城市开通服务。\n \n张旭表示，网约车出行的渗透率仍处于较低水平，中国网约车出行市场仍需要投入大量资源对传统出行进行“互联网+”改革。\n ', 0, 2, 1475223013, 0, 0, 0, '2840428404 2024827493 2151224182 2406622330 240402608038712 3580629983', 20, 0, NULL, 0),
(50, 1, '第十届合肥国际文化博览会在肥举办，“嘻哈网络”受邀参会', '\n      由合肥市人民政府主办，中华文化促进会、中国工艺美术学会倾力支持的第十届合肥国际文化博览会于9月22日-25日在合肥滨湖国际会展中心隆重举行。本届合肥文博会以“创意文化引领美好生活”为主题，重点展示我市文化改革与发展成果。同时，此次文博会还为各业界带来了丰富的“智能信息流”。\n[attach]63[/attach]\n       我司（安徽嘻哈网络技术有限公司）很荣幸的受邀出席参展，“嘻哈网络”团队携领先推出的“嘻哈学车”、“嘻哈学车电子教练”精彩亮相，成为此次博览会一道靓丽的风景。\n[attach]64[/attach]\n[attach]65[/attach]\n      本届文博会主展览面积约为7.3万平方米，分主展馆、5号馆、6号馆、7号馆、8号馆、9号馆。各展馆展示内容如下：\n      主展馆：文化产业综合展，包含一带一路展，合肥都市圈主题展，台湾文创展，文房用品展，幸福邮局，文化科技展等。\n[attach]66[/attach]\n      5号馆：动漫主题展暨合肥第七届动漫欢乐节，市民可玩掼蛋、打电竞，还将举行宅舞大赛、动漫儿童舞台剧等。\n      6号馆和8号馆：全国工艺美术精品展，6号展区将展出玉器雕刻、陶瓷和紫砂等；8号展区有红木家具展，大师作品展，福建大型木雕根艺展等。\n      7号馆：台湾特色产品展区，逛累了可来这品尝台湾风味小吃，采购特色农产品和休闲生活用品。 9号馆：展示智能科技，包括智慧家居、智慧医疗、智慧农业、无人机、无人车等。\n[attach]67[/attach]\n      展会期间，数字创意产业的知名学者、企业家等群贤毕至，纷纷进行观点交流、智慧碰撞，为关联产业的发展带来了更新的理念。当嘉宾来到我司展台前，通过我司工作人员的专业介绍，很诚恳的对“嘻哈学车电子教练”的主动刹车安全系统和辅助教学人工智能评判系统等核心特性给予了高度的评价和认可。\n      通过参加此次展会，我们坚信我司在未来的发展中，“嘻哈学车”和“嘻哈学车电子教练”完美的相结合，最终将发挥互联网的大数据、平台优势，在互联网技术上实现从报名到约车、约考的“网学车”服务，同时将学车电子教练融入驾培全过程，尽快实现创建一个将驾校、考场、教练、学员等多种角色的网络平台，构建起新型的驾培物联网，打造我国互联网驾考驾培生态圈闭环，更好、更便捷的服务于驾考驾培行业。\n[attach]68[/attach]\n       期待赴约更多的智能信息博览会，共同分享我们的创新成果！\n ', 0, 2, 1475223032, 1, 0, 0, '315322131323626 2151232933 2226938469 2599121270 213383527220250 2003021150 22075217043259332476 2146336992 2144220250', 20, 0, NULL, 0),
(51, 1, '“互联网+”将让交通更智能', '\n \n国家发展改革委、交通运输部近日联合印发《推进“互联网+”便捷交通 促进智能交通发展的实施方案》，促进交通与互联网深度融合，推动交通智能化发展，为我国交通发展现代化提供有力支撑。\n \n《实施方案》明确，实施“互联网+”便捷交通重点示范项目27项，到2018年基本实现公众通过移动互联终端及时获取交通动态信息，掌上完成导航、票务和支付等客运全程“一站式”服务，提升用户出行体验；基本实现重点城市群内“交通一卡通”互联互通，重点营运车辆（船舶）“一网联控”；线上线下企业加快融合，在全国骨干物流通道率先实现“一单到底”；基本实现交通基础设施、载运工具、运行信息等互联网化，系统运行更加安全高效。\n \n在完善智能运输服务系统方面，《实施方案》提出，打造“畅行中国”信息服务，形成涵盖运输、停车、租赁、修理、救援、衍生服务等领域的综合出行信息服务平台，实现实时、多样化的信息查询、发布与反馈。\n \n加强智能交通基础设施支撑是关键基础。根据《实施方案》，我国将建设先进感知监测系统，形成动态感知、全面覆盖、泛在互联的交通运输运行监控体系。\n \n构建智能运行管理系统、健全智能决策支持系统是“重头戏”。《实施方案》明确，完善交通管理控制系统，提升装备和载运工具自动化水平，鼓励研发定制化智能交通工具，推进旅客联程联运和货物多式联运；健全智能决策支持系统，充分利用政府、企业、科研机构、社会组织等数据资源，挖掘分析人口迁徙、公众出行等特征和规律。（记者 齐慧）\n ', 0, 2, 1475223052, 0, 0, 0, '201143285232593 2013236890 2623433021', 20, 0, NULL, 0),
(100, 1, '新安晚报：驾校电子教练“今天的游戏规则不一样了，是迭代！”', '新安晚报安徽网合肥2月23日新媒体专电（记者 杨春梅）“今天的游戏规则不一样了，是迭代！”嘻哈网络技术公司CEO张全雷在首次在媒体公开说，在产品层面、技术层面、运营层面、服务层面、市场层面等不停地迭代尤为重要。\n[attach]119[/attach]\n       有人问驾校电子教练是不是可以坐等IPO？“不是。今天我和团队的心情，可能是危机感最强烈的时候。”张全雷把创业的过程形容为“速度与激情”。他说，在过去的一年到二年里面，嘻哈网络推出的“嘻哈学车”PK了10多个对手。然而今天的游戏规则是迭代，就像人的新陈代谢一样，只有新陈代谢越快，才能够升华越快，越快地跟重量级的对手比赛。\n\n     “作为一个中国互联网学车的移动互联网公司，我们每天运行的数据，是我们行业竞争对手规模的数倍。”张全雷表示，“我们先发制人的优势就是创新产品推出的比较快。”他举例说，驾校在改革时期面临很多痛点，对洪水般“自学自考”信息无从释手，像无头苍蝇一样找不到方向，我们嘻哈网络推出的“嘻哈学车”更像像打靶。打靶的人不停移动，靶也不停地动，要在几秒内匹配打靶的人和靶，这就是匹配的算法。“我们在中国10秒钟可能要匹配1000×1000，难度是非常大的。只有投入大，才能够承载这么大密度下的算法需求。我们还要做得更好，所以在人才迭代上，也是不停地召唤全球最顶尖的技术人才。”电子教练是继嘻哈学车之后解决驾校教练员不足或者说职业素养不够的一个补充，不会完全替代人工教练员。\n \n       张全雷介绍说，嘻哈学车在线教练已经突破7万人，预计今年年底在线教练员人数将达到30万甚至更多。“我们非常在意维护驾校用户的根本利益和管控能力以及驾校教练员的生活质量。”\n \n       有意思的是，张全雷与大家分享了帮助驾校招生的问题：“大环境让驾培行业暂时性出现招生困难，生源数量急剧下滑现状，嘻哈学车通过地推等手段在局部城市已经拥有了大量的下载量，使用嘻哈学车的驾校招生现状得到了根本的改善；自学直考对教练员的数量和质量要求特别的高，驾校面临着教练员人力资源问题，用工成本问题，这时推出驾校电子教练无疑对驾校是雪中送炭。”', 0, 3, 1475225578, 1, 0, 0, '2603223433 2620225253 3955026657 3000523376 2594532451 2017022825 28216251033526821017 199811996826679 3684520195', 19, 0, NULL, 0),
(52, 1, '推动“互联网+交通”深度融合', '\n8月11日，河北廊坊市民在展示刚办理的京津冀交通一卡通。新华社记者　李晓果摄\n \n近年来，我国互联网新技术与交通领域碰撞出了“火花”：网络约车、网络购票、交通一卡通等新业态、新模式不断出现。但是，二者融合发展在市场应用、基础条件、技术支撑、政策环境等方面仍存在许多制约，难以满足发展智能交通、培育新业态的需要。\n \n近日，国家发改委、交通运输部联合印发了《推进“互联网+”便捷交通 促进智能交通发展的实施方案》。“这是国家第一次就智能交通发布的总体框架和近期实施方案，不仅考虑了近几年综合交通领域的应用需求，而且在支持战略性新兴产业和推动智能交通前沿技术研发等方面也作了安排。”交通运输部公路科学研究院总工程师王笑京告诉《经济日报》记者。\n \n此方案的出台，会达到怎样的效果？国家发改委基础司副司长郑剑介绍，从近期看，我国交通领域将基本实现公众通过移动终端及时获取交通动态信息，完成导航、票务和支付等客运全程“一站式”服务；基本实现重点城市群内“交通一卡通”互联互通，重点营运车辆（船舶）“一网联控”；线上线下企业在全国骨干物流通道率先实现货物运输“一单到底”；基本实现交通基础设施、载运工具、运行信息等互联网化，系统运行更加安全、高效。\n \n从远期看，逐步形成旅客出行与公务商务、购物消费、休闲娱乐相互渗透的“交通移动空间”；实现交通信息充分开放共享，高效配置交通运输资源；逐步构建覆盖更加广泛、体系更加健全、功能更加现代、感受更加便捷的智能交通体系，实现先进技术装备自主开发和规模化应用，交通运输服务效率、资源配置效率以及交通治理能力全面提升。\n \n“推动‘互联网+’交通融合，还应积极引入民间资本。”郑剑指出，新业态、新模式发展需要构建公平有序的市场环境，创新体制机制和监管方式。为此，《实施方案》提出，放宽市场准入，创造宽松发展环境；推动信用信息双向对接，加快共享交通发展；创新行业监管方式，建立健全联动协同机制，加大监管力度；健全网络安全保障体系，加强监测预警，保障信息安全；同时，完善相关法律法规，规范引导行业健康发展。\n \n“发展框架和实施内容在许多方面已进入世界前列。同时，又强调了符合实际和应用。很有借鉴意义，不少软硬件产品可以走出国门。”王笑京指出，《实施方案》对于交通控制网、5G应用、高速无线局域网应用、智能驾驶、智能汽车等未来新一代技术都有所涉及，对产业发展意义重大。\n ', 0, 2, 1475223101, 0, 0, 0, '2551221160 201143285232593 2013236890 2814524230 3470121512', 20, 0, NULL, 0);
INSERT INTO `xh_article` (`id`, `uid`, `title`, `message`, `comments`, `views`, `add_time`, `has_attach`, `lock`, `votes`, `title_fulltext`, `category_id`, `is_recommend`, `chapter_id`, `sort`) VALUES
(53, 1, '江苏检察机关发出检察建议促驾培领域监管漏洞整改', '在交通日益发达的今天，越来越多的人购置了私家车，他们大多选择在驾校学习驾驶技术。而作为培训机构，驾校的任务本该是确保学员培养良好的安全意识和驾驶技能，可是江苏省泰州、盐城两地的49家驾校为了吸引生源、节约成本，竟利用信息系统漏洞伪造学时。近1.5万名学员没有开车练习，却拿到了代表上路驾驶资格的驾照。近日，泰州医药高新技术产业开发区检察院专门发出检察建议，建议泰州市、盐城市两地交通局运输管理处对这一乱象进行整治。\n\n空车疑云：人不在车上学时照样增加 \n \n“交通局吗？有的驾校在培训系统上做手脚，学员不用练车，照样赚学分、拿驾照，这事谁来管？”\n \n2014年6月25日，泰州市交通局交通运输管理处驾驶员培训科的工作人员小吴接到举报电话后，立刻通知了无锡博科公司泰州分公司的技术人员孙刚。\n \n得知系统有可能被人入侵，孙刚十分忐忑。原来，2012年以来，该公司就负责为交通系统研发、运营、维护“江苏省驾驶培训智能化管理与服务系统”。这个系统一般是由驾校在系统平台采集学员的姓名、身份证、指纹等基本信息，并制作学员卡。在场地训练、道路培训时，学员将卡插在车载学时仪上，就能实时定位并上传学时数据。当累积达到规定学时，学员才能参加驾驶考试。该系统是利用“互联网+”技术实现对驾校和学员的信息化、自动化管理，不想却被不法分子钻了空子。\n \n次日，孙刚便和同事赶到一所被举报的驾校，他随机将两辆停驶车上的学时仪拆下来，再查看后台服务器时，却大跌眼镜：只见两名根本不在现场的学员的学时竟在神秘地不断增加！孙刚立刻报警求助。\n \n根据举报人提供的线索，同年7月17日，犯罪嫌疑人李庆高被泰州市公安局医药高新区分局刑事拘留。\n \n黑客任务：一个以假乱真的模拟学时系统 \n \n学习计算机专业的李庆高大学毕业后，一直在苏州从事IT工作。2012年底，他接到朋友袁某（另案处理）的电话：“有个系统需要高手攻破，报酬丰厚，有没有兴趣？”\n \n交谈之下，他才知道，袁某受盐城一些驾校委托，在找一名能破解驾驶培训智能化系统的“黑客”。李庆高正缺钱花，便接下任务，开始对这一系统进行研究。袁某竭尽所能给予帮助，提供了车载学时仪、客户端资料、管理员账号和密码。通过账号和密码，李庆高登入了后台数据库，对通信协议进行分析，找出了其中的运行规律。\n \n原来，驾培系统通过两个渠道传输数据：一个是驾校的前台客户端传输教练数据，另一个是车载学时仪传输实时GPS数据，两者合二为一，就是一个完整的学员学时数据。换句话说，只要自己模拟出这两个数据，就能骗过后台电脑。\n \n说干就干，李庆高在自家台式机上设计了一个模拟客户端，并在无线网卡上绑定一名教练和学员的账号，制作了虚拟的GPS运行轨迹。他把这些数据传送到驾培系统后台，服务器对其“信以为真”，为学员增加了相应学时。\n \n成功了！李庆高按捺不住激动，立刻向袁某“报捷”。袁某赶来查验后，爽快地付了他5000元，并承诺软件完善后还有重谢。这下李庆高更有干劲了，他一口气购置了九台台式机，并设计了一个学员分配软件，通过它把教练、学员和对应的教练车都绑定到同一个网卡上。然后根据不同驾校的地址，李庆高把伪造的GPS轨迹控制在校址附近，并通过分析真实的学员数据设定了行车速度。由于系统规定每天最多只能练习四个学时，李庆高就设计四小时后自动切换下一批同车学员继续“练习”，每天能为数百名学员提供虚假学时。\n \n袁某以6万元的费用从李庆高手里买走软件，并声称将它卖给驾校。可很快李庆高就发现袁某根本没有卖出软件，而是自己联系驾校增加假学时，并按人头收取55元的代训费。眼看自己辛辛苦苦研发的“成果”却成了别人的摇钱树，李庆高气不过，也开始向驾校兜售自己的软件。\n \n供不应求：49家驾校争先“抢购”软件 \n \n一开始“推销”时，李庆高还有些忐忑，他知道自己这是违法行为，只要有驾校举报自己就要“进去”，为此他还给自己准备了个周诗的假名字。没想到，他每到一处驾校，就受到了负责人和教练的“热烈欢迎”。\n \n原来，很多驾校为利所趋，盲目扩招学员，却没办法保证每个人都能完成系统规定的培训学时。一部分学员没资格参加考试，就只能压到下一批，浪费成本不说，还会让驾校的名声受损。因此，为了吸引生源，提高培训效率，同时也节省燃油费，驾校争相请李庆高代为制作假学时。\n \n2013年5月至2014年7月，李庆高以每名学员55元的费用，替盐城36家驾校制作假学时，一共赚取违法所得77.59万余元，也就是说，总计有14107名学员通过伪造虚假学时参加了驾驶考试。\n \n2014年6月，李庆高来到泰州拓展业务，短短一个月内，他就联系到了13家驾校，并帮助300多名学员制作假学时，没想到却迅速被举报。\n \n2015年4月22日，泰州医药高新区检察院以李庆高涉嫌破坏计算机信息系统罪向法院提起公诉，法院判处李庆高有期徒刑六年零六个月，并追缴违法所得77.3万余元。李庆高不服，提出上诉。泰州市中级法院于2016年4月作出终审判决，驳回上诉，维持原判。\n \n检察官说法：学时造假无异于饮鸩止渴 \n \n据办案检察官介绍，医药高新区检察院通过办理该案，发现了泰州、盐城两地驾驶员培训市场存在监管漏洞，于是发出检察建议，敦促交通运输管理部门对驾培领域进行三个方面的系统整改。首先，加大政策和法律宣传，使驾校和学员充分了解触犯相关规定的不利后果，杜绝不良风气的蔓延。其次，建议运管部门采用不定期巡查、专项检查、随机抽查等方式加强对驾校的检查管理。再次，从源头上堵塞漏洞，建议软件开发公司对驾驶培训智能化管理与服务系统进行升级，安排专职人员加强对系统的维护和巡查，开发出能够自动识别虚假学时的功能模块。最后，对严重扰乱正常驾培市场管理秩序的涉案驾校，应依法予以严肃处理。对不符合招生条件的驾校，应依法予以关停或注销。对不符合条件而申领到驾驶证件的学员，应责令其重新学习或补考。\n \n检察官提醒广大市民，学习驾驶技术一定要到正规驾校报名，不要轻信报名价格低于市场价格的宣传，利用学时造假无异于饮鸩止渴。如果学车过程中发现权益受到侵害，或者发现驾校存在违法违规行为，要及时向当地运管部门举报，保证自己的利益不受侵害、培训不受影响。\n ', 0, 2, 1475223155, 0, 0, 0, '2774333487 26816235192642620851 2145720986 2681623519 2431435758 2041939550 3904622495 3041731649 2843127934 2597225913', 20, 0, NULL, 0),
(99, 1, '嘻哈学车受邀参加第八届中国国际道路交通安全产品博览会', '      2016年8月29-31日，由中华人民共和国公安部、中华人民共和国商务部批准、中国道路交通安全协会主办的第八届中国国际道路交通安全产品博览会将在广州琶洲保利世贸博览馆(广州市新港东路1000号)举行，本届博览会以“一带一路、交通先行”为主题，采用国际专业博览会运作模式，着力为国内外道路交通安全领域的企业、交通管理部门提供深度交流和合作。\n[attach]116[/attach]\n[attach]117[/attach]\n      在此次博览会中，安徽国华光电技术有限公司、安徽嘻哈网络技术有限公司携自主研发的嘻哈学车电子教练、嘻哈学车网学车平台、国华光电机动车驾驶人考试系统及国华光电模拟考试系统应邀参展。\n[attach]121[/attach]\n[attach]129[/attach]\n[attach]131[/attach]\n[attach]132[/attach]\n      其中，嘻哈学车学员端服务于学员，可为学员提供便捷的在线学车一站式服务;嘻哈学车教练端服务于教练，能帮助教练掌握学员学习情况，并与学员实现信息互通，利用互联网资源整合能力帮助驾校整合零散资源;喱喱驾培云服务于驾校，嘻哈学车自媒体运营系统服务于驾培行业各端，为其提供品牌包装、市场推广、招生引流等全方位自媒体营销解决方案。   安徽嘻哈网络技术有限公司，是一家利用移动互联技术，以创新和用户体验为宗旨，专注于互联网驾考驾培行业的高新技术企业。公司将以创新的服务模式、独特的产品设计、领先的技术平台、完善的全行业解决方案以及共赢的开放合作理念，推动驾培行业的健康可持续发展。\n     在这次展会中，嘻哈网络董事长张全雷将对互联网学车模式、中国驾培行业现状和所面临的问题进行分享，并提出“互联网+”时代下的驾培行业一体化解决方案。 嘻哈学车希望能为您提供更好的服务与真实体验，现诚挚邀请您莅临展台(2号馆B036)参观指导!\n展位信息：A016号展馆\n展会时间：2016 年 8 月 29 日 - 31 日\n展会地点：广州琶洲保利世贸博览馆(广州市新港东路1000） \n ', 0, 2, 1475225515, 1, 0, 0, '2207521704 2339836710 2146336992 2144221152 2084323626 2001322269 2226938469 3694736335 20132368902343320840 2013521697 213383527220250', 19, 0, NULL, 0),
(54, 1, '小米生态链公司青米科技将挂牌新三板', '\n\n 新华网北京8月11日电  8月10日，小米生态链公司青米（北京）科技有限公司母公司北京动力未来科技股份有限公司在京宣布，公司获得全国股转公司批准即将在新三板正式挂牌上市。股票简称：动力未来，股票代码：839032。此举也意味着小米生态链公司青米（北京）科技有限公司借此正式登陆新三板。\n \n    青米科技母公司动力未来主营业务为智能家居产品的研发、设计、制造与销售，目前旗下拥有“青米KINGMI”品牌，主要产品为智能电源转换器、智能电源适配器，智能电能检测和计量产品，室内环境智能等检测产品。其核心技术主要集中在：集成电路技术、通讯协议技术、智能软件平台、模拟芯片技术和铜带一体化技术等多个领域。\n \n    青米科技2015年3月31日发布与小米生态链联手打造的首款产品——小米插线板。青米科技称，该产品2015年4月8日米粉节首发销售当天火爆售出24.7万只。\n \n    青米科技CEO林海峰表示：从零创办公司到取得骄人业绩的小米插线板及青米品牌产品，从初创时的几个人到今天的几十人，青米科技已经一次次突破自我，目前拥有小米3口USB插线板、青米5口USB适配器、青米智能插线板等在售和在研的产品SKU达到十数款。\n \n    林海峰还表示，青米科技的产品所涉及的主要技术与智能家居行业的现状及未来发展方向密切相关，青米科技自创立之初就确立电源产品及网络控制产品智能化的发展方向，在成立以来的研发活动中积累了相当多的技术经验和方案解决经验，公司的产品技术较为复杂且发展速度较快，公司将不断加大研发投入和加速技术升级。\n \n    青米科技表示，将坚持以“精科技，易生活”为理念，为能让更多的人“享受科技，享受美好”而努力。\n ', 0, 2, 1475223204, 0, 0, 0, '2356731859 299832457738142 2084421496 3118525216 2534629260 260321997726495 1997726495', 20, 0, NULL, 0),
(98, 1, '嘻哈学车创业团队荣获中国合肥青年创新、 创业大赛“创业先锋奖” ', '[attach]108[/attach]\n2016年 1月25日下午2时许，以“创客风采 荣耀登场”为主题的第三界中国合肥青年创新创业大赛颁奖仪式在合肥市市政府小会堂拉开帷幕。在隆重举行的青创赛创业之星颁奖典礼上，国华光电副董事长、嘻哈网络总经理张丽华、国华光电副总裁、嘻哈网络董事吴峻岭以及集团公司总裁助理杨利林带领的团队荣获“创业先锋奖” ，并以互联网投票第二名的好成绩使“嘻哈学车项目”家喻户晓，同时被评为网友10大最喜爱的创业项目。这一项目自2015年上半年着手研发，下半年上线并成功应用于车管所与驾校，适逢国务院88号文件的改革东风，深受主管单位和学车朋友的欢迎，赢得市场。\n[attach]111[/attach]省市领导步入颁奖大会会场及合肥市人民政府张庆军市长致辞\n 此次表彰“创业先锋”和“创业之星”中，既有立足当地、服务驾考驾培的本土创业代表，也有在外事业有成、反哺家乡的返乡创业典型;既有朴实的农民创业者，也有刚引进的海外留学回归人才。创业先锋艰苦奋斗的精神、勇创大业的魄力、回报社会的担当，引起现场观众的强烈共鸣，他们的先进事迹感染并激励着大家，现场不时响起热烈掌声。参赛项目主要包括成长创新和初创创意两大类，经历初赛、复审、决赛三个阶段，决赛产生的前10名项目创办人获评“创业先锋”。比赛前10名、前20名、前5名的项目，可分别享受合肥市政府专业对口扶持以及与资本对接的机会。 \n[attach]113[/attach] 洪泰基金联合创始人盛希泰做主题演讲\n为表彰创业先进，弘扬创业文化，造浓创业氛围，动员和激励各类创业主体踊跃投身创业实践，加快建设万众创新的创业合肥，合肥市委副书记、市长张庆军出席并讲话，共青团安徽省委书记李红，市委、共青团合肥市委员会等相关领导等出席，市全民创业工作领导小组成员单位主要负责同志等参加。颁奖大会还邀请了，洪泰基金创始合伙人盛希泰，海德资本集团董事、总经理，美国麻省理工学院教育委员会中国区主席、中国总面试官，云享客联合创始人石岚，阳光电源有限公司副总裁赵为，蝶恋、雀之恋CEO，2011全球十大网商崔万志做主题演讲。\n[attach]114[/attach][attach]115[/attach]\n\n ', 0, 1, 1475225459, 1, 0, 0, '2207521704 2339836710 2101919994 2224238431 3363533719 2001322269 2151232933 3873824180 2101926032 2282336187 2101919994208083815522870', 19, 0, NULL, 0),
(55, 1, '国华网：嘻哈学车与新华德御强强联合开创驾培新时代', '\n2015年8月21日嘻哈学车创始人、董事长兼CEO张全雷与北京新华德御管理咨询有限责任公司”董事长兼总经理南新华在北京签署战略合作协议，共同开创驾驶人培训新纪元的合作协议。\n    张全雷与南新华的“牵手”为中国驾培事业特别是开创性新时代的到来无疑是一件非常重要的联合。张全雷是北斗应用驾考系统开创者，中国驾驶人科目模拟考试系统加入管理功能第一人，2015年7月刚刚被安徽国华光电技术有限公司董事会任命为嘻哈学车董事长兼CEO，起航中国驾驶人学车开放性互联网约车新时代的领军人物；南新华是中国驾校管理网创办人，备受国内驾培行业广泛专注的《王牌教练员十关培训营》的创始人，国内公认的最具影响力的实战派驾校经营管理和驾驶培训专家。张全雷这次与南新华的“握手”被业内誉为，一个驾培科技领域的创客与一个驾培领域的“教父”的强强联合，两个企业最高领导人的最有力“握手“。他们握手的意义重大，在我国全面进入互联网＋驾培时代，通过互联网科技手段，运用”教父“最大影响力，快速推进”互联网智能化约车事业高速发展，势必为国家推动驾驶人自学自考做出了积极贡献。\n    嘻哈学车是安徽国华光电技术有限公司旗下专注于机动车驾驶人通过互联网约车业务，以移动互联手机APP为主的互联网＋驾培产品；嘻哈学车以手机安卓系统、IOS苹果系统国内外应用最多的手机系统为主，兼容其它手机系统的互联网线上产品。近期嘻哈学车董事会已经立项，进入P2P互联网业务，旨在让国人通过网上预约自主选择教练，做有尊严的“学员”，合理安排练车时间，节约学员时间之后，通过互联网金融，让所有想考取驾照的国民，可以“免费”学车，无需有钱，可以提前买车，实现花未来的钱圆梦当下。北京新华德御管理咨询有限责任公司”是目前国内唯一专门从事驾校管理和驾驶培训的研究和咨询的公司，由国内著名驾培专家南新华先生领头组建，现有专兼职讲师和职业校长20余人。公司自筹备和正式建立以来先后在国内不同省市举办“王牌教练员十关培训营”、“驾校经营方略”校长培训班、“新华德御总教练、客服主管”50多期。先后吸纳山东、河北、河南、江西、新疆、内蒙、广东、广西等省市的16所驾校为会员单位，会员单位经过系统改造均出现了员工素质大有提升、企业形象大为改观、市场份额大量增长的可喜变化，其中有6所会员单位被评为“全国文明诚信优质服务驾校”。\n \n \n南新华老师\n    南新华，中国第一家专门从事驾校经营管理研究的专业公司“北京新华德御管理咨询有限责任公司”董事长兼总经理，国内关注驾校教练员队伍素质提升的首本著作、驾校教练员培训第一书《驾校教练员五项修炼》的作者，国内第一本致力于提升驾校经营管理的著作《驾校经营方略》的作者，中国驾培行业主要交流平台《中国驾校管理》网站的创办者，新浪网“驾校经营方略”博客的博主，中国驾校管理网创办人，备受国内驾培行业广泛专注的《王牌教练员十关培训营》的创始人，国内公认的最具影响力的实战派驾校经营管理和驾驶培训专家。\n \n \n人物简介\n    南新华老师曾长期在大型国有企业、外资集团公司的宣传策划、市场营销、法律事务、资本运营等几个领域里任职，期间在国内几十家报刊发表了上百篇企业管理的文章，被破格晋升为高级政工师，2005年后，全身心地致力于驾校的管理。所幸的是，多年来在跨度较大的几个领域里所积累的知识与经验，在这驾校经营管理的舞台上，得到集合并运用。在任职过顾问过的几所驾校以其办学正规、服务优良、招生众多成为全国有影响的品牌驾校。现专职于国内驾校经营管理的研究和咨询，先后到两百多家驾校进行过参观考察咨询和讲座，在数个省市的多所驾校担任顾问，在多个地区举办“王牌教练员十关培训营”和“驾校经营方略”校长培训班，在驾校严密的质量控制体系、完善的服务体系和立体的营销体系上形成了一套完整的经营管理模式。\n \n \n主要著作\n《驾校教练员的五项修炼》、《驾校经营方略》\n主讲课程\n1.王牌教练员培训班\n2.客服主管培训班\n3.招生主管培训班\n4.驾校企业内训\n5.“驾校经营方略”校长培训班\n \n \n主要成就\n1.南新华老师编著的《驾校教练员的五项修炼》一书，是国内关注驾驶教练员职业素质提升的首本著作，是众多驾校培训新老教练员的首选资料。是驾校教练员由“师傅”过渡为“技能型教师”的必读之书，是驾校管理者由“门外汉”转变为“行家里手”的专业教材。\n2.南新华老师编著的《驾校经营方略》一书，是国内第一本致力于提升驾校经营管理的著作，是驾校由“家族化”、“作坊式”向公司化过渡的指导之书；是驾校由短缺经济、质量经济向品牌经济转变的必读之作。\n3.南新华老师在新浪网上创办“驾校经营方略”博客，已发表一百余篇专属论文，成为我国驾培行业有影响力的专业交流园地。\n4.南新华老师独创的“王牌教练员十关培训营”，受到国家交通主管部门、驾校投资者和参训教练员的一致好评。\n南新华语录\n1.对于驾校而言，已经不是求学的年代了，而是求着别人来学的年代了。\n2.打价格战是无奈之举，更是无能之举，因为他不会打服务仗、质量仗和文化仗。\n3.我国驾培市场有三颗毒瘤：一是挂靠培训--把“黑驾校”变成“白驾校”。二是车辆外训--把“整驾校”变成“零驾校”。三是超低价招生--把驾驶培训单位变成驾驶中介机构。毒瘤不除我国驾培市场便不能健康发展，毒瘤不除“马路杀手”还要批量生产。\n4.弱者坐失良机，强者制造时机。没有时机，就是弱者最好的托词。只要你看得远，看得准。危机或许就是别人的悲剧，自己的喜剧。\n5.我们有些校长是问“路”不问“道”，问“走”不问“跑”。适应了不等于成熟了，生存了不等于健壮了。\n6.有差异就是有市场，有差异就是有竞争力，有差异就有利润。差不在于多，而在于独特，在于别人模仿不了。有句俗话说得好：十样会不如三样好，三样好不如一样绝。\n7.当别人卖药的时候，你出售的是健康，当别人卖床时，你出售的是睡眠，你便站到了市场的制高点上；当别人提供的是学驾照的服务，是一种应试的技能教育，你提供的是一种快乐、安全、人生的挑战与体验时，你便站在了驾培市场的制高点上。\n8.肥大不是强大，重量不等于力量，“强”不是完美的，“大”也不是完美的，“强大”才是一种理想的组合。\n9.大而不强是虚胖，虚胖的企业难以做强、做久，做强是做大的基础和前提，强则必大。\n广告长于知名度，新闻长于美誉度，口碑长于真实度。广告打造出来的是“玻璃品牌”，抗风险能力弱；新闻打造出来的是“金银品牌”有一定的抗风险能力；口碑打造出来的是“钻石品牌”，抗风险能力强。\n \n \n驾校校长们的评价\n驾培行者\n    他常年奔波在各地的驾校间，他始终坚持“从实战中来，到实战中去”“端不起衣钵是不能布道”的原则，曾先后在国内外200多所驾校进行深入的考察、调研和咨询讲座。只有沉到海底去，才能捧出珍珠来，他是国内公认的最具影响力的实战派驾校经营管理专家。\n驾培智者\n    他在一所驾校当过三年校长，给诸多驾校做过顾问，根据工作实践，写出了国内首本关注驾校教练员职业素质提升的著作《驾校教练员的五项修炼》，2008年首版发行，已多次改版印刷，已成为国内驾校新老教练员上岗执教培训第一书！他亲临上百所驾校考察调研，深入系统地对驾培市场昨天的历程，今天的挑战，明天的对策作出详尽地阐述，历时四年呕心写作，又推新作《驾校经营方略》，再次将自己的所知贡献给驾培行业。\n驾培医者\n    在驾培行业，他很少锦上添花，多的是雪中送炭，许多驾校在困境中请他做顾问，通过导入新观念、打造新队伍、建立新机制，使之脱颖而出，成为当地驾培市场上的领头羊，其中许多成为当地乃至全国的知名驾校。因此他被业内人士称之为“既会看病更能治病”的驾培医者。\n ', 0, 2, 1475223220, 0, 0, 0, '2226921326 2207521704 2339836710 2603221326 2450324481 24378243783285221512 2432021019 3955022521 260322610220195', 19, 0, NULL, 0),
(97, 1, '凤凰新闻：“电子教练”之父张全雷论智慧驾校发展趋势和美好前景', '[attach]106[/attach]\n摘要：近期，驾培行业最爆表的是什么？驾考改革？驾校招生？驾校转型升级？真正的答案：都不是！现在驾校老板和驾校教练员谈论最多的就是“驾校电子教练！”那么我们看看“驾校电子教练”之父张全雷如何看待它的诞生、它的社会价值和经济价值以及驾校的未来趋势！\n[attach]107[/attach]驾校电子教练之父张全雷：我们不仅仅是创业者更是思想者\n \n       张全雷在不同的场合说过，智慧驾校是未来的趋势，无论驾考如何改革，自学直考走向何方，驾校作为机动车驾驶员培训主战场的角色不会变，驾培行业的健康发展离不开正规驾校。\n \n       国家对驾考改革的“组合拳”至今仍未出完，但有些趋势已经明显确立，就是互联网驱动下的驾培市场模式开启了，学车人追求完美学车体验的诉求会越来越高了……标准化教学、导师级服务只有利用计算机智能化的应用才可以完美呈现，不厌其烦的重复教导学员、纠正学车时出现的错误，看似简单的重复教学，人工智能达到的效果是人无法替代和实现的。\n[attach]110[/attach][attach]112[/attach]\n      电子教练在解放教练员的生产力上会远远超出人们的想象，就像第一次工业革命的蒸汽机出现一样解放了人的体能释放出人力劳动力无法想象的生产力和生产关系的改变。驾校电子教练只是“智慧驾校”补充的一部分也是智慧驾校发展的开始！  \n \n      由于驾校电子教练可以完美替代活人教练员教学或者说更好的教学，给学员更好的学车体验；一人多车的管理模式等经济价值体现。一个超大型驾校一年就可以节省教练员人工成本开支几千万甚至过亿，这无疑是驾校投资者的福音和积极应用驾校电子教练的动力所在。代替活人教练员，痛点变爽点也是提高服务质量的最好途径和手段。电子教练具备了一款感动人心产品的全部品质和优良基因。\n ', 0, 4, 1475225316, 1, 0, 0, '2096420976 2603238395 30005233762594532451 2004329238 243522084038647 2623424935 3955026657 2145723637 3623521183 3265422909 2106926223', 19, 0, NULL, 0),
(56, 1, '中国电科发布企业文化和品牌体系', '\n    新华网北京8月10日电  “一个优秀的企业，必然具有优秀的文化。”8月10日，在中国电子科技集团公司企业文化与品牌发布会上，董事长熊群力系统阐释了文化传承与自信，开启了中国电科文化引领发展的新时代。\n \n    作为深耕于国防现代化和国民经济信息化建设的军工电子国家队，中国电科此次发布文化与品牌，对外传递电科形象、形成品牌定位、丰富产品内涵，有助于增强公司的核心竞争力。\n \n    回顾过去，中国电科获得了不俗的成绩：连续12年、连续4个任期获得国资委考核A级；连续两次荣获任期“业绩优秀企业”和“科技创新优秀企业”；在“十二五”期间销售收入和利润保持双20%以上增长。2015年更是实现了双30%增长，财务绩效首次跃居中央企业的第1名；7月20日，2016年新的《财富》企业排行榜上，中国电科正式步入世界500强行列，位列第408位。\n \n \n图为中国电科启用新企业LOGO。新华网发\n \n    当天，中国电科启用了新的企业LOGO。据介绍，中国电科已经实施了核心理念、经营文化、员工行为、品牌体系、视觉形象建设五大工程，形成了《中国电科文化宣言》《中国电科经营文化纲领》《中国电科员工基本行为规范》和“1+8”品牌框架、新的视觉识别系统等具体成果。\n \n    公司总经理樊友山表示：“发布中国电科文化与品牌，是集团公司企业文化建设的一次自然的回望传承，是作为世界500强企业集团的一次现实的责任宣言，是13万中国电科人栉风沐雨、创新图强的传奇告白和面向新使命、走向新未来的一个新起点、新跨越。”\n \n    作为拥有电子信息全产业链的中央企业，中国电科更加强调通过持续的技术创新，抢占价值链的高端和产业链的关键环节，强化从核心基础元器件、关键装备，到系统集成、运营服务的核心能力；更加强调军民融合、技术融合、产业协同，实现“陆、海、空、天、电”防务领域全面覆盖，支持国民经济信息化建设快速发展；更加强调集团主导，规划引领，形成支撑“安全、智慧”两翼齐飞、协同发展的品牌体系。\n \n    结合公司的八大板块产业布局，为了支持产业发展，中国电科将重点打造“CETC中国电科”企业主品牌，形成电科防务、电科网信、电科安防、电科航天、电科能源、电科交通、电科装备、电科基础八个领域品牌支撑的“1+8”的品牌布局；以“CETC”主品牌为引领，全面整合军工要素品牌、民品领域品牌和军民融合产品品牌，形成“一主多元”的品牌体系。\n \n    在中国电科未来的发展版图上，将始终把国家发展、社会进步作为企业最重要的价值追求和文化理念，始终以“引领电子科技、构建国家经络、铸就安全基石、创造智慧时代”作为企业使命；始终以“责任、创新、卓越、共享”作为核心价值观；坚守“铁肩担大任、冲上山顶论英雄、联合起来办大事、做就做到最好、让创新成为习惯、共享才能共赢、创造幸福而有尊严的生活”等价值信条，为实现“成为电子信息领域具有全球影响力的科技型企业集团”的愿景而努力。\n ', 0, 2, 1475223230, 0, 0, 0, '2226930005 2145724067 20225199942599121270 2169729260 2030731995', 20, 0, NULL, 0),
(101, 1, '第三届青年创新创业大赛嘻哈学车获得网友最喜爱项目', '       2016年1月25日，“阳光电源”杯第三届中国合肥青年创新创业大赛颁奖典礼在市政务中心小会堂隆重举行。市委副书记、市长张庆军出席典礼并讲话，团省委书记李红，市委副书记凌云，市人大副主任宋家伟，市政府副市长王翔，市政协副主席奚芝英，市政府秘书长柴修发等领导出席并颁奖。\n[attach]118[/attach]\n       张庆军说，合肥是一个具有优良创新基因和深厚创业土壤的城市，青年群体是最富活力，最具创造性的群体。从2015年的各项经济指标来看，创新创业已经成为带动合肥经济发展的新引擎，合肥市的“双创”工作也受到国家和社会的高度认同。希望广大青年创业者要抢抓机遇，奋发作为，敢为人先、开拓进取积极投身“双创”实践。全市各级各部门要高度重视和支持青年创新创业，提供更有利的条件，搭建更广阔的舞台，营造更良好的环境，兑现落实扶持政策，帮助解决项目、资金、技术、场所等难题，做好创新创业青年的“后台服务器”和“青春合伙人”。\n[attach]120[/attach]\n 据悉，本次大赛最终评选出创业组一、二、三等奖，创新组一、二、三等奖及网评组优秀项目和“创业之星”、“创业先锋”、“最具潜力奖”等单项奖。据了解，一、二、三等奖将获奖金总额最高10万元的现金奖励及相关政策扶持。\n\n  据团市委城市部负责人介绍，此次创新创业大赛自2015年9月份启动以来，共收到报名项目200余个，其中外地项目78个，涉及电子商务、互联网+服务、现代农业、软件开发等多领域。大赛期间，团市委组织还组织了“青年创客高校行”、“创业训练营”、“政策对接会”、“导师面对面”等系列活动，为青年搭建一个“零距离”与政策、资本对接的平台。', 0, 1, 1475225647, 1, 0, 0, '315321997723626 3873824180 2101926032 2101919994 2282336187 2207521704 2339836710 3371924471 3259321451 2191629233 3903330446', 19, 0, NULL, 0),
(57, 1, ' 报告：我国固定宽带普及过半移动宽带超过六成', '\n    新华网北京8月12日电  宽带发展联盟在国内首次发布的《中国宽带普及状况报告》（简称《报告》）显示：截至2016年第二季度，我国固定宽带家庭用户数累计达到25720.1万户，全国固定宽带家庭普及率为56.6%；我国移动宽带（主要指3G和4G）用户数累计达到86918.9万户，全国移动宽带用户普及率为63.8%。\n \n    《报告》显示，截至2016年第二季度，我国固定宽带家庭普及率和移动宽带用户普及率分别比2015年末提升了16.6个百分点和6.8个百分点。\n \n    从各地的宽带发展普及状况看，固定宽带家庭普及率方面，浙江省最高，达到89.1%，排在前五位的地区还有江苏省、北京市、广东省、上海市；移动宽带用户普及率方面，北京市和上海市排在前两位，分别达到129.9%和102.6%，均超过了100%，排在前五位的地区还有浙江省、广东省和宁夏回族自治区。\n \n    宽带普及状况是衡量一个国家和地区社会经济发展状况和信息化创新驱动力的重要指标。《中华人民共和国国民经济和社会发展第十三个五年规划纲要》将固定宽带家庭普及率和移动宽带用户普及率作为“十三五”时期我国经济社会发展主要指标之一。近年来，通信行业主管部门持续开展宽带专项行动，快速推进光网城市建设，着力建设4G网络，实施电信普遍服务补偿机制，大力推动我国的宽带发展普及。\n ', 0, 2, 1475223279, 0, 0, 0, '2525321578 2510522269 2226623450 2348524102 2622221450 3680721322 3122721160 3622936807 2084525104', 20, 0, NULL, 0),
(58, 1, '新能源汽车范围调整 行业整合一触即发', '\n \n据经济之声《天下财经》报道，工信部最新发布的《新能源汽车生产企业及产品准入管理规定》修订征求意见稿，引发行业关注。业内人士和专家认为，征求意见稿在企业准入门槛以及产品安全监控方面的要求，将改变新能源汽车行业的竞争态势，使行业更加规范。\n \n新能源汽车范围调整 行业整合一触即发\n \n根据征求意见稿，工信部将新能源汽车范围调整为纯电动汽车、插电式混合动力汽车和燃料电池电动汽车，并强化了新能源汽车产品的安全监控，要求对已经销售的全部新能源汽车，进行运行和安全状态的全生命周期实时监控。汽车行业评论员张志勇认为，重视品质，有助于新能源汽车市场良性循环。\n \n张志勇：我们现在有一些企业在生产新能源汽车产品的过程中，对品质把握投入的力量是不够的，这个政策可以控制产品可能对消费者的伤害，这对于汽车企业来说，才是一种非常重要的约束。这种约束会让他们更注重品质的管理，带来我们整个新能源汽车市场良性的循环。\n \n硬指标增多 新能源汽车行业准入门槛将提高\n \n品质可以提升，但另一项规定则直接关乎新能源车企的生存。在企业准入方面，以前的规定是：企业应掌握车载能源、驱动系统、控制系统三项“核心技术”其中之一，而根据征求意见稿，现在则要调整为：应具备控制系统的开发能力，以及车载能源和驱动系统的集成、匹配能力。也就是说，控制系统的开发成了必要条件。\n \n业内人士指出，这是对骗补行为釜底抽薪的举措。既然要有控制系统的开发能力，以往弄块电池，东拼西凑成整车，再虚报里程骗补的做法肯定就行不通了。而张志勇表示，控制系统的开发能力，可能需要更精确的定义。\n \n张志勇：控制系统整个的标准执行到什么程度？咱们举个例子，比如发动机，我们是说任何一个企业有发动机的生产能力，还是说发动机里面的每一个电子元器件都要求自己去生产？这个其实是不一样的。\n \n新标准加速行业洗牌 新能源汽车迎来发展春天\n \n意见稿还要求，之前取得资质车企，应当进行改造，并报送符合规定的审查计划，并在两年内完成审查。没有按时完成审查的，暂停生产、销售有关新能源汽车产品。而据了解，目前不少所谓的新能源汽车企业，都不具备控制系统的研发能力。甚至一些知名的企业，也不符合条件。中国汽车工业协会常务副会长董扬表示，这意味着行业接下来将加速整合。\n \n董扬：工信部目标是将来新上的纯新能源车企不超过10家，现实情况是，新能源汽车厂家和传统汽车相比好像多了一倍，那反正就要该整合的整合，该退出的退出。以前是鼓励大家干新能源汽车，不光整车厂可以干，改装车厂也可以干，准入比较松。现在看样子需要调整了，调整到必须有一定的水平，有一定的资质才能干。\n \n不过，根据最新数据，今年1到7月，新能源乘用车累计销量为15万辆，虽然同比大增140%，但是仍然只完成了年度目标的两成左右。那么，提高准入门槛，会对新能源汽车销量产生影响吗？董扬认为不会。\n \n董扬：这个不会有影响，那些差的退出更好，市场会更加优化，用户会更加放心，产业发展会更加健康。我们认为下半年销量肯定会升高，因为从上半年看也是逐月在增加。\n \n新能源汽车产业需要政策和市场“双轮驱动”\n \n由于承担着汽车业“弯道超车”的重任，新能源汽车行业一直备受政策优待。有统计显示，针对新能源汽车的优惠政策涉及电池、充电桩、限行限购、国家补贴、车船税等多个方面，从生产制造到应用推广，几乎享受着“一条龙”的政策红利。2015年，仅是中央层面出台的主要新能源汽车鼓励及引导政策，就多达20多项。\n \n在政策的呵护下，新能源汽车产业成长迅速，近年来的产销增速更是频频翻倍，甚至翻好几倍。但与此同时，由于长期“开小灶”，行业也滋生了一些不良风气。一些企业不重技术，产品东拼西凑，简单模仿抄袭；也有企业弄虚作假，夸大电池续航里程；更有一些企业，钻政策的空子，想方设法骗取政府补贴。\n \n从现实来看，新能源汽车的优惠政策完全退出还不现实，但完全可以创造条件，让市场优胜劣汰。相关部门已经明确，新能源汽车补贴政策将逐渐退坡，相信车企会因此重拾危机意识。而工信部这次的意见稿又要求，加强新能源汽车的安全监控，接下来车企势必将围绕产品品质展开竞争。可以预见的是，由政策和市场双轮驱动，将是未来一段时间内，新能源汽车健康发展的关键。（记者 吕红桥）\n \n ', 0, 2, 1475223310, 0, 0, 0, '260323302128304 2777336710 3353922260 3584325972 3489219994 2597221512 19968353022136321457', 20, 0, NULL, 0),
(59, 1, '中汽协：前7月汽车产销保持稳定增长 初步现下行压力', '\n据中国之声《全国新闻联播》报道，中国汽车工业协会今天(12号)下午发布数据显示，1至7月我国汽车产销保持稳定增长，但也初步显现下行压力。中汽协有关负责人建议，继续实行低排量乘用车鼓励政策。\n \n近年来，7月一直都是我国汽车产销的低点。但根据中汽协数据，虽然7月汽车产销环比分别下降4.38%和10.59%，同比却有显著增长，分别达到28.9%和23.03%。其中，乘用车产销同比增速继续高于汽车总体。\n \n总体看今年前7个月，汽车产销增幅比上半年继续提升。suv车型同比增长明显，轿车略有下降，交叉型乘用车降幅最大、超过3成。\n \n中汽协秘书长助理陈士华分析说，汽车产销同比增速稳步增长的原因包括去年基数较低、刚需仍然存在，以及去年10月开始、将延续到今年年底的1.6升及以下乘用车购置税减半政策。\n \n陈士华介绍，今年前7个月，1.6升及以下车型的占有率是非常平稳的，占70%以上这样一个态势，说明我们1.6升的政策还有一定的作用。另外除了基数低，1.6升的政策之外，老百姓购车应该还是一个刚性的需求，除了大城市限购之外，二三线城市还有一些偏远的地方的需求还是很旺盛的。\n \n此外，中汽协发布的二季度汽车产业景气指数显示，反映预期的先行合成指数已经连续两个季度出现下滑态势，表明未来存在下行压力。中汽协副秘书长叶盛基建议，明年延续对低排量乘用车的鼓励政策。\n \n叶盛基表示，我们也在积极呼吁国家有关产业主管部门，延续1.6升及以下乘用车购置税减半政策，低排量、小型化的车辆应该作为未来我们引领产业发展的一个重要车型之一。(记者 庄胜春)\n ', 0, 2, 1475223335, 0, 0, 0, '2001327773 726376 2777336710 2013538144 2044525345 31283234502268638271 2102127493 1997934892 2138721147', 20, 0, NULL, 0),
(60, 1, '英国黑科技：蜻蜓无人机现身', '\n蜻蜓无人机、虚拟现实训练头盔、量子重力仪……这些可能在电影中看到的设备可能很快成为现实。据英国广播公司报道，隶属于英国国防部的创新与研究洞察局近日透露了未来国防创新发展计划，揭秘了多项可能投入生产的高科技武器，而其中最引人瞩目的莫过于蜻蜓无人机侦测系统。\n \n随时栖息在窗台上监视可疑分子\n \n蜻蜓无人机将成为英国对抗恐怖分子的新武器。英国国防部创新与研究洞察局近日透露了未来国防创新发展计划，其中最引人瞩目莫过于新型的蜻蜓无人机侦测系统。这种巴掌大的无人机能够飞进戒备森严的敌方阵营，为士兵侦察敌人的位置，让恐怖分子将无所遁形。除了蜻蜓无人机，创新与研究洞察局还考虑推出激光武器、量子重力仪等多种尖端军事产品。\n \n带着翅膀的侦查无人机\n \n蜻蜓无人机由位于英国牛津的动物生态学公司开发，是一种“带着翅膀”的微型无人机系统。根据设计草案，蜻蜓无人机基于蜻蜓仿生学设计，拥有昆虫状的两对翅膀和四条腿，这让它能够在空中以多种模式稳定地飞翔，随时栖息在窗台上监视可疑分子。\n \n为了让蜻蜓无人机在白天和黑夜都能收集情报，研究人员在它的前端安装了最先进的传感器系统。这种传感设备让它能够检测到眼前的物体和建筑物，避免在高速飞行时撞到障碍物。\n \n除了用于检测复杂的城市环境，蜻蜓无人机还将用于战场环境侦查，为士兵提供恐怖分子的位置等信息。由于体型只有手掌大小，蜻蜓无人机很难被发现，“就像穿了隐形斗篷“。英国《每日邮报》称，这种小工具甚至可以飞进满是圣战者、戒备森严的房间里，通过拍照的方式向前方提供情报。\n \n英国国防部希望，蜻蜓无人机能“对未来探查并收集城市和战场环境信息的方式产生巨大的冲击”，以此保护英国国内和前方士兵的安全。\n \n激光武器让飞行员瞬间失明\n \n除了蜻蜓无人机，创新与研究洞察局还在研发量子重力仪和“星球大战”风格的激光武器、虚拟现实训练头盔以及自动测毒机器人。\n \n过去探知地下结构往往需要数周时间，而英国伯明翰大学开发的极冷原子的量子重力仪可以在几分钟内精确地测量出当地的重力场。这意味着，前方士兵可以迅速侦察到敌人的隧道和炸药库，也可以更快地在救灾地区找到幸存者。专家表示，一旦研发成功，绘制叙利亚、伊拉克的“圣战者隧道地图”就不再是难事。\n \n“星球大战”风格的激光武器也可能成为英国陆军的新装备。根据《每日邮报》公布的示意图，这种正在开发的激光武器能够从地面瞄准无人机和常规飞机，并以三种方式向敌人发起精确攻击。第一，在敌方机翼上烧出一个大洞，破坏其电子设备，以此摧毁飞机。这最致命的攻击方式。第二，利用激光让机组人员瞬间失明，迫使飞机下降。第三，用激光攻击飞机传感器，让飞机无法正常工作。在这种情况下，飞机仍然能够飞行，但无法发射导弹或投掷炸弹。\n \n同时，虚拟现实技术将用于英国士兵的训练。英国国防部目前正在利用“虚拟现实头盔”让士兵接受模拟战时训练。这意味着，可以在士兵被派往前线前进行能力测试，以减少不必要的伤亡。\n \n需通过审查才能成现实\n \n不过，并非以上所有的产品都将成为现实。只有在通过创新与研究洞察局为期数月的审查，这些产品才能在今年年底拿到英国国防部8亿英镑的发展基金，并在接下来10年里从实验室走向战场。\n \n英国国防部长迈克尔·法兰说，这些创新举措将增加英国国防和安全部队的优势。“利用最聪明的大脑，将让我们对敌人保持领先优势。”法兰还表示，在接下来10年里，英国国防预算中用于支持科技创新的预算比例每年都会上升，“确保英国在越来越危险的世界上保持安全”。\n ', 0, 2, 1475223383, 0, 0, 0, '3352122269 3118525216 3461934579 260802015426426 2961636523', 20, 0, NULL, 0),
(61, 1, '工信部通报32款APP 多涉强行推广无关软件', '来源： 科技日报\n \n近日，工信部网站发布《工业和信息化部关于电信服务质量的通告（2016年第3号）》。通告称，第二季度，工信部组织对42家手机应用商店的应用软件进行技术检测，发现不良软件32款，涉及违规收集使用用户个人信息、恶意“吸费”、强行捆绑推广其他无关应用软件等问题。\n \n在被通报的32款软件中，存在强行捆绑推广其他无关应用软件问题的最多，有23款，多以游戏为主，如超级玛丽、水果爆破、恐龙世界，还有股市风向标、童话录音王、测试你的另一半长相等其他软件；其次涉及恶意吸费的有6款，违规收集使用用户个人信息的有2款，用户不知情的情况下自动向外发送短信的有1款。\n \n此外，从这些软件的下载平台上来看，以上32款软件中有5款来自百度手机助手，5款软件均存在强行捆绑推广其他无关应用软件的问题；4款来自7PP趣应用，也都存在上述问题；还有2款来自应用宝、2款在天翼空间。\n ', 0, 2, 1475223442, 0, 0, 0, '240372044937096 3689025253 3227454 app 2281028041 2437834892 2551224191 2608020851 3671920214', 20, 0, NULL, 0);
INSERT INTO `xh_article` (`id`, `uid`, `title`, `message`, `comments`, `views`, `add_time`, `has_attach`, `lock`, `votes`, `title_fulltext`, `category_id`, `is_recommend`, `chapter_id`, `sort`) VALUES
(62, 1, '嘻哈学车董事长兼CEO张全雷新年演讲：2016年离互联网学车梦想再进一步', '[attach]71[/attach]\n 嘻哈学车创始人CEO张全雷新年第一天发表移动互联网产业主旨演讲。张全雷演讲称，嘻哈学车梦想通过技术创新让学车变得更快乐，2016年将离这个梦想再近一步。\n       张全雷表示，展望未来，特别希望嘻哈网络能在前沿的技术领域探索和产业创新层面，成为未来代表性的公司和国家企业，而不仅仅是一家竞争和生存能力很强的公司。“我们希望从学车软件大战中走出来的企业，不要仅仅成为市场层面格局的重塑。未来哪怕在最激烈的竞争当中，我们也能推出新的产品和商业模式，也能够成为应用技术型的创新代表企业。让学车更快乐。这是嘻哈学车的梦想，2016年我们希望离这个梦想再近一步。” \n       在PC时代（电脑）解决的是“痛点”，那么在移动互联网（手机）时代解决的将是“痛点加体验”；随着智能手机的普及和移动互联网技术的快速发展，驾校行业开始加入到移动互联网行业中。2015年学车软件行业开始进入高速发展时期，学车软件企业也如雨后春笋般迅速崛起。直到2015年最后一个季度，整个行业还在活跃的就剩下了“嘻哈学车”、“驾考宝典”、“驾校一点通与58学车”三家企业，而且还处在激烈竞争的阶段。大浪淘沙中互联网学车平台已经重塑市场格局。   \n       在这场互联网学车软件大战中，张全雷看到了很多，同时也亲身经历了很多发生在身边的故事。据张全雷介绍，其实2015年的学车软件大战一开始就是一个偶然事件，并非外界所说的这背后一定有巨头在设计一个巨大的阴谋。2015年先是58同城收购驾校一点通，国华光电宣布进军互联网学车既“嘻哈学车”，接着小米科技入主驾考宝典迅速的引爆了整个市场，很突然而且竞争很残酷的。”   \n       张全雷：在2015年12月国务院88号文件发布之前，互联网学车平台企业在所有“外人”眼里都是像滴滴出行一样的互联网企业一样，是颠覆传统的，很多人也认为是逆势走独木桥的，但我一直非常坚信是顺势而为，做自己擅长的事情。嘻哈学车出身好，我们一直都是在驾考驾培行业“混饭”吃的人，没有人比我们更加了解这个行业及上下游的关联度和痛点了，我们可以做到不去相信“利我”，只相信客观需要。互联网学车平台之前我们做驾校模拟考试系统设备，做交警车管所驾驶人考试系统软件及设备，对驾校产业和技术之间有“知已”般的了解，这也是我们比翻墙进来“趁火打劫”的人更懂驾培和技术之间的“粘合度、关联性”的客观事实。   \n       在经历残酷的市场竞争后，张全雷对创业以及移动互联网技术的发展也有了自己的认识。张全雷表示，一个初创公司，不管从资金还是系统都面临着巨大的挑战，扛过来了就上一个层级。互联网学车市场的打法不能像打车软件的打法一样打，这种偶发事件背后有它的必然性，必然是因为互联网激烈的竞争和充沛的资本，已经让现在的中国互联网从免费经济走到了补贴经济，互联网最早是收费经济的，最早的Windos操作系统是收费的，最早的杀毒软件是收费的，免费经济的代表周鸿祎带领360干掉了所有的收费杀毒软件，马云带领淘宝干掉了eBay，整个互联网竞争越来越白热化，淘宝用来教育用户的十年在O2O行业里被压缩到了一年。   \n       在谈及2016年的规划，以及嘻哈学车未来的突破到底是什么时，张全雷认为，未来嘻哈的发展规划是不断的去通过创造好的服务，不断的去通过产品创新和技术升级，来赢得市场。因为在张全雷看来，不管是免费经济还是补贴经济，它始终是营销层面的创新。“我相信随着整个资本的趋于理性，寒冬的到来，整个行业还是会回归到商业的本质。”我们现在面临最大的压力不是资本，我们的母体公司已经上市了，可以做到自给自足完成第一轮的资本融合。我们最大的压力是在解决用户“驾校”的信任度，这是我们所有挑战里最大的挑战。   \n       据张全雷介绍，虽然互联网学车软件看起来很时髦，其实我们国家学车人依然是通过驾校报名点直接报名的传统模式学车的较多。2015年12月国务院88号文件正式提出通过互联网预约考试，手机APP预约考试等，才真正的让“互联网学车”可以时兴起来。即便这样的文件，也是被媒体或者利益机构解读的“歪了”。重庆市在2015最后的几天出台驾驶人“自学直考”全面放开文件，利用互联网平台约考，整个行业才“统一”了声音。接下来的就是很多驾校和利益机构开始按耐不住欲进入“学车软件”领域，跟风的会很多。在短期内会有很多“搅局”者让我们头疼，最多一年他们就会销声匿迹的。就像打车软件一样，当初多少人在做，现在就剩下滴滴和快的了。   \n       据了解，目前嘻哈学车已经覆盖全国100多个城市，用户突破100万，并为10多万教练提供软件装机，最大的工作量就是教他们使用上。同时，嘻哈学车即将成长为涵盖互联网学车、互联网旅游、互联网商旅、交通出行服务、陪驾、代驾等多项业务在内的一站式出行平台。对于2016年的发展，张全雷表示，2016年我们希望关乎人民群众考驾照难，学车遭罪的问题得以彻底解决。“我们希望有限的驾校训练场能够承载更多的教练车和学员，能够提高整个驾校的效率。让学车更快乐，考驾照更轻松，这是嘻哈学车的梦想，2016年我们希望和驾校以及社会一道实现这个梦想。', 0, 2, 1475223442, 1, 0, 0, '2207521704 2339836710 338912010738271 ceo 243522084038647 2603224180 2843635762 201624180 201143285232593 2679024819 20877368271996827493', 19, 0, NULL, 0),
(95, 1, '热烈祝贺华东地区第一家自媒体既“嘻哈号外”IOS版本今日上线', '国华快讯：由安徽嘻哈网络技术有限公司研发并投放市场的华东地区第一家自媒体“嘻哈号外”今日IOS版本正式上线，预计在4月10日左右正式在线使用。嘻哈号外是集团公司继嘻哈学车之后推出的系列互联网产品。嘻哈号外本着“树立驾校品牌、服务驾校招生为基线”，“让驾校说你想说，让学员看你想看”为切入点，由嘻哈学车团队推出的中国第一家专注驾校经营管理、品牌发展的互联网开放性媒体。  \n[attach]100[/attach]\n[attach]102[/attach]\n ', 0, 3, 1475225026, 1, 0, 0, '2890928872 3106936154 21326199962232021306 1996823478 2318620307 22075217042149522806 ios 2925626412 2017026085 1997832447', 19, 0, NULL, 0),
(63, 1, ' 前7月中国市场卖出3亿部手机 国产品牌占九成', '\n中国手机市场正在经历新一轮洗牌，本土手机品牌已占到国内市场的九成左右份额，而苹果、三星则出现下滑。\n \n中国信息通信研究院10日发布数据显示，2016年1-7月，中国国内手机市场出货量3.04亿部，上市新机型900款，同比分别增长8.1%和下降6.7%。如果只计算7月份一个月，国产品牌手机占到全部出货量的93.6%。\n \n1-7月，国产手机品牌出货量2.73亿部，同比增长18.7%，占同期国内手机出货量的89.7%；国产品牌上市新机型860款，同比下降6.2%，占同期国内手机上市新机型数量的95.6%。\n \n在过去的一年多时间里，华为、小米、OPPO、vivo等国内品牌强势崛起。IDC(国际数据公司)发布的2016年二季度数据显示，全球手机出货前五名仍是三星、苹果、华为、OPPO、vivo，排名与上个季度一样。\n \n相比去年同期，vivo和OPPO两个品牌获得了较大幅度增长，其中vivo同比高达80.2%的增长让它成功跻身全球前五的行列，vivo的这一变化主要是来自中高端产品销量的提升。\n \nIDC称，华为、OPPO、vivo三家企业在中国市场上表现出了强劲的冲击力，而且未来的优势很有可能会更加明显。近几年来，这三家企业在研发、技术积累方面的成果显著，华为的基础通信技术、OPPO的充电、vivo的拍照都已经建立了足够的产品技术壁垒。\n \n曾经的“霸主”苹果和三星则出现下滑。苹果公司2016财年第三季度(3月27日-6月25日)，在中国的收入大幅下滑33.1%，至88亿美元。尽管苹果在高端仍保持优势，但中低端品牌，遇到中国国产品牌的冲击。三星也有所衰落，在中国市场甚至排不到前五名。(记者 刘育英)\n ', 0, 1, 1475223522, 0, 0, 0, '726376 2001322269 2406622330 2133420986 320159 2516326426 2226920135 2169729260 2006125104', 20, 0, NULL, 0),
(64, 1, '当互联网学车邂逅了电子教练，驾校将会如何变化？', '\n摘要：驾培行业吵的沸沸扬扬的驾照“自学直考”，再到基于互联网＋人工智能的“嘻哈学车电子教练”，驾校举办者从谈网色变，到谈网爱恋，这是一种从心境到心境，从思想到思想的心路历程。因为我们校长意识到了，互联网时代推动历史进步给驾校带来的价值和全新的经营方式转变，顺势而为，兴；逆势而为，死！这自古不变的真理，那么我们如何顺势而为，拥抱网络和机器人呢？\n \n \n首先谈选择：互联网学车平台在驾改东风吹过的地方，如雨后春笋拔地而起，基于各种模式的互联网学车平台让驾校老板眼花缭乱，无法选择。那么作为一名互联网学车从业者，我从驾校老板的角度来浅析一下如何选择互联网学车。\n \n其次谈心态：我们无法选择的“举棋不定”主要的原因是，我们在思索着如何规避互联网学车对传统驾校的“颠覆”？在观望互联网学车走不走的通，走向何方？在等待，看看其他驾校如何用，用的效果怎么样？我们要清醒的认识到在驾照“自学自考”政策下，互联网改变人类生存方式的大环境下，走网络约考已经是行业无法改变的现实，网络约考势必会催生网络学车繁荣和发展。我们驾校举办者必须坦然的面对和接受，如何选择和使用互联网学车的底线？这个是问题的关键。\n \n1、 我们如果选择走驾校与教练“合伙型”经营模式，我们就应当选择“互联网＋教练”直接接单的互联网学车平台，这样的好处就是把教练员变成了驾校的“二级合伙 人”，人人都是招生员人人都是小老板，走的是分享经济思维模式。优点是直接节约了招生费用开支和经营费用开支，缺点是我们的二级合伙人移情别恋的概率会增大。\n \n2、我们如果选择走“互联网驾校”经营模式，我们就应当选择具有互联网驾校管理系统的“互联网＋驾校”接单的互联网学车平台，这样的好处就是驾校具有可控性和支配权，优点是多了互联网生源渠道，缺点这种模式并不会减少传统驾校的开支和投入。\n \n3、我们如果走“传统驾校与互联网学车”相结合的模式，好处就是原有经营模式基本不会改变，是体制内增加了新的经营模式，经营模式双轨制。优点驾校从业者们接受比较快；缺点就是转型升级不彻底，会贻误驾校转型升级的机遇。\n \n4、保持传统不变，继续按照原有经营模式经营，这样做势必在:“交管12123”全国强制性使用时，会丧失很多生源，好处就是短期内不必因驾校转型升级而牺牲既得利益。\n \n5、走互联网电子驾校经营模式，是传统驾校转型升级最理性也是最理想的一种“生态转型”，通过“科技强校”利用嘻哈学车电子教练节约50%驾校经营费用开支，同时也可以利用网络平台聚合生源甚至教练员；缺点就是前期需要投资购置“嘻哈学车电子教练”改装教学车辆。\n \n总而言之，在整个驾培行业转型升级阶段，我们驾校的盈收少了，我们驾校老板的钱袋子越捂越紧了，投资呈低迷态势，其实这种思维是要不得，也是直接影响驾校未来的一种落后思维。根据公安部交管局官方公布的数字，上半年我们新增机动车驾驶人数量突破1600万，创历史新高，这些数字充分说明，并不是人口红利和互联网导致老牌名校生源萎缩的原因，是驾校在短时间内急剧增多导致。那么，我们如何PK掉我们的竞争对手，除了我们加强经营管理、服务意识的内功修炼外，最终起到决定性作用的，就是我们驾校转型升级的速度和强度。危机中，我们做到了顺势而为，才可以大有作为。\n \n来源：国华光电官方网站，嘻哈学车电子教练，第一款基于互联网?人工智能的学车电子教练！安徽嘻哈网络技术有限公司出品！\n \n ', 0, 2, 1475223551, 0, 0, 0, '201143285232593 2339836710 3699436869 3000523376 2594532451 3955026657 2355820250 2146421270', 20, 0, NULL, 0),
(102, 1, '多家媒体报道：嘻哈电子教练：学员尖叫学车是一种很爽的体验', '[attach]123[/attach]摘要：当记者走进合肥八一驾校东环训练场，整个场地几十辆科目二教练车在有条不紊的进行着驾驶技能的实车练习，与以往不同的是，很少可以看到教练员在现场指挥。随后记者采访了刚刚练习结束的学员王妹女士，王女士告诉记者：“现在教我们练车的是一种叫电子教练的仪器，它完全代替了真人教练教学，用起来很爽，不再担心练习过程中犯错被教练批评了，而且会不厌其烦的指导、修正我们练习过程中出现的问题，指导我们按照正确的方式开车。”随后记者电话连线了“电子教练”生产厂家安徽嘻哈网络技术有限公司产品经理孟良工程师，孟经理告诉我们，电子教练并不是完全取代教练。在传统的方式中，一个教练使用一辆车教学，而使用“电子教练”可以3-5辆车同时教学，教练只需要在学员上车前简单的培训一下就可以自行上车进行练习了。\n[attach]124[/attach][attach]125[/attach]1、那么电子教练到底是一款什么样子的产品呢？\n嘻哈电子教练教考系统简称“电子教练”，是一款辅助教练教学，帮助学员更快、更好、更准确掌握驾驶技能的学车教学系统。“电子教练”希望在改善学车人实际练车体验感同时，也增加学车人接触高科技的机会，降低他们与考驾照时的“数码鸿沟”。\n“电子教练”由安徽嘻哈网络技术有限公司研发，拥有精确的卫星定位系统，能对教练车精确定位并实现与考试系统项目一致的评判功能，它利用车载工控机显示虚拟现实三维电子地图并具备自动化人工智能教学修正功能，具备各种科目练习景象和发声，直观明了的指导学车人进行驾驶技能练习，在指导业务上完全可以替代真人教练，同时它也能记录训练中的练习详情和练习成绩。在科目二实车教学中可以解放教练员的人力资源，也可实现一个真人教练同时管控3-5台教练车进行教学工作，为驾培单位增强教学资源力量、降低驾校运营成本、提高教学质量和考试通过率提供了强大的科技支持。“电子教练”运用虚拟现实及人工智能科技，确保学车人驾驶动作的正确，并实时记录练习过程和播报成绩，学员不仅随车就可以看到练习记录和成绩，而且可以通过嘻哈学车APP查看历史学车详细记录，帮助学员找到不足，提高训练针对性。学车人对此系统特别追崇，都非常乐于跟这位特别的教练进行练车。[attach]126[/attach][attach]128[/attach]2、电子教练优势特色\n1)精确的卫星定位系统，能实现与考试车完全一样的考试评判功能。\n2)自动化人工智能教学修正功能，具备各种科目练习景象和发声，直观明了的指导学车人进行驾驶技能练习，在指导业务上完全可以替代真人教练。\n3)具备虚拟三维电子地图，可以实时呈现教练车在训练场地中的位置。\n4)记录训练中的练习详情和练习成绩，不仅随车就可以查看，而且可以通过嘻哈学车APP查看历史学车详细记录，提高训练针对性。\n5)运用虚拟现实及人工智能科技，确保学车人驾驶动作的正确。\n6)科目二实车教学中可以解放教练员，实现一个真人教练同时管控3-5台教练车，为驾培单位增强教学资源力量、降低运营成本、提高教学质量和考试通过率提供强大的科技支持。\n7)成本适中，技术服务贴心，系统稳定可靠。\n 8)学员热烈追捧，乐于使用此系统进行练车。', 0, 3, 1475225871, 1, 0, 0, '2281023478 23186203072525336947 2207521704 3000523376 2594532451 2339821592 2357421483 2339836710 1996831181 2030739564', 19, 0, NULL, 0),
(65, 1, '虹膜识别首次应用驾考签约仪式今日在国华光电举行', '\n      9月10下午，虹膜识别首次应用驾考签约仪式在安徽国华光电技术有限公司举行隆重签约仪式，合肥虹视信息工程有限公司总经理柏一博，安徽国华光电技术有限公司董事长兼CEO张全雷出席了签约仪式，参加签约仪式的还有来自长三角优秀企业家代表“太红汇”重要成员单位负责人。\n[attach]72[/attach]\n       虹膜识别”技术被广泛认为是21世纪最具发展前途的生物认证技术，其发展优势已经在全球各地的各种应用中逐渐显现出来。此次国华光电引进虹膜识别技术应用于驾考系统安全认证在行业尚属首次。随着虹膜识别技术广泛应用于驾考系统，势必会对驾驶人考试系统安全认证起到积极作用，基本可以杜绝在驾照考试过程中“替考、作弊、违法操作”等行为。\n[attach]73[/attach]\n[attach]74[/attach]\n       太红汇秘书长、南京温商协会会长陈丽华代表太红汇成员发言：“陈秘书长说，太红汇成员是来自全国各地、各行各业优秀企业家代表，虹视信息与国华光电都是我们太红汇成员单位，柏一博同志与张全雷同志也是我们太红汇发起人之一，我们坚守太红汇“聚似一团火，散失满天星”的崇高愿景，秉承强强联合、互相融合、做大做强、做出特色的精神，充分利用太红汇圈子力量，把太红汇圈子经济推向新的高度。今天，柏一博与张全雷两位兄弟的握手，为太红汇发挥圈子经济树立了榜样，我和太红汇所有兄弟姐妹感到由衷的高兴。\n      最后，祝愿柏一博和张全雷两位兄弟合作愉快，合肥虹视信息工程有限公司与安徽国华光电技术有限公司合作结出累累硕果，虹膜识别应用驾考早日服务人民，服务社会。\n ', 0, 2, 1475223560, 1, 0, 0, '3442533180 3578221035 3931827425 2421229992 3955032771 3161432422 2020224335 2017026085 2226921326 2080930005 2003034892', 20, 0, NULL, 0),
(66, 1, ' 付费阅读+直播 微信商业化跃进', '\n直播传闻沸沸扬扬，微信开始了更多付费功能的尝试。昨日消息，有公众号运营者发现，微信正在内测付费阅读功能，为部分用户增加了“付费订阅”功能选项。\n \n付费阅读已定\n \n据了解，参与内测的公众号运营人员发现，公众号的原创声明功能内，在转载状态栏，由原来的“允许转载”更新为“付费订阅”。\n \n北京商报记者就此向微信方面人员确认，该人员坦言，“付费订阅的确是属于微信扶持原创的未来计划之一”。不过对于是否正在内测，她表示，目前尚没有更多信息可以分享。\n \n早在今年2月初，就有微信公众号运营者爆料，在微信公众号后台编辑的时候，看到了付费阅读功能。当时为运营者提供的付费金额在0-200元之间。不过，目前仍未看到该功能的正式推出。一位分析人士指出，微信公众号付费阅读是必然，只剩下何时推出的问题。公众号已有的原创保护功能以及打赏功能等，再加上已有的大量绑定支付的用户，都将为后续付费阅读功能建立基础。\n \n增添变现砝码\n \n腾讯 CEO马化腾提到过用户可以利用微信平台做文学网站，通过微信直接面向读者和订户，并接入付费，微信可以做内容制造者和终端用户的桥梁。\n \n作为用户规模、用户活跃度排名第一，有着超级移动App之称的微信，在商业化的道路上却一直不明晰。微信一路走来，更希望自身商业模式能够与用户体验互补相关，并未早早推出付费阅读的功能，而是以链接各种应用为方向。不过，付费阅读确实是微信可行性很高又较为直接的途径。\n \n“内容付费的形式在现在看来是行得通的，包括分答等知识技能共享平台也是一大趋势。微信此举旨在保护原创内容，实现原创作者的一些诉求，例如盈利和版权等方面”，上述分析人士解释。原创内容可以获得更大的流量，对于微信产品本身也是一个补充。\n \n对于付费订阅，上述分析人士认为，付费阅读是培养用户对知识的付费习惯，付费订阅是基于此基础上的长期阅读行为。有利于帮助优质的内容形成一定的黏性以及实现盈利，激励内容生产者生产高质量的内容，由此形成一个正向的循环。\n \n直播传闻不断\n \n微信已经很久没有推出重磅功能了。不过，最近却屡次传出内测直播、付费阅读、付费订阅等功能的消息，可见业内对于微信作为产品的期待。尤其是直播功能，更是引发了热烈的讨论。\n \n据消息人士透露，微信事业部在谋划进军直播市场，内部目前或已在筹备相关工作。对此，北京商报记者采访微信相关人士，对方表示暂不回应。\n \n在分析人士看来，直播是社交的高级进化，用户时时反馈打赏，但鉴于直播内容人群参差不齐，功能慎重，不过从 陌陌与腾讯旗下QQ空间等加入了直播的阵营来看，相信微信也在筹划之中。返回光明网首页\n \n\n ', 0, 2, 1475223582, 0, 0, 0, '2018436153 3840535835 3045225773 2449420449 218301999421270 3629136827', 20, 0, NULL, 0),
(67, 1, '国华网：嘻哈学车项目进入第三届中国合肥青年创新创业大赛总决赛', '摘要：由共青团合肥市委员会、合肥市高新技术产业开发区管委会、中共合肥市宣传部、合肥市发展与改革委员会、合肥市经信委、合肥市科技局、合肥市财政局、合肥市人力资源和保障局，合肥市商务局等单位主办的创新创业大赛决赛今日在合肥拉开序幕。以安徽嘻哈网络技术有限公司推出的“嘻哈学车”移动互联网学车项目以第一名的成绩进入了大赛总决赛。我司由副总裁、公司总经理张丽华，副总裁吴峻岭及总裁助理杨利林率队参赛，预祝大赛取得圆满成功，预祝嘻哈学车取得好的成绩。\n[attach]75[/attach][attach]76[/attach]\n创新创业大赛背景：\n为进一步推动合肥青年创新创业实践，充分激发广大青年创业热情，帮扶一批有志创业青年实现创业梦想。9月17日下午，“阳光电源”杯第三届中国合肥青年创新创业大赛暨首届创客活动周在市政务中心小会堂正式启动。\n[attach]77[/attach]\n第三届中国合肥青年创新创业大赛(以下简称“大赛”)由共青团合肥市委、合肥高新技术产业开发区管委会、中共合肥市委宣传部等多家单位联合举办，大赛主题为“相约互联网+时代 青春创业合肥梦”，凡年龄在18-45周岁的在校大中专学生以及已经创业的青年、青年企业家等均可报名参赛。本届大赛分为报名、初赛、决赛和后续服务四个阶段。在初赛阶段，组委会将根据具体项目报名情况，在长三角重点城市群城市，组织风险投资机构、天使投资人与参赛项目直接面对面，举办若干场路演及创业分享活动，以确定晋级名单。决赛阶段将在11月到12月举行，组委会将举办青年创业训练营活动，邀请创业导师一对一辅导，培养选手各方面创业素养和能力，举行政策宣讲会和投融资对接活动，组织创业风险投资机构、天使投资人、创业孵化器与创业团队进行进一步接触。并将举办决赛路演及颁奖仪式，比赛内容为创业项目路演和现场答辩。\n据了解，本次大赛主要面对“互联网+”创业项目，报名参赛的项目要符合国家政策和产业导向，具有一定技术先进性和产业开发价值，分为创新类和创业类，可以以个人或团队形式报名参赛。其中，创新类将设一、二、三等奖，奖金总额分别为4万元、2万元、1万元；创业类将设立一、二、三等奖，奖金总额分别为10万元、5万元、2万元，同时评选“创业之星”、“创业先锋”、“最具潜力奖”等单项奖若干名。\n\n此外，对在合肥落地并获得创业投资的大赛项目，将由省、市、县创业投资引导基金按照申报条件及程序给予资金上的支持。大赛三等奖以上的获奖项目，团队带获奖项目来合肥高新区创办企业，依据政策可申请10-30万元的创新创业资助。入围决赛的参赛者可申报青年创业奖、农村青年致富带头人、科技部创新人才推进计划、“百人计划”和“228”产业创新团队，在同等条件下予以优先考虑。有意报名的青年创客可以通过大赛指定网站完成在线报名和参赛材料的在线提交，也可以通过异地的合作机构同步开展海选报名活动。\n\n合肥青年创业大赛已成功举办两届，共计261个参赛项目，涉及现代农业、智能制造、文化动漫、信息工程、绿色能源、服务外包等领域。大赛选拔了一批成长性强，发展潜力大的优秀项目，培养了一批自立自强、勇于拼搏的青年创新创业典型。部分优秀项目赢得创业导师一对一的孵化辅导，获得了融资贷款、信用贷款和风投入注等共计2890万元资金支持。', 0, 3, 1475223614, 1, 0, 0, '2226921326 2207521704 2339836710 3903330446 3682720837 315321997723626 2001322269 2151232933 3873824180 2101926032 2101919994 2282336187 246352091536187', 19, 0, NULL, 0),
(68, 1, '我国首次万米级深渊科考完成', '\n“探索一号”核心科研设备与探测设备均为我国自主研发\n \n光明日报三亚8月12日电（记者齐芳、王晓樱）8月12日上午8点，远航了52天的“探索一号”科考船在海南省三亚市靠岸。中国科学院院长白春礼在给中国科学院深渊科考队的贺信中表示，这是“我国海洋科技发展史上第一次万米级深渊科考”。从此，万米深海不再是我国海洋科技界的禁区！\n \n“探索一号”是中国4500米载人潜水器及万米深潜作业的工作母船，此次科考的主要目标包括对我国自主研发的系列万米级深海实验装备和探测设备进行验证、探秘地球最深处——马里亚纳海沟等。\n \n我国首次万米级深渊科考完成\n \n图为8月12日，“探索一号”缓缓驶入码头。光明日报记者 齐芳摄/光明图片\n \n长94.45米、宽17.9米的“探索一号”，是一座移动的“海上实验室”——船上有11个固定实验室、2个可拆卸式移动实验室，包括1间综合实验室、1间机电实验室、地质实验室、地球物理实验室、化学实验室、生物实验室、低温样品库、信息处理室等，不仅能开展多学科、多种实验，还能很好地保存各种样品和数据。\n \n最令人瞩目的，是“探索一号”搭载的许多核心深海科研设备和探测“神器”均为我国自主研发。比如，万米级自主遥控潜水器“海斗号”、深渊着陆器“天涯号”“海角号”、万米级原位试验系统“原位实验号”、9000米级深海海底地震仪、7000米级深海滑翔机等。\n \n在这样一艘现代化科考船上，来自中国科学院深海科学与工程研究所、沈阳自动化研究所、地质与地球物理研究所、国冶锐诚工程技术有限公司等7家单位的31名科学家和29名船员，在马里亚纳海沟海域作业37天、执行84项科考任务，在不同深度断面上取得了一大批珍贵的样品和数据。接下来，科学家们将系统整理此次科考获得的深海数据和样品，相关成果将于近期发布。\n \n“探索一号”是中国科学院2014年启动的“海斗深渊前沿科技问题研究与攻关”专项支持的项目之一。该专项以大于6000米水深的海斗深渊为研究对象，开展深渊科学研究与探测装备工程技术研发，在攻克深渊探测装备研制、深渊环境模拟和全海深潜水器关键技术的同时，对海斗深渊中的极端生命、特种环境和地质构造活动进行深入研究，构建我国深渊科学学科体系和深渊技术装备体系。\n ', 0, 2, 1475223630, 0, 0, 0, '2510522269 3931827425 1997531859 2814528170 3118532771 2343625104', 20, 0, NULL, 0),
(69, 1, '两大电商巨头“加速跑”折射哪些网络消费趋势', '\n新华社北京8月13日电（记者于佳欣）国家统计局日前发布了前7月消费数据，全国实物商品网上零售额同比增长26.1%，继续保持强劲增长。同时，阿里、京东近日所发财报的多个数据也呈“加速跑”态势，两大电商巨头的数据折射了哪些网络消费趋势呢？\n \n移动端消费将持续火爆\n \n阿里和京东日前发布的财报呈现出销售额和用户量的攀升，而其中更加夺人眼球的是移动端消费的火爆。\n \n阿里财报显示，阿里巴巴零售平台移动端季度收入达175.14亿元，按年增幅高达119%，占中国零售平台总收入的比例增至75%，而去年同期比例为51%。二季度，平台商品交易额按年增长24%至8370亿元，其中移动端交易额的占比进一步升至75%。\n \n京东财报中移动端购物的数据也十分抢眼：2016年二季度，通过移动端渠道完成订单量约占总完成订单量的79.3%，同比增长超过130%。\n \n与移动端销售同样活跃的是移动端用户的飙升。截至6月底，阿里移动端的月度活跃用户增加了39%，至4.27亿，推动来自手机应用的收入增加了超过一倍。\n \n移动端交易额和用户的高涨再次印证了这一消费的增长潜力。根据艾媒咨询发布的《2015-2016中国移动电商市场年度报告》，截至2015年底，中国移动购物用户规模达到3.64亿人，同比增长23.8%，预计到2018年中国移动电商用户规模将接近5亿。\n \n“移动端交易额的增长说明了PC端消费已经全面向移动端转型。”中国电子商务研究中心网络零售部主任莫岱青说，通过与O2O、农村电商和跨境电商等发展热点相结合，移动电商将释放更大消费潜力。\n \n用户体验将成“王道”\n \n无论是线上互动更加频繁，还是线上线下融合加快，都显示出提高用户体验将成为商家争夺用户的不二选择。\n \n从阿里财报的内容看，淘宝平台已经不再仅限于购物，而是成为人们日益离不开的社交商业平台。淘宝社区互动日趋频繁，“问大家”成为淘宝评价体系中越来越受流行的社区体验功能，在6月促成每日大约200万用户互动。\n \n阿里巴巴集团首席执行官张勇说：“凭借着平台上的社交、社群和智能数据驱动的个性化服务，我们改变了4.34亿活跃用户在我们平台上的互动方式，逐步实现 ‘生活在阿里巴巴’的愿景。”\n \n而京东集团通过同沃尔玛和中国线上超市“1号店”达成新的战略联盟以及与多个国际知名品牌的合作以及对前沿科技的投资，为消费者提供了更丰富的品类选择和更优质的物流体验。\n \n中国贸促会研究院国际贸易研究部主任赵萍指出，用户线上互动能更全面了解商品信息，弥补体验不足的问题。线上线下融合也将给用户提供更好的购物体验，这将越来越成为商家努力的方向。\n \n从购物平台到多元化生态\n \n无论是阿里还是京东，从纯电商平台走向多元生态布局成为越来越多互联网企业的选择。专家指出，利用大数据优势，加快对多领域布局，将更好地占领消费市场。\n \n随着云计算、数字媒体与娱乐、创新项目三大新兴版块的崛起，加上蚂蚁金服和菜鸟等投资业务，阿里巴巴正在从一个纯电商平台变成一个中国互联网的“基础设施提供者”和“生活在其中”的多元生态平台。\n \n根据阿里财报，阿里与上汽集团合作发布首款互联网汽车，双方目标是将汽车转变为使用无缝大数据、互联网以及云计算的智能生活平台。阿里与蚂蚁金服的合资公司、提供本地生活服务公司“口碑”，季度内通过支付宝结算的交易支付额达到310亿元，较上一季度增长48% 。\n \n京东也在云计算、智能等领域迈出实质步伐。京东有关负责人在此前召开的2016年中国互联网大会上也表示，京东云拥有海量的大数据资源和强大的数据存储、挖掘分析能力，通过行业间大数据的共享和连接，京东云将致力于和业内企业建造一个共赢的互联网生态系统。\n \n“从购物平台向多元化布局的转变顺应了互联网消费发展的趋势，也给生活服务商们带来启示，即运用互联网思维为用户提供更便捷、丰富、安全的服务。”赵萍说。\n ', 0, 2, 1475223664, 0, 0, 0, '2000422823 3000521830 2404022836 211523689536305 2524023556 3259332476 2804036153 3623521183', 20, 0, NULL, 0),
(70, 1, '医保“并轨”，如何惠及百姓', '\n【改革追踪看落实】\n \n光明日报北京8月13日电（光明日报记者 邱玥）截至目前，全国已有河北、湖北、内蒙古、江西、新疆、北京等17个省区市实现了新型农村合作医疗制度和城镇居民基本医疗保险制度整合。\n \n城乡医保制度“并轨”的效果究竟如何？对医保基金的管理有怎样的作用？对参保者看病报销带来哪些新的变化？记者就此进行了调查。\n \n提高统筹层次增强基金抗风险能力\n \n在城乡居民医保“并轨”之前，家住浙江省杭州市的糖尿病患者顾晓秦，只能吃10块钱一瓶的药。现在，他买药的选择范围扩大了，虽然比过去多掏30多元，但“自付的部分和以前差不太多，药却上了一个档次”。\n \n城乡医保制度整合后，城乡居民不再受城乡身份的限制，医保管理服务实现一体化，城乡居民待遇普遍提高，不少地区新农合用药目录得到大幅扩容。\n \n在内蒙古，新农合药品目录由原来的1988种增加到2600多种，增幅在三成以上，新农合实际报销比例将逐步向城镇居民靠拢；在河北，按照保障待遇“就高不就低”进行整合，整合后城乡居民基本医保用药目录能达到2900种左右；在宁夏，统一药品目录，农民可报销品种由918种扩大到2100种……\n \n城乡居民医保整合后，不但提高了就医层次、增加了定点医疗机构、让参保人的就医选择更多，而且医保基金的互助共济能力和抗风险能力也大大增强。\n \n价格谈判底气更足 有效监管医疗服务\n \n“医疗保险制度的基本功能，是筹集资金、分担风险与购买服务。”首都经济贸易大学劳动经济学院教授朱俊生说，城乡居民医保整合后，一方面壮大了资金筹集规模，提高了抗风险能力；另一方面也让医保部门在购买服务时有了更多的“话语权”，可以为参保者提供更优质的服务。\n \n一些专利药、进口药价格昂贵，个别药品国内外价格差较大，刺痛着百姓的神经。用行政手段强迫药品降价，有可能导致常用药和救命药出现“药荒”，或者同类药品价格飙升。城乡居民医保整合后，参保人数大幅增长，基金池扩大，“家底儿”厚了，使得医保部门的谈判底气更足。很多药企主动“以价换量”实现薄利多销，让药企和患者逐渐找到了利益平衡点。\n \n基金规模的扩大，还实现了“以量换服务”，调动医院等各种医疗服务提供者的积极性，让参保人享受更加优质的医疗服务。“城乡居民医保整合，有利于医保部门作为团购者同医疗服务提供部门进行价格谈判。”中国社科院经济研究所研究员朱恒鹏说。\n \n促进患者合理就医用药推动基层医疗机构发展\n \n107家定点零售药店，家家都装有远程监控系统——江苏省苏州市人社部门通过远程监控系统，对参保患者刷卡结算的每笔费用进行“无盲区”监管，从而使定点药店总体费用较整合前同比下降了20%。\n \n“我们在保证医疗服务水平的前提下，既要让医院降低患者每次看病的费用，又要防止个别医疗服务提供者把一次能看好的病分成几次看。”杭州市医保局有关负责人说，杭州市整合城乡居民医保后，建立了以总额预算为核心、智能审核为补充的医保监管体系，严格规范医院行为。整合后的一年间，杭州市本级医保基金支出增幅较上年下降了9.2%。\n \n宽敞明亮的大厅，崭新整洁的墙面，新近更新的医疗设备……临近中午，在天津市二甲医院北辰区中医医院门诊大厅，仍旧有不少待诊的患者。“自打城乡居民医保整合后，我们这儿就一直这么忙。”北辰区中医医院医保科负责人说，“如今，病人报销费用更方便了，医生治疗时可选择的药物更多了，医患之间的信任感明显增强。”\n ', 0, 3, 1475223700, 0, 0, 0, '2130720445 2418236712 2480021450 3033422995', 20, 0, NULL, 0),
(71, 1, '“嘿秀”直播平台整顿后再涉黄 揭露产业利益链', '来源：京华时报　 我有话说\n \n昨日有网友向本报反映，一个月前因传播淫秽、色情直播内容被责令停业整顿的直播平台“嘿秀”，再次出现直播淫秽色情画面。记者调查发现，嘿秀直播平台中，部分入驻女主播衣着暴露、裸露下体，甚至直播男女“造人”画面。而这种现象在众多直播平台中已多次出现。律师认为，网络直播平台涉黄现象屡禁不止，其根本原因是直播平台设立门槛较低，从业人员缺乏明确的准入制度，传播终端较为隐蔽和灵活，违法成本较低。\n \n嘿秀深夜直播“造人”\n \n网友凌先生向本报反映称，前天凌晨4点多，他在手机里下载了“嘿秀直播”，浏览直播页面时发现，多位女主播衣着暴露、污言秽语、裸露下体。\n \n凌先生说，他正常观看直播时，发现有主播发出呻吟声，并示意观众送礼物，称礼物越多，尺度越大。收到礼物后，主播将下身衣服脱掉，裸露出下体。\n \n“我更换房间后，发现其他女主播有类似行为。”凌先生说，从凌晨4点多到当天上午9点多，其共发现10多位女主播有衣着暴露、暗示观众刷礼物换取主播不雅动作的行为。凌先生提供的直播截图显示，嘿秀ID为2014911、2770813、3670108、2242281等主播有裸露私密部位、做出不雅动作等行为。\n \n凌先生说，除了一名女主播表演，还有一种模式是一男一女进行直播。其中一个房间直播画面中，一名女子躺在床上熟睡，另一名男子坐在旁边和观众交流。男子要求观众刷礼物，从而掀开女子衣服，或作出其他不堪入目的动作。\n \n昨天凌晨，嘿秀直播中更是出现了一男一女赤身裸体直播“造人”的画面。记者注意到，该虚拟房间所属直播的嘿秀ID为3803375，而从两人所在实体房间布置看，画面中的房间疑似在一家酒店内。\n \n□调查\n \n色情画面背后的利益链\n \n记者8月10日、11日调查发现，嘿秀直播平台主播裸露私密部位等不雅行为背后有多个利益链条。\n \n记者10日夜间11点进入平台上一直播房间，该房间主播多次以作出不雅动作、发出不雅声音诱导观众送“航空母舰”等虚拟礼物。\n \n此外，直播中该主播不断提示观众，有需要加微信的可以私信索要微信号。“加微信后进群30元，一对一100元”。\n \n记者通过私信索要到该主播的微信号，添加成功后，该主播却称30元进群不一定有直播，新增人数达到一定数量才直播。\n \n记者发现，主播要求发红包进群的目的分3种情况，一种为骗局，一种确实为“黄片”交易，最后一种是通过直播噱头做产品推广。\n \n昨天凌晨的直播中，有多位主播将微信号公开。\n \n随后，记者随机添加了两位主播的微信，其中一位主播接收了130元红包后，将记者拉黑；另一名主播收到10元红包后，发给记者8部淫秽视频。\n \n该主播称，11日凌晨以后，她的嘿秀账号被人举报，后账号被封，不能登录。\n \n另外，有主播通过QQ群以直播真人秀为噱头，推广其他直播平台。一位主播在嘿秀中称直播间容易封号，并公开一个QQ群账号，称进群有真人直播秀。\n \n记者按照主播公布的QQ号成功入群，群管理员发消息称，群内每晚9点开始真人秀直播，但要求群成员先把群推荐给另外5个群，并截图发给管理员。\n \n昨晚9点，该群已有500多人，群管理员发消息通知直播开始，但是需要下载另一款直播类APP才能观看。\n \n一位曾在某直播平台供职过的内部人员称，主播要求观众送的礼物价格不一，从1元到上万元都有。礼物通过平台的“钻石”购买，而“钻石”需要用真实货币来支付。观众购买的礼物送给主播后，礼物的创收将在平台和主播之间分配。“比如价值588元的虚拟礼物，平台可能拿走388元，主播得到200元。”该内部人员称，具体的分配比例每个平台不一样。\n \n上述内部人士曾做过直播平台的市场推广，其称以QQ群直播为名，要求下载APP的行为是一种不入流的推广手段。“正常的推广应该是在网站或媒体做广告”。\n \n法人代表曾承认平台涉黄\n \n1个月前嘿秀直播因涉黄，其法人代表郝某被管理部门约谈，郝某承认平台在直播中存在淫秽、色情的内容。但郝某辩称，“嘿秀”在工作中确实存在很多不足，因为公司资金链接近断裂，工作人员不足，在6月20日左右，公司被某网络色情团伙乘虚而入，该团伙进入平台后进行色情表演及广告发布。\n \n郝某称，因运营人员不足，未能在色情团伙进入后及时对部分直播房间进行关闭及封停直播账号，对网络用户造成了不良影响。\n \n记者从相关部门了解到，“嘿秀”被停业整顿后，其法人代表郝某将平台卖给了哈尔滨的一家公司。按照属地管辖原则，“嘿秀”的直播关系转到哈尔滨之后，需要哈尔滨当地的相关部门对“嘿秀”进行监督管理。\n \n昨晚，记者通过哈尔滨政府部门将嘿秀直播再次涉黄的行为反映给该市监察部门，但截至发稿，未得到相关答复。\n \n记者尝试联系嘿秀直播的客服人员，但是按照其直播平台上公布的4个QQ号发出添加请求后，3个账号没有回复，另一个账号拒绝添加好友。记者检索发现，半月前，有媒体曾曝光嘿秀被整顿后再度涉黄，客服人员对此回应称，会有运营部封他们（涉黄主播）的号，观看者也可以直接截图反映给客服，他们上报后也会马上封号。但“监管人员有限，谁都有疏忽的时候”。\n \n□观点\n \n直播平台设立门槛较低\n \n北京京平律师事务所薛正懿律师说，按照《治安管理处罚法》规定，制作、运输、复制、出售、出租淫秽的书刊、图片、影片、音像制品等淫秽物品或者利用计算机信息网络、电话以及其他通讯工具传播淫秽信息的，处十日以上十五日以下拘留，可以并处三千元以下罚款；情节较轻的，处五日以下拘留或者五百元以下罚款。另外，《刑法》第三百六十三条规定，以牟利为目的，制作、复制、出版、贩卖、传播淫秽物品的，处三年以下有期徒刑、拘役或者管制，并处罚金；情节严重的，处三年以上十年以下有期徒刑，并处罚金；情节特别严重的，处十年以上有期徒刑或者无期徒刑，并处罚金或者没收财产。薛正懿认为，上述直播平台和主播的行为违反了以上规定，可能受到相应的处罚。\n \n薛正懿律师说，其实早在2000年的时候，我国已经就网络传播信息的内容管理进行了相应的立法，比如《互联网信息服务管理办法》第十五条规定，互联网信息服务提供者不得制作、复制、发布、传播包含淫秽、色情等内容的网络信息。\n \n薛正懿律师认为，根据相关规定，网络直播平台的监管部门主要是两个，一个是文化广播影视管理部门，网络直播平台只有在获得文化部门颁发的《网络文化经营许可证》才可正式运营；另一个就是公安部门，网络直播平台必须到所在地的公安机关进行备案，并接受监管。\n \n对于网络直播平台涉黄现象屡禁不止的现象，薛正懿认为，其根本原因是网络直播平台与一般的传统媒体平台有很大不同。直播平台设立门槛较低，从业人员缺乏明确的准入制度，传播终端较为隐蔽和灵活，违法成本较低。这样给管理和执法造成了较大难度，所以要想真正地减少甚至杜绝违法现象的发生，还需要各个职能部门加强监管协作，制定合理的工作模式，加大打击力度。', 0, 2, 1475223747, 0, 0, 0, '2207931168 3045225773 2417921488 2597239039 2151820877 2804140644 2558138706 2013519994 2103330410', 20, 0, NULL, 0);
INSERT INTO `xh_article` (`id`, `uid`, `title`, `message`, `comments`, `views`, `add_time`, `has_attach`, `lock`, `votes`, `title_fulltext`, `category_id`, `is_recommend`, `chapter_id`, `sort`) VALUES
(72, 1, '我国大数据产业遭遇“三重门” 产业生态不健全', '\n近年来，大数据产业已成为新的技术制高点和经济增长的新动力，深刻改变着宏观经济环境，受到各国高度重视。日前在京举行的“2016中国大数据产业生态大会”上，与会专家表示，我国大数据产业当前还面临信息资源难共享、数据安全风险大、产业生态不健全等难题，需从优化产业政策入手，促其健康发展。\n \n产业呈现良好发展态势\n \n北京大学教授杨学山认为，我国大数据产业虽还处于探索起步阶段，但在对大数据的社会认知、政策环境、市场规模、产业支撑能力等方面都取得了积极进展，为大数据产业的可持续发展创造了良好条件。\n \n首先，大数据产业发展政策日益完善。大数据产业是云计算技术、物联网和移动互联网广泛普及的结果。鉴于大数据对经济、社会、科研、国家安全等方面的巨大价值，中国各级政府纷纷制定相关政策推动大数据产业深入发展。\n \n早在2011年，工信部发布的《通信业“十二五”发展规划》就把云计算定位为构建国家级信息基础设施、实现融合创新的关键技术和重点发展方向，此规划被视为较早推动大数据发展的政策。\n \n2015年8月，国务院印发了《促进大数据发展行动纲要》，全面阐述了我国发展大数据产业的意义、目标、任务和政策，此纲要的出台标志着大数据产业已被提升为国家战略高度，逐渐完善的政策体系为大数据产业发展提供了良好条件。\n \n其次，各地逐渐建立起了大数据产业发展平台。随着国家和地方政府大数据产业发展政策的制定和实施，大数据产业发展的相关平台也逐步建立。\n \n据了解，到目前为止，全国各地已建成和在建的大数据产业园已达到100多个。为推动大数据研究，学术界成立了大数据专家委员会等机构，举办了大数据共享与开发、大数据技术创新、大数据运用、大数据产业发展等主题的学术研讨会。\n \n另外，大数据的市场空间广阔且在持续扩大。大数据产业主要涉及数据的收集、存储、分析和运用等环节，其在金融、电子商务、医疗、农业、政务等领域发挥着越来越重要的作用。\n \n虽然我国的大数据产业已彰显出巨大的市场空间和持续增长的态势。例如，金融行业利用大数据技术处理业务，提高了工作效率，降低了审计风险；交通部门利用大数据检测交通流量变化，优化了公共交通资源配置；制造业利用大数据优化生产流程。而随着企业级用户对大数据需求的持续增加，大数据的市场空间将进一步扩大。\n \n发展仍面临三重困难\n \n中国工程院院士孙家广认为，大数据产业发展具有极强的技术和信息依赖性，由于我国大数据产业起步滞后以及基础条件不够成熟，其在快速发展的同时，面临的困难也日渐显现。\n \n其中一大难题便是，信息壁垒降低了大数据产业资源配置效率。大数据产业发展必须实现数据信息的自由流动和共享，如果数据不开放、不共享，数据整合就不能实现，数据价值也会大大降低。\n \n然而，这一问题并没有得到相关政府部门的足够重视。这主要是由于地方政府没有形成与全局思维，仍认为自己的数据信息不可以开放共享，甚至将其视为抢占大数据产业发展先机的优势条件。此外，政府部门是社会信息的主要控制者，其信息又分别被不同部门和区域控制，而不同部门和区域间的数据标准各异，信息资源也就难以实现共享。\n \n另外，数据安全管理薄弱增加了大数据产业的发展风险。\n \n数据安全和隐私保护是大数据产业发展的世界性难题，这主要体现在三个方面：其一，数据的海量存储增加了数据安防的难度，可能造成大量数据损坏或丢失，造成难以想象的后果；其二，在大数据时代，数据的多元性和复杂性要求人们形成更强的安全意识，但现实中不论企业还是个人的安全意识还没有从传统的非信息时代转变过来，存在巨大潜在风险；其三，网络攻击带来了数据安全风险，随着大数据在政府、金融、公共事业等领域的广泛运用，数据泄露带来的损失远远超出行业范畴，而是全局性的国家安全问题。\n \n目前，我国保护大数据安全的能力十分有限，加上大数据安全法律法规缺失、网络信息管理体制存在缺陷等问题，大大增加了我国大数据产业的发展风险。\n \n不仅如此，产业生态体系存在短板，阻碍了大数据产业链和产业集群的形成。产业健康可持续发展的一个重要特征就是形成了完整的产业链条和多层次的生态体系。我国大数据产业仍处于起步阶段，主要体现为：各领域大数据企业分散现象普遍；产业发展、政策、平台、创新、环境等不协调；大数据企业之间分工不明确、交流合作不足、协同力度不够；大数据行业协会、产业联盟发展滞后。\n \n需从四方面优化产业政策\n \n中国科学院院士、北京理工大学副校长梅宏表示，为克服困难，促进我国大数据产业健康发展，相关的产业政策应从以下四方面优化：\n \n第一，完善大数据产业发展战略规划，优化产业布局。\n \n实践表明，新兴产业如果缺乏科学理论指导，容易出现盲目发展、重复建设、同质竞争等问题。为此，我国应尽快优化对大数据产业的战略规划，明确方向和重点，制定长、中、短期发展目标，完善投融资、知识产权、利益分配等方面的政策，为大数据产业创造良好发展环境。\n \n第二，依托大众创新创业优化大数据产业发展环境。大众创新创业有利于增强创新驱动活力、拓宽创业渠道、优化创新环境、促进中小企业发展、优化产业结构等，这无疑是解决大数据发展创新技术受限、企业竞争不充分等问题的有效途径。\n \n第三，加强大数据共享平台和安全保障体系建设。在数据共享方面，应尽快制定和出台《公共信息资源开发共享管理办法》，以法律形式规定公共信息资源开放共享的内容、程序、标准等，并在此基础上建立公共信息资源共享网站，形成共享服务体系；在数据安全方面，应完善国家数据安全法律法规，同时加强网络安全基础设施建设，建立和完善大数据安全应急机制，从而大幅度降低大数据风险。\n \n第四，实施融合发展战略，构建大数据产业生态体系。这里的融合发展既包括大数据与其他产业的融合，又包括大数据企业与政府、社会组织的融合。\n \n大数据要形成完整的产业链和生态体系，需要众多产业的支撑。因此，构建大数据产业与其他产业发展的联动机制，组建全国性、区域性的大数据产业联盟，加强大数据产业链各个环节企业的合作，显得尤为重要。大数据产业发展需要同时发挥好政府、企业、社会中介等多方面力量，聚集各方优势。企业应在产业发展过程中充当主体地位，政府应根据企业的需求，提供政策和服务。社会中介组织也不容忽视，政府部门应加强对大数据行业协会、科研机构、产业联盟等组织的培育和扶持，充分发挥它们在理论研究、技术研发、社会调研等方面的作用，使之成为推动大数据产业发展的另一支重要力量。\n ', 0, 2, 1475223776, 0, 0, 0, '2226922823 2596825454 2013519994 3697336935 199773732538376 2998324577 199812058120840', 20, 0, NULL, 0),
(73, 1, '【聚焦双创 人物专访】张全雷：学车会是一个很爽的的体验', '[attach]78[/attach]\n在第三届“阳光电源”杯青年创新创业大赛上，张全雷的项目“嘻哈学车APP”博得众多“眼球”，张全雷本人也因“学车会是一个很爽的体验”这句口号而广为人知。\n \n问：传统的驾校行业多遭诟病，诸如收费过高，教练太凶。您觉得在这样的背景下，怎样才能让学车变成您说的，成为很爽的体验？\n \n张全雷：现在驾培市场的供小于求，其主要原因可以分为五种：一是人口红利释放殆尽，学车人的基础减少；二是学车群体对国家对驾培改革的期待转化为观望，一些没有刚性驾车需求的人选择了等待；三是驾校审批权的放开，驾校增长数量迅速增加，分流了老驾校的生源；四是驾培行业服务绝大部分不规范，服务质量差导致一部分人占时放弃学车的愿望，人民群众普遍反映考驾照比考大学难、升学压力更大；五、学车太浪费时间，很多上班族无法请太多的假去学车，只能放弃学车考驾照的想法。\n \n 以上五点是导致驾培现状的客观原因，我们仔细的分析一下就会察觉到，除了第一条人口红利的因素与互联网没有多大关系，其余的四条都与互联网有着千丝万缕的关联度。国务院88号文件，针对驾改的核心在于学车流程，驾照考试流程的变化，宏观上看就是对驾考、驾培模式的改变，并不是格局的重塑。我国现在手机保有量是美国人口的二倍之多，已经成为移动互联网使用基数全球最大的国家，这是个先决条件。国家通过驾改，利用互联网技术解决人民群众学车之困，是民之福祉，民心所向。同时斩断了驾校与车管所之间的关系，也根除了车管所掌握“考试名额”，驾校送礼走后面“多吃多占”名额的腐败基础。\n \n利用互联网报考驾照、预约学车，变的更单纯、更便捷了。想学车就像在淘宝上买东西一样，就像用打车软件打车一样，纯属单纯的商业消费行为。驾校变成了卖家，服务必然要好，不然就没有市场，可以享受到优秀的学车服务，消费者的感觉也好了。驾考驾培的“民怨”才可以得以彻底的解决。\n \n国办88号文件指出，驾校依然是驾培的主阵地，这是符合事物发展规律的，驾改不会对驾校行业形成冲击，反而是逼迫驾校产业升级的有利法器。一些黑驾校，质量比较差的驾校就出被淘汰出局，更加有利于驾培市场的规范和服务质量的提升，洗牌掉一批差驾校和重组一批驾校，驾校的招生人数会出现反弹景象的。随着驾培的规范化、高效化时代的到来，一些因没有时间或嫌去学车受罪的学车人就会再次的产生学车的欲望，拿起手机报名考照、预约学车。驾校的生源基数将进一步的增长。\n \n问：为什么会取名嘻哈网络技术有限公司？“嘻哈”二字有什么特殊的寓意吗？\n \n张全雷：嘻哈网络技术有限公司，成立的目的就是做移动互联网学车平台，嘻嘻哈哈的学车考驾照，代表着一种革新，完全颠覆了传统的学车考驾照在人们心目中的印象，不再痛苦不堪。互联网PC时代是解决痛点问题，移动互联网时代在解决痛点的基础上还要解决体验问题，嘻哈也寓意着给用户更好的体验。\n \n问：嘻哈学车APP对改变学车现状有哪些举措？在这个过程中，你们遇到了哪些困难，又怎样解决了这些困难？\n \n张全雷：我们对市民学车的期待就像我们做“嘻哈学车”的梦想一样，利用移动互联网技术，将人与人、人与车、人与官的信息公开、公平、公正高度互联起来，可以让学车人，快乐学车、轻松考驾照。当然，我们的困难也很多，主要是利益藩篱、固化思维的阻力：一是通过互联网约考触动了主管单位的既得利益；二是颠覆了现有驾校的经营管理模式，特别是教练员的工作模式，比如早段时间我去一个驾校推广嘻哈学车APP，校长叫来一个教练让其安装，教练员就给了我们一句话，同时也打消了校长利用互联网的积极性：“现在每天有十来个学员围着我，利用互联网约车学一个走一个，我这不是很冷清吗？整个训练场也冷清了起来。”其实最难的是很多教练员的习惯问题，驾校经营理念转变的问题。当然，国家强制性的推了，到最后一步该淘汰的淘汰，该转变的转变是大势所趋。\n \n问：此次参加青年创新创业，对您来说有什么积极意义？在其中您有哪些感受？\n   \n张全雷：我们借助此次大赛，能让更多的人了解嘻哈，知道嘻哈学车是利用移动互联网技术搭建互联网学车平台，是解决学车人之困、驾校升级之痛的互联网行业细分平台；我们解决了学车人遭罪的传统学车方式，颠覆了传统给予学车人的不良“体验”，让学车人自由的安排时间、地点、教练等，学起车来比较“爽”，也就是体验比较好；传统驾校在体制上、教练员队伍上固化思维、利益藩篱通过我们的学车平台可以得到彻底的解决，驾校的服务也会越来越好。通过这个平台可以更好、更有效的让更多的人了解我们，加入我们嘻哈学车事业上来，与志同道合的人一起做既有经济效益又有社会效益的事情，这是我们在此次大赛中最大的收获。通过这次大赛和结交了一些朋友，更加深刻了理解互联网，理解嘻哈学车，与各位一道互通有无共谋发展大计。此刻我已经深刻的感受到合肥乃至安徽不久的明天会出来一大批在行业中有代表性的企业甚至国家企业。\n \n \n来源：共青团合肥市委员会\n ', 0, 2, 1475223788, 1, 0, 0, '3285828966 2145221019 20154292891998735775 243522084038647 2339836710 1996820010 2030739564', 19, 0, NULL, 0),
(94, 1, '嘻哈学车---真正的创客促进山西创新强省引爆山西万众创新浪潮', '嘻哈学车：真正的创客促进山西创新强省引爆山西万众创新浪潮\n \n重要信息：5月6日，中国太原中创鸿升分别与美国硅谷创客科技、以色列特拉维夫洼地科技签署了创新创业战略合作协议，今后，协议双方将从项目推介投资、科技成果转换及落地、对接各自优质资源等方面进行合作，双方互设办事处，将以创业大赛为契机，将我省有潜力的创业者推荐到美国及以色列深造，同时将国外优秀人才及技术引进山西，带动国际创新创业交流及高技术成果的转移。\n \n美国硅谷创客科技是一家总部位于美国硅谷的全球孵化器。该机构通过对美国硅谷、以色列等世界创新高地以及中国的孵化器运营，将全球高科技创新区域和中国连接在一起，致力于打造一个无国界的全球孵化平台。洼地科技总部在以色列特拉维夫是一家旨在帮助中国投资者及企业家在以色列商业和技术行业进行投资合作的高科技企业。此次他们选择位于太原市长风商务区的中创鸿升众创空间进行合作，定会把太原双创事业推向一个新的高度。出席活动的太原市委副书记王成表示，太原市政府会为他们营造良好的政策环境，希望吸引更多的创业者来并投资兴业。作为华北唯一入选全国小微企业双创示范城市，近年来，太原市双创工作以改革为引领，从加快发展创业创新空间、提高社会化公共服务水平、创新融资模式、商事制度改革等方面构筑体制机制优势，促进了全市双创事业的蓬勃发展。签约现场，中关村互联网金融服务中心、赛迪教育、创新谷、苏河汇、创客全球、聚创等9家全国知名创新创业服务机构成功入驻了中创鸿升众创空间。\n \n考虑到山西创业者数量不足是制约众创空间发展的基本问题，中创鸿升众创空间从2015年11月成立就致力于做一个有“造血器”的众创空间，挖掘激发更多创业人才，目前已累计服务70多家创客企业。他们成功孵化的“二手车电商平台”项目，目前已成为山西最大的二手车线上线下交易平台。“该项目进行入孵申报时，因思维独特而受到我们的关注，但其商业模式和所提供的解决方案漏洞较多，仍有很大提升空间。于是，经鸿升众创空间二手车市场业务团队的逐步对接，及导师团队的改进后，该项目很快就获得了很大提升。”中创鸿升众创空间负责人谭文华说，如今该项目已由原来的打造纯二手车交易平台改进为打造山西本土的基于二手车有形市场的汽车后市场O2O电商平台。\n \n另外，鸿升众创空间还成功孵化了由安徽嘻哈网络技术有限公司太原团队打造的“嘻哈学车”项目，“虽然这个项目市场空间巨大，但其对山西本土市场认识不足，市场策略也不够成熟，因此，我们为其对接了鸿升驾校业务模块、太原其他众创空间的相关团队的定期交流、太原市相关驾校的资源对接、知名风投机构的投资意向对接等多种资源，并推出了‘电子教练’服务，运用虚拟现实及人工智能科技，提高了训练针对性，目前，该项目已与太原市金盾机动车驾驶员培训学校开展合作，并获得了资质。”谭文华说，他们对每一位入驻的创客都会进行针对性的培育，希望做真正的创客“工厂”。\n \n目前，中创鸿升众创空间已投资建设了近八万平方米创新型孵化园区基地，含孵化器、加速器、苗圃、众创空间、创客公寓、创意银行、创客工厂、创业大学、电商实训营等诸多配套设施。其中，众创空间面积约3000平方米，融合了创客咖啡、路演中心、政务大厅等多项双创服务功能，并为之配备了相应的投融资服务团队、项目辅导团队、创业导师团队等专业化队伍，立志打造成具有引领性的创客服务中心。（记者张小林）\n \n \n                                                                                                      责任编辑： 韩荣\n 新闻链接： http://www.sxfoa.gov.cn/jjws/jjws/294601.shtml ', 0, 2, 1475224862, 0, 0, 0, '2207521704 2339836710  3049527491 2101923458 2041936827 2366535199 2101926032 2437830465 2434129190 1997520247 2801028526', 19, 0, NULL, 0),
(74, 1, '里约奥运会上演8K技术秀 8K电视离我们有多远？', '来源：中国电子报　 我有话说\n\n2016年8月5日，第31届夏季奥林匹克运动会在巴西的里约热内卢举行。在奥运史上首个主办奥运会的南美洲城市，8K直播和VR的转播成为了继开幕式、首金项目以及“泳池里的洪荒之力”之外最引人注目的亮点。\n \n据悉，除了之前常见的4K视频直播，本届里约奥运会还采用了VR虚拟现实以及8K等超高分辨率技术进行赛事直播。VR方面，主办方在部分场馆架设了全景摄像头，由拥有VR版权的NBC电视台和三星进行独家合作，用户则可以通过三星的Galaxy手机以及Gear VR进行体验。不过，此次奥运会的VR报道并非实时进行，而是有所延后。8K方面，巴西奥运会则实现了全球首次8K现场实况转播，并采用了我国的显示技术。\n \n在巴西 看8K\n \n身处巴西的游客可前往位于巴西第二大港瓜纳巴拉湾的明日博物馆体验一把号称“终极电视”的8K超高清电视机。据悉，在博物馆特别设立的展览“体验未来：电视的演变”中，主办方采用了京东方生产的98英寸8K超高清电视。同时，这台电视还将承担首次采用8K显示屏转播现场赛事的任务，每天接待约7000人。\n \n此外，日本NHK电视台此前宣布与里约奥运会主转播商OBS合作，于8月1日开始试播8k“超高清”电视节目。按照计划，NHK将以8K画质直播里约奥运会开闭幕仪式，并转播游泳、田径等比赛。同时还将引入高动态范围技术（HDR），以此来提升8K超高清的画面回放效果。NHK还争取2018年开始在BS卫星频道实际播放8K节目，并在2020年东京奥运会当年实现普及。\n \n同时，8K电视还将给广播业带来一场像素战。而引领这场广播业变革的不只有NHK、BBC等电视台，网络流媒体，如Netflix和亚马逊也将加入其中。\n \n对于我国来说，目前国内上游企业除了京东方在积极布局8K面板线外，整机企业中海信、长虹已于今年上半年推出了8K超高清电视。咨询公司IHS的数据显示，到2019年，全球售出的8K电视将达140万台，在东京奥运会的推动下，2020年这一数字将增长到210万台。\n \n技术为先 旧貌换新颜\n \n不久之前，日本公共广播机构NHK执行研究工程师Masayuki Sugawara声称，8K电视技术将成为现阶段电视机领域的终极技术，不会有任何技术超越它。因此，NHK针对8K超高清=技术部署制定了规划——包括里约奥运会、2018年世界杯，以及到2020年东京奥运会之际，8K直播传输将全面启动。据Masayuki Sugawara介绍，NHK将启动8K超高清传输试验，而这台电视将成为“终极电视”。\n \n对于面板和彩电企业来说，产品显示技术追求极限，甚至超越人类肉眼识别的程度是一个必然的趋势。京东方副总裁张宇认为，随着互联网+时代来临和消费者消费观念的变化，客户也更倾向于选择更大尺寸、更好显示效果的屏幕。\n \n从显示效果上来说，4K甚至更高的分辨率是电视显示发展的趋势。奥维云网（AVC）数据显示，2016年上半年我国彩电市场4K电视的渗透率达到了43.7%。在55英寸以上的大尺寸电视中，4K电视的渗透率已经达到了80.6%。而据业内人士介绍，8K与4K电视在分辨率上的差距依旧明显——“几乎达到4倍的差距。”\n \n从规格上来看，8K的出现不仅仅代表着一个单纯的分辨率的提升。在它背后，更多的是整个影像系统、观众容纳量上的变化。\n \n8K电视 离我们有多远\n \n业内人士表示，“8K”这个数字代表的，是一套“面向未来”的系统。尽管目前8K电视技术已经成熟，但整个产业链还不完善，配套硬件技术还不达标，大部分都还停留在实验室或者测试阶段。专家表示，8K是一个系统，光有电视机显示是不够的，片源、传输、芯片缺一不可。而据消息人士透露，目前英特尔在开发的8K图形处理器解决方案，预计最早也要到2017年才能实现。\n \n此外，到目前为止4K、8K电视节目资源在全球范围内依旧匮乏——8K视频技术的分辨率达3300万像素，而目前市面上大多数全画幅单反相机的照片尺寸都不能满足8K视频技术的要求。除此之外，视频的录制和储存也是个问题。据了解，录制20分钟8K超高清视频（未经压缩），就会占用4TB的储存空间。如此大的数据量，如果没有一定的储存设备和处理设备，是不可能做到的。\n \n而在生产成本上，JVC发售的8K电视，其160万元的身价令人乍舌；夏普虽没有公布旗下首款达到8K效果的电视的售价，但至少不会低于20万。京东方新晋CEO陈炎顺也坦言，位于里约的那台98英寸8K超高清电视的成本价格高达200万元，其中播放设备的成本就占到了一半。超高的成本也成为了8K电视发展的巨大瓶颈。\n \n毋庸置疑，8K电视肯定是未来3~5年电视显示技术发展的方向。兴许借助奥运会、世界杯以及世博会等世界性事件，要全世界享受到像 8K、VR等相关新世代技术带来的体感提升后，能够为8K、VR等技术打开传播的突破口，为它们的推广做出起步性的贡献。\n ', 0, 2, 1475223821, 0, 0, 0, '3732432422 228853681620250 1997828436 8k 2521626415 3000535270 2281036828', 20, 0, NULL, 0),
(86, 1, '二手车电商优信拟借壳上市 为解烧钱困局另谋出路？', '\n二手车电商2015年的广告大战，让市场重新注意到这个不算新兴的市场，资本的助力，让多家二手车电商广告铺天盖地，其中，引起最大争议的是优信二手车以3000万元价格投得《中国好声音》冠军之夜60秒广告。\n \n经历了最疯狂的烧钱大战后，最近有消息称优信集团旗下的优信拍准备采取借壳的方式登陆资本市场，对此，《证券日报》记者电话联系优信相关负责人，截至昨晚发稿并未得到相关回复。\n \n值得注意的是，优信二手车经过了前期的疯狂扩张后，在相关基础业务上仍有待夯实，有消费者反应称，优信二手车把低配置车型写成高配置车型直接导致自己被误导，上述消费者同时表示，上述错误对评估师而言是致命的。\n \n对此，有业内人士表示，二手车电商现在最重要的是做好自身的业务，提升口碑影响力，靠大肆砸钱做广告来占领市场份额已经不是当前的主要手段。\n \n \n大肆烧钱\n \n从2015年7月份开始，优信的广告攻势就已开始，继以1.8亿元人民币独家冠名爱奇艺《奔跑吧兄弟3》，创下互联网赞助记录后，2015年9月30日优信二手车又以3000万元价格投得《中国好声音》冠军之夜60秒广告，有11位明星代言，每秒钟价格高达50万元，再次创造了中国电视史上最贵单支广告记录，被称为中国“史上最贵广告”。\n \n尽管2015年各大二手车电商平台都开始加大广告攻势，并出现3个月烧掉超过10亿元广告预算的情况。但从单次金额看，最土豪仍是优信二手车，其3000万元收获60秒广告之后，迅即引起广泛质疑。\n \n投资数亿元进行电视广告品牌推广，优信二手车是否“有钱任性”？ 消费者表示，好不容易融到的钱，大把大把投广告太浪费，毕竟还在创业阶段，不如像互联网专车那样，多补贴消费者。\n \n对此，有二手车电商从业人士表示，大肆砸钱的目的是为抢占市场份额，面对潜在市场规模可能上万亿元的二手车市场，各路资本争相涌入，这让二手车电商迎来爆发式增长的机遇。\n \n不过，如此“烧钱”给优信二手车在业务上的转化率增量有多少？公司如何看待市场的质疑声？就此，《证券日报》记者联系上优信二手车相关负责人，但对于上述问题，公司并未有相关回复。\n \n此前，优信集团CEO戴琨辩称，此举目的就是为了让消费者更多了解优信。但是否值当？戴琨却无言以对。\n \n借壳疑云\n \n或许正是基于烧钱无度的无奈，有确切信源向记者证实称，优信旗下的优信拍等业务将在近期实现借壳上市。\n \n另还有消息表示，公司即将进行F轮融资，资金规模约2亿至4亿美元，总体估值14亿美元，约合91亿元人民币。同时，公司正在计划分拆上市：B2B业务优信拍和金融业务计划明年在国内上市，优信二手车（B2C+C2C）业务则将独立在海外上市。\n \n公开资料显示，原易车二手车业务负责人戴琨在2011年创办了优信拍，以B2B模式切入二手车交易，2015年公司完成1.7亿美元融资之后，B2C成为优信集团的一个新方向。\n \n对于上述消息，优信方面均未有明确回应，不过，从《证券日报》记者采访多位业内人士的观点来看，优信拍准备借壳上市的消息可信度应该很大。\n \n可以佐证的是，有资深二手车电商业内人士在接受《证券日报》记者采访时表示，深受发展速度过快、“内功”修炼不足、用户体验差、盈利模式模糊等问题困扰的优信二手车目前最大的困扰是账户余粮不多，财务成本高企，而广告豪掷千金买一笑的无度烧钱行为，显然让上述困局继续加剧，因此再度融资及准备借壳上市都不失为解决上述难题的好办法。\n \n不过，2016年资本的热情似乎并没有2015年那么高涨，有某C2C二手车电商平台相关负责人告诉《证券日报》记者，目前来看，其公司更希望踏实做好业务，在广告营销方面有所放缓。\n \n品质为王\n \n一边是大肆烧钱，一边是准备进军A股市场，但公司在产品及服务方面似乎并未更大提升。\n \n有消费者表示，自己今年2月初在优信二手车看到一辆东风雪铁龙C4L页面的描述是：2014款1.8L智驱版，自动劲智型（高配，真皮座椅有后排出风口的），原车主2014年5月份购买的，开了2.6w公里，显示没出过事故。但实际上这个车是自动劲享型，也就是低配，座椅不是真皮的，没有后排出风口。\n \n上述消费者后来到4s店查了这辆车的维修记录，发现出过两次事故，一次右车尾倒车入库时撞过，做过漆；一次右后视镜被撞。前述消费者表示，如此看来，车买贵了，虽然自己对车型的了解不够专业显然是吃亏的重要原因，但优信二手车在网站上提供不实的车辆信息也起了关键的误导作用。\n \n尽管优信二手车官网显示，387项手工检测、15天包退、100%无佣金，但二手车网站提供消息不实却成了致命问题。\n \n对此，有业内人士提醒，资本的“轰炸”过后，最终拼的是产品与服务，二手车电商越来越多，同质化现象也必将越来越严重，“一定会有平台很快被市场淘汰、被消费者淘汰。”只有真正从源头改善消费者体验，让大家敢买二手车，才能促进二手车市场的长远发展。\n ', 0, 2, 1475224497, 0, 0, 0, '201082516336710 3000521830 2024820449 2531120511 1997824066 352992890338065 2225623616 2147835851 2098636335', 20, 0, NULL, 0),
(76, 1, '合肥市委宣传部人民日报连续报道张全雷互联网学车项目博人眼球', '[attach]79[/attach]安徽国华光电技术有限公司、嘻哈学车创始人兼董事长：张全雷\n在第三届“阳光电源”杯青年创新创业大赛上，张全雷的项目“嘻哈学车APP”博得众多“眼球”，张全雷本人也因“学车会是一个很爽的体验”这句口号而广为人知。\n \n问：传统的驾校行业多遭诟病，诸如收费过高，教练太凶。您觉得在这样的背景下，怎样才能让学车变成您说的，成为很爽的体验？\n \n张全雷： 现在驾培市场的供小于求，其主要原因可以分为五种：一是人口红利释放殆尽，学车人的基础减少；二是学车群体对国家对驾培改革的期待转化为观望，一些没有刚性驾车需求的人选择了等待；三是驾校审批权的放开，驾校增长数量迅速增加，分流了老驾校的生源；四是驾培行业服务绝大部分不规范，服务质量差导致一部分人占时放弃学车的愿望，人民群众普遍反映考驾照比考大学难、升学压力更大；五、学车太浪费时间，很多上班族无法请太多的假去学车，只能放弃学车考驾照的想法。\n \n以上五点是导致驾培现状的客观原因，我们仔细的分析一下就会察觉到，除了第一条人口红利的因素与互联网没有多大关系，其余的四条都与互联网有着千丝万缕的关联度。国务院88号文件，针对驾改的核心在于学车流程，驾照考试流程的变化，宏观上看就是对驾考、驾培模式的改变，并不是格局的重塑。我国现在手机保有量是美国人口的二倍之多，已经成为移动互联网使用基数全球最大的国家，这是个先决条件。国家通过驾改，利用互联网技术解决人民群众学车之困，是民之福祉，民心所向。同时斩断了驾校与车管所之间的关系，也根除了车管所掌握“考试名额”，驾校送礼走后面“多吃多占”名额的腐败基础。\n \n利用互联网报考驾照、预约学车，变的更单纯、更便捷了。想学车就像在淘宝上买东西一样，就像用打车软件打车一样，纯属单纯的商业消费行为。驾校变成了卖家，服务必然要好，不然就没有市场，可以享受到优秀的学车服务，消费者的感觉也好了。驾考驾培的“民怨”才可以得以彻底的解决。\n \n国办88号文件指出，驾校依然是驾培的主阵地，这是符合事物发展规律的，驾改不会对驾校行业形成冲击，反而是逼迫驾校产业升级的有利法器。一些黑驾校，质量比较差的驾校就出被淘汰出局，更加有利于驾培市场的规范和服务质量的提升，洗牌掉一批差驾校和重组一批驾校，驾校的招生人数会出现反弹景象的。随着驾培的规范化、高效化时代的到来，一些因没有时间或嫌去学车受罪的学车人就会再次的产生学车的欲望，拿起手机报名考照、预约学车。驾校的生源基数将进一步的增长。\n \n问：为什么会取名嘻哈网络技术有限公司？“嘻哈”二字有什么特殊的寓意吗？\n \n张全雷：嘻哈网络技术有限公司，成立的目的就是做移动互联网学车平台，嘻嘻哈哈的学车考驾照，代表着一种革新，完全颠覆了传统的学车考驾照在人们心目中的印象，不再痛苦不堪。互联网PC时代是解决痛点问题，移动互联网时代在解决痛点的基础上还要解决体验问题，嘻哈也寓意着给用户更好的体验。\n \n问：嘻哈学车APP对改变学车现状有哪些举措？在这个过程中，你们遇到了哪些困难，又怎样解决了这些困难？\n \n张全雷：我们对市民学车的期待就像我们做“嘻哈学车”的梦想一样，利用移动互联网技术，将人与人、人与车、人与官的信息公开、公平、公正高度互联起来，可以让学车人，快乐学车、轻松考驾照。当然，我们的困难也很多，主要是利益藩篱、固化思维的阻力：一是通过互联网约考触动了主管单位的既得利益；二是颠覆了现有驾校的经营管理模式，特别是教练员的工作模式，比如早段时间我去一个驾校推广嘻哈学车APP，校长叫来一个教练让其安装，教练员就给了我们一句话，同时也打消了校长利用互联网的积极性：“现在每天有十来个学员围着我，利用互联网约车学一个走一个，我这不是很冷清吗？整个训练场也冷清了起来。”其实最难的是很多教练员的习惯问题，驾校经营理念转变的问题。当然，国家强制性的推了，到最后一步该淘汰的淘汰，该转变的转变是大势所趋。\n \n问：此次参加青年创新创业，对您来说有什么积极意义？在其中您有哪些感受？\n \n张全雷：我们借助此次大赛，能让更多的人了解嘻哈，知道嘻哈学车是利用移动互联网技术搭建互联网学车平台，是解决学车人之困、驾校升级之痛的互联网行业细分平台；我们解决了学车人遭罪的传统学车方式，颠覆了传统给予学车人的不良“体验”，让学车人自由的安排时间、地点、教练等，学起车来比较“爽”，也就是体验比较好；传统驾校在体制上、教练员队伍上固化思维、利益藩篱通过我们的学车平台可以得到彻底的解决，驾校的服务也会越来越好。通过这个平台可以更好、更有效的让更多的人了解我们，加入我们嘻哈学车事业上来，与志同道合的人一起做既有经济效益又有社会效益的事情，这是我们在此次大赛中最大的收获。通过这次大赛和结交了一些朋友，更加深刻了理解互联网，理解嘻哈学车，与各位一道互通有无共谋发展大计。此刻我已经深刻的感受到合肥乃至安徽不久的明天会出来一大批在行业中有代表性的企业甚至国家企业。（倪盈盈）\n \n新闻链接：http://www.hefeifabu.gov.cn/html/7886.html?from=singlemessage&amp;isappinstalled=0 ', 0, 2, 1475223893, 1, 0, 0, '2151232933 2406622996 234592025637096 20154276652608525253 3683032493 2525336947 243522084038647 201143285232593 2339836710 3903330446 2133820154 3052429699', 19, 0, NULL, 0),
(77, 1, '阿里一季度收入同比增59% 移动端表现亮眼', '来源：新华网　 我有话说\n \n8月11日晚间，阿里巴巴集团公布2017财年第一季度财报，集团收入同比增长59%，达321.54亿元人民币；旗下中国零售平台收入同比增长49%，达到233.83亿元，双双取得上市以来最强劲增长。\n \n阿里巴巴集团当季经调整EBITDA（税息折旧及摊销前利润）同比增长41%至149.63亿元，经调整EBITDA利润率为47%；不计优酷土豆及Lazada影响，本季度经调整EBITDA利润率为53%。剔除非经常性出售收益、股权奖励以及个别其他项目，季度非美国通用会计准则盈利同比增长28%至121.87亿元，非美国通用会计准则摊薄后每股盈利为4.90元。\n \n财报显示，中国零售平台移动端季度收入达175.14亿元，按年增幅高达119%，占中国零售平台总收入的比例增至75%，而去年同期比例为51%。本季度，中国零售平台商品交易额（GMV）按年增长24%至8370亿元，其中移动端GMV的占比进一步升至75%。截至第一季度末，中国零售平台的年度活跃买家增至4.34亿，较上季度净增长1100万；6月移动月度活跃用户达4.27亿，较3月净增长1700万，按年增长39%。\n \n据悉，此次阿里财报首次按四个业务分部公布营运情况：核心电商，云计算，数字媒体和娱乐，创新项目及其他业务。\n \n第一季度，集团核心电商业务的收入同比增长47%至272.41亿元，经调整EBITA为166.24亿元，经调整EBITA利润率达61%。\n \n云计算业务方面，本季度收入为12.43亿元，较去年同一季度的4.85亿元上升156%。该业务收入增长主要原因是由于付费客户数按年上升119%至57.7万户，以及付费客户对于云计算服务的使用量增加，带动其对云计算服务的投入金额上升。\n \n数字媒体和娱乐业务方面，阿里于季度内宣布大文娱战略，将相关业务整合至大文娱版块统一管理，这一整合带来的协同效应将促进版块发展及未来增长。数字媒体和娱乐业务的季度收入为31.35亿元，较2015年同期的8.12亿元上升286%。\n \n阿里巴巴集团首席执行官张勇表示，阿里巴巴集团本季度表现出色。业绩展现出了集团生态系统的规模和影响力，阿里不断加强在核心电商、云计算、数字媒体和娱乐版块上的竞争优势。收入增长加速也反映了为客户带来深层次的价值定位。阿里已经做好准备，迎接未来强劲而优质的增长。\n ', 0, 2, 1475223914, 0, 0, 0, '3846337324 199682339524230 2591020837 2151627604 59 3122721160 3492029616 2014230524', 20, 0, NULL, 0),
(78, 1, ' “空中巴士”上路了 “民科”赢了？', '来源：观察者网　 我有话说\n \n8月2日，“空中巴士”——巴铁1号试验车，在河北秦皇岛北戴河区开始启动综合试验。新华社报道了这个消息，许多权威媒体纷纷转载，称之为我国自主研发的“治堵神器”惊艳亮相。\n \n“空中巴士”这个由只有小学文化学历、被誉为“民间科学家”的宋有洲提出的概念，曾经登上《纽约时报》封面，被《时代》周刊与苹果iPad等一起列入2010年50大“最佳发明”榜单，却销声匿迹了6年。现在，路面测试让其再次吸引了公众的眼球。\n \n该如何评价这个全国媒体都在热捧的项目？\n \n \n首先，这次根本不是网传的试运营，测试使用的也不是样车，而是等比例模型。新华社报道称巴铁可以依靠电力驱动，不过这次测试中，超级电容、快充等技术却完全没有相关展示。这种没有完全模拟实际道路情况的测试，不能说明任何问题。\n \n该问的问题，之前网友都问过了。巴铁怎么拐弯？遇上道路原有的立交桥、摄像头怎么办？下方的小车行驶中撞到巴铁怎么办？巴铁科技的回复是：“你们的质疑，我们都有解决方案”。\n \n多年前曾给巴铁技术做过论证的上海交通大学汽车研究院教授张建武，曾指出巴铁技术的三个难以攻破的点。一是如何解决电的问题，二是仅2.1米的高度下方车辆经过有心理压力，同时车身又因为重心高不稳定。三是车体转弯过程中的安全问题。自2010年后，上海交大就再没有和巴铁合作过。\n \n当然也不是没有办法，遇到转弯、路口，可以妥协一下，让小汽车先停十几秒，等巴铁先转弯。转弯时，巴铁会把速度减至每小时10到15公里，确保安全。遇到立交桥，又可以妥协一下，“实在不行请专业公司对桥面升高，也就是几百万。”这些都是巴铁科技项目总监宋友江公开表示过的。（补刀一下：中国道路运输协会秘书长王丽梅表示，北京所有的桥都是刚性桥，不是柔性桥，是没有办法升桥的。）\n \n但问题还远远不止这些，怎么防止超高的车辆从平交路口进入相关车道？怎么保证有违章现象出现时巴铁的安全？怎么防止轨道被停车占用？列车下方的车辆看不到路况和交通标志，如何保证它们不出事故？\n \n退一步说，即便可行性的问题都解决了，是否有效实用的问题，却不是妥协可以解决的。\n \n造价只是地铁的1/5，可以相信，但“治堵神器”，依据是什么？\n \n交通问题不仅仅是技术问题。如果要宣传巴铁可以治堵，就要拿出证据来，而在目前的测试中，这一点仍不包括。\n \n治堵，是这个巴铁概念的最大卖点，也是灵感的来源。在想象中，这好像是不言自明的，不影响车辆在下方通行，又增加了交通工具，应该就能缓解交通拥堵，但这真的有效吗？地铁在北上广都没治住的堵车，巴铁能立竿见影地解决掉？\n \n我们先看特殊情况下的堵车原因：雨雪、雾霾天气，临时限速、道路维修保养、路况（红绿灯等）、车祸、收费关卡等。这些巴铁都无济于事。\n \n即便是在最理想的直行场景，上述意外情况都没有发生，还有车流饱和时的自然堵车会发生。\n \n在高峰时段，地铁只要不发生故障，即便出行人流饱和，也不会发生堵车。而在巴铁的适用场景中，即官方宣传的“城市主干道路面的上空”，巴铁虽然增加了替代出行方式，但因为线路覆盖范围小，分流的乘客有限，远不足以在经常堵车的大城市替代大部分经过主干道的车辆。又因为没有完全抢夺路权，巴铁不能避免下方车流接近饱和。\n \n当车流接近饱和，最常见的堵车就可能发生。前方司机的刹车或变道，会造成后方车辆依次的连锁反应。2008年，名古屋大学的科学家曾做过实验，研究人员让22辆汽车均匀间隔，在一条230米长的单车道环路上行驶，并且告诉司机以30公里的时速驾驶。随着时间的推移，很快出现了细小的扰动，有的车和前车距离缩短了，并踩了刹车，扰动又逐渐放大，最终发生了交通拥堵。\n \n \n这种车辆密度的变化沿行驶方向的反方向传播，在数学上被称为“激波”。要消除这种拥堵，也许要寄望于人工智能的发展，帮助司机更好控制车距。\n \n而城市道路中又存在大量的交叉口，容易造成瓶颈路段，最终导致另一类常见的拥堵。在这些交通的咽喉，巴铁以庞大的身躯减速通过，小汽车再追上，考虑到巴铁的转弯速度，其对这类拥堵的加剧，可能超过了其它替代交通。这是巴铁仅有“半路权”的另一个不利结果。而此次路试只测试了直行情况，大家更关心的拐弯、红绿灯等测试都没有进行。\n \n再看一下宏观层面的拥堵原因：城市与道路规划不当、人口密度过高、交通违规处罚不力等等，和巴铁也没有关系。\n \n硕果仅存的，只有巴铁带来的替代交通增加。而因其仅适用于大城市的主干道，范围很有限，要证明其相对于其它替代交通有比较优势，就不简单了。由于需要牺牲速度换安全的场景太多，巴铁的出行效率可能并不比公交和地铁高。\n \n交通拥堵是远未解决的科学难题，许多不同领域的研究者，通过数学计算和实验设计，都下过大力气。但至今连完善的交通拥堵模型都不能建立。从这个意义上，说一项新发明的交通工具可以抓住最关键的参数对拥堵问题加以解决，为时尚早。\n \n因此结论很清楚了，巴铁这种概念先行的产物，其对交通拥堵的治理，也仅仅还存在于概念上。当然不是说，这样的科技创新毫无意义，我完全没有这个意思。只是，这次的巴铁上路，根本说不上是“民科的胜利”。\n \n最后，考虑到新华社都将其称为“我国自行设计研制、全面拥有自主知识产权的‘空中巴士’”，俨然上升到了国家级的层面，还有必要澄清一些事实。\n \n巴铁并没有与轨道交通领域权威的西南交大签署合作协议。（天津日报）\n \n巴铁项目投资方华赢集团已经开始募集“巴铁”基金。华赢集团董事长白志明向记者表示，“巴铁”一期基金是否已经募集完尚在确认之中。（每日经济新闻）有网友还指出，负责“巴铁”的公司其实是个P2P理财公司，一直在吸纳投资人的存款，并承诺回以高额利息，但其资金链并不稳定。\n ', 0, 2, 1475223954, 0, 0, 0, '31354200132405222763 1997836335 2766531185', 20, 0, NULL, 0);
INSERT INTO `xh_article` (`id`, `uid`, `title`, `message`, `comments`, `views`, `add_time`, `has_attach`, `lock`, `votes`, `title_fulltext`, `category_id`, `is_recommend`, `chapter_id`, `sort`) VALUES
(79, 1, '网络直播更多权责关系有待厘清', '来源：南方日报　施经 我有话说\n \n   8月6日，有网友爆料称，某滴滴司机于机场附近刻意接空姐订单，在未告知乘客的情况下，诱导乘客暴露个人隐私，将双方对话在直播平台上直播。\n \n司机的做法显然是错误的。网络直播是基于合意的服务行为，司机通过披露乘客隐私和肖像牟取私利，已侵犯他人隐私权、肖像权。可事件能够引发强烈关注并非因为该司机无知，而是由于直播行业依然缺乏有效、周密的规范这一事实。据中国互联网信息中心发布的《中国互联网络发展状况统计报告》显示，截至今年6月，网络直播用户规模达到3.25亿，占网民总体的45.8%。然而绝大多数用户恐怕没料到，当他们通过网络窥探他人隐私来满足好奇心时，自己也可能被别人窥视着。网络直播使普通人的生活也具有了被“欣赏”的价值，可此前的观看与被观看均基于双方合意，主播竭力展示才艺，观众则大方打赏，现在这种整齐划一的二元关系被彻底打破了。因此，简单指责个别主播法律意识淡薄不足以刹住不良风气，暴露他人隐私是部分主播有意“开辟”的新经济增长点，如果行业不能实现有效的自我约束、相关部门不能制定系统的法律法规，直播行业自身发展也将受到阻碍。\n \n今年4月，百度、新浪、搜狐等20余家从事网络直播的主要企业负责人共同发布《北京网络直播行业自律公约》，结束了网络直播“野蛮生长”的局面。在实施两个月后，北京网络文化协会及时通报了落实情况，将40余名违规主播列入黑名单，这一切均让人看到依法治理直播的希望。然而事实证明，一纸《公约》还不能完全规范直播行业的是是非非。《公约》更关注直播内容是否“涉政、涉枪、涉毒、涉暴、涉黄”，对内容之外的规范较为有限。网络直播是新生事物，至今尚未定型，现在的直播模式可能只是其初级发展状态，越来越多的主播开始寻找新的表现形式，如从直播间转向户外，以更别开生面的活动来刺激观众，有主播在深夜前往“鬼楼”，一边放着恐怖音乐一边直播，这种完全开放的模式，极容易将无关路人拍摄进去，显然，事件中的司机刻意利用了这一弊端，在这种情况下，简单要求主播提高法律意识，远不如对户外直播的拍摄场所、方式、规避事项予以清晰界定。在人人皆可为主播的时代，制度规范显然较人工排查有效得多。\n \n在规范主播责任的同时，也需要切实保障他们的合法权益。8月1日，直播平台“映客”上的多名主播账号被“永久封禁”，理由是这些主播“违规收礼”，违反了合约。“永久封禁”的直接结果是主播账户款额全部被清空，分文不剩。且不论他们是否真的“违规收礼”，但其面对平台单方处置决定时缺乏足够的申辩机会和维权空间则是不争的事实。当前网络上流行着许多针对网络主播的偏激言论，或视其为日进斗金的暴发户，或视其为以涉黄、涉暴信息蛊惑人心的不务正业者，却偏偏忽视了他们的劳动者身份。此前有网友问：日进斗金的主播可曾纳过税吗？对网络直播存在的种种疑惑，与该领域至今尚无完整、系统的法律法规有关。制定法律或仍需一段准备时间，然而不同省市着手制定各类暂行办法已事不宜迟。\n \n网络直播仍处于发展过程中，近年来VR和AR相机的崛起更让我们看到了它的强劲生命力，然而若缺乏系统的法律规范、未能及时厘清芜杂的权责关系，方兴未艾的直播产业也必定走不远。\n ', 0, 2, 1475224026, 0, 0, 0, '32593324763045225773 2635622810 2643536131 2085131995 2140028165', 20, 0, NULL, 0),
(80, 1, '公安部出台措施 加大考驾照难度-中国财经新闻网', '近日，从公安部交管局获悉，公安部推出多项措施，包括提高驾驶人考试难度、建立考试发证和执法管理责任倒查制度，以及进一步加强路面执法、教育管理等工作，以促进驾驶人整体安全文明驾驶素质的提高。 \n公安部交管局副局长李江平介绍，为增强考试针对性和实用性，提高应对恶劣天气、复杂路况和突发情况的能力，对大中型客货车驾驶人将进行模拟连续急弯路、临水临崖、雨雪天、湿滑路等场地驾驶考试，以及山区、隧道、陡坡、高速公路等复杂条件实际道路驾驶考试，并增加50道安全文明驾驶常识考试题目。\n \n在实际道路驾驶考试方面，汽车类驾驶人的实际道路考试要设置不少于3条考试路线，随机抽选路线进行考试；大中型客货车要全部进行夜间驾驶考试；小型汽车要增加模拟夜间灯光使用考试。\n \n为方便群众选择培训质量高的优秀驾校，各地公安交管部门将每月向社会公布驾校培训能力、考试合格率、3年内驾龄驾驶人交通违法率和交通肇事率等信息，实行驾校培训质量公开排名，并会同道路运输管理机构评选优秀驾校。\n \n公安部明确，将建立考试发证和执法管理责任倒查制度。凡是发生交通死亡事故的，要对驾驶人考试、发证、审验、路面管理环节进行责任倒查，发现违法违规发证、考试把关不严、勤务不落实等问题的，一律按规定从严追究责任。同时，将建立驾驶培训质量倒查制度，每月汇总分析3年内驾龄驾驶人发生负主要以上责任交通死亡事故的情况，通报道路运输管理机构进行培训质量责任倒查，对存在考试合格率排名靠后、缩短培训学时、减少培训项目、参与买卖驾驶证等情形的，暂停受理报考申请。\n \n此外，按照部署，各地公安交管部门将进一步加大严重交通违法查处力度，实行交通违法处罚前教育，建立完善有奖举报奖励制度；强化驾驶人日常教育监管，每月清理客货运驾驶人交通违法记分，每年开展一次大中型客货车驾驶人审验教育，以增强驾驶人安全文明意识。\n ', 0, 2, 1475224105, 0, 0, 0, '208442343337096 2098621488 2551426045 2282332771 3955029031 3859024230 2001322269 3613032463 260323839532593', 20, 0, NULL, 0),
(93, 1, '绿野汽车资质难产 欠款3亿元遭查封', '\n绿野汽车作为一家低速电动车企业受到行业关注，源于经销商集团和谐汽车去年的一次收购。彼时，坊间传言河南和谐希望通过收购绿野汽车，为其同富士康、腾讯组建的新公司和谐富腾取得电动汽车的生产资质。\n \n然而一年过去了，因涉及巨额货款拖欠，绿野汽车已经遭供应商起诉导致资产被查封。和谐汽车对绿野汽车控股权转让以及承诺注资事宜也因此不了了之了。\n \n香颂资本执行董事沈萌对记者表示，当时和谐方面肯定知道绿野汽车的基本情况，债务的多寡非但不会影响和谐收购绿野，甚至还会成为和谐汽车增加话语权的口实。当然这一切都是以绿野能够取得生产资质为前提。如今，政府的优惠政策难以承兑，利好散尽，绿野汽车自然就变得鸡肋而多余了。\n \n \n绿野汽车债台高筑\n \n资料显示，和谐汽车是一家专营豪华和超豪华品牌的汽车经销商集团。2015年度营收达到106.2亿元，净利润5.63亿元。或许是由于国内新能源风口正劲而豪车市场增长势头趋缓，让和谐汽车有了想跳出单一领域发展的念头。\n \n于是，2015年6月，在和谐汽车的纵横斡旋下，和谐富腾有限合伙应运而生。此合伙由和谐汽车全资附属公司河南和谐与鸿海下属企业鸿富锦精密（成都）以及深圳腾讯分别出资3亿元、3亿元及4亿元建立，拟投资目标就是新能源或智能电动汽车项目及相关互联网项目。\n \n同年12月份，和谐汽车宣布收购位于杭州的绿野汽车公司。这家此前名不见经传的汽车公司成立于2010年6月，主要经营范围就是低速电动车。记者注意到，因为仅有低速电动车生产资质，因此绿野汽车拿不到国家新能源汽车的补贴。\n \n作为汽车经销商的和谐，在这次收购上的意图很明显。即希望能通过绿野在汽车生产方面的专业能力，成为和谐富腾最终落地的重要一环；而对于鸿海和腾讯来说，造出车后，紧接着就是销售问题。和谐汽车有豪华车销售经验和渠道，这也成为和谐汽车能和腾讯以及富士康一起出现在公众面前的重要原因之一。\n \n剧本至此，顺风顺水，然而令人万万没想到的是，绿野汽车却被曝出拖欠全国260多家供应商总计超3亿元的贷款债务。随着调查的不断深入，越来越多的供应商对外发声表示：自和谐汽车收购绿野汽车之后，绿野汽车就开始严重拖欠供应商货款，从2015年5月至今一直处于停产状态，被绿野汽车拖欠货款的供应商从去年年底开始集结，停止供货并集体追债。\n \n“一些供应商已经追到了和谐汽车位于郑州的总部。”有知情人士向外界宣称，今年2月份法院对供应商货款拖欠案进行强制执行，由于绿野汽车仍无法如期偿还欠款，很快被法院查封了全部动产。\n \n值得注意的是，收购之前，和谐汽车方面曾专门来做过净值调查，还对供应商的货款进行了审计。这期间难道就没有发现绿野汽车存在严重的债务纠纷问题吗？\n \n资质难产或是主因\n \n从实际情况来看，和谐汽车对于收购下来的绿野汽车，一度信心满满，采取过一些主动的措施。\n \n记者查阅发现，河南和谐曾发布公告称，河南和谐汽车贸易有限公司将向绿野汽车注资2.34亿元，取得上虞杭州湾工业园区投资发展有限公司所持有的绿野汽车全部64.64%的股权；同年6月份，河南和谐二度发声，将投资5810万元收购深圳市中科宏易创业投资有限公司金科控股集团有限公司、闰土控股集团有限公司、上海特思克汽车科技有限公司所合计持有的绿野汽车22.93%的股权。\n \n然而，在第一份公告发布后，河南和谐只向绿野汽车交付了1000万元担保金。随着事态的发展，河南和谐目前仍没有完成公告中承诺的剩余款项。\n \n和谐汽车在收购绿野汽车之后，为什么不按照约定的协议对其进行累计近3亿元的注资呢？有分析人士表示，当地政府在协调收购时，或许做过协助绿野汽车取得电动汽车生产资质的承诺。在承诺无法承兑后，和谐汽车也失去了注资必要。\n \n对于曾宣告要“以绿野汽车的研发和生产能力为基础，打造全新的经济型电动车及品牌的”和谐汽车而言，绿野汽车的失陷难免将造成战略规划和前景布局上的波折。然而这对于真正关心电动车发展的有关人士才说，担忧却远胜与此。\n \n正如中科院杨裕生院士所说，“电动汽车涉及诸多利益关系，导致在现有高额补贴体系下对企业没有要求，诸多汽车厂商花大价钱生产一个没有市场的产品，却并未真正起到促进行业成长的作用。”\n \n在业内人士看来，绿野的溃败只是缩影。想要通过巨资投入维持市场运作的做法是不牢靠的。对于广大低速电动汽车企业来说，如何深入了解市场，潜心研发出真正适合其市场定位的产品才是立身之本。如此，一旦政策东风出台，企业们也好万事俱备。\n ', 0, 2, 1475224748, 0, 0, 0, '3251137326 2777336710 3616436136 3859020135 2742427454 32015920803 2659723553', 20, 0, NULL, 0),
(81, 1, '新华社报道：2016年离互联网学车梦想再进一步', '[attach]80[/attach]\n嘻哈学车创始人CEO张全雷新年第一天发表移动互联网产业主旨演讲。张全雷演讲称，嘻哈学车梦想通过技术创新让学车变得更快乐，2016年将离这个梦想再近一步。\n       张全雷表示，展望未来，特别希望嘻哈网络能在前沿的技术领域探索和产业创新层面，成为未来代表性的公司和国家企业，而不仅仅是一家竞争和生存能力很强的公司。“我们希望从学车软件大战中走出来的企业，不要仅仅成为市场层面格局的重塑。未来哪怕在最激烈的竞争当中，我们也能推出新的产品和商业模式，也能够成为应用技术型的创新代表企业。让学车更快乐。这是嘻哈学车的梦想，2016年我们希望离这个梦想再近一步。”\n       在PC时代（电脑）解决的是“痛点”，那么在移动互联网（手机）时代解决的将是“痛点加体验”；随着智能手机的普及和移动互联网技术的快速发展，驾校行业开始加入到移动互联网行业中。2015年学车软件行业开始进入高速发展时期，学车软件企业也如雨后春笋般迅速崛起。直到2015年最后一个季度，整个行业还在活跃的就剩下了“嘻哈学车”、“驾考宝典”、“驾校一点通与58学车”三家企业，而且还处在激烈竞争的阶段。大浪淘沙中互联网学车平台已经重塑市场格局。\n       在这场互联网学车软件大战中，张全雷看到了很多，同时也亲身经历了很多发生在身边的故事。据张全雷介绍，其实2015年的学车软件大战一开始就是一个偶然事件，并非外界所说的这背后一定有巨头在设计一个巨大的阴谋。2015年先是58同城收购驾校一点通，国华光电宣布进军互联网学车既“嘻哈学车”，接着小米科技入主驾考宝典迅速的引爆了整个市场，很突然而且竞争很残酷的。”\n       张全雷：在2015年12月国务院88号文件发布之前，互联网学车平台企业在所有“外人”眼里都是像滴滴出行一样的互联网企业一样，是颠覆传统的，很多人也认为是逆势走独木桥的，但我一直非常坚信是顺势而为，做自己擅长的事情。嘻哈学车出身好，我们一直都是在驾考驾培行业“混饭”吃的人，没有人比我们更加了解这个行业及上下游的关联度和痛点了，我们可以做到不去相信“利我”，只相信客观需要。互联网学车平台之前我们做驾校模拟考试系统设备，做交警车管所驾驶人考试系统软件及设备，对驾校产业和技术之间有“知已”般的了解，这也是我们比翻墙进来“趁火打劫”的人更懂驾培和技术之间的“粘合度、关联性”的客观事实。\n       在经历残酷的市场竞争后，张全雷对创业以及移动互联网技术的发展也有了自己的认识。张全雷表示，一个初创公司，不管从资金还是系统都面临着巨大的挑战，扛过来了就上一个层级。互联网学车市场的打法不能像打车软件的打法一样打，这种偶发事件背后有它的必然性，必然是因为互联网激烈的竞争和充沛的资本，已经让现在的中国互联网从免费经济走到了补贴经济，互联网最早是收费经济的，最早的Windos操作系统是收费的，最早的杀毒软件是收费的，免费经济的代表周鸿祎带领360干掉了所有的收费杀毒软件，马云带领淘宝干掉了eBay，整个互联网竞争越来越白热化，淘宝用来教育用户的十年在O2O行业里被压缩到了一年。\n       在谈及2016年的规划，以及嘻哈学车未来的突破到底是什么时，张全雷认为，未来嘻哈的发展规划是不断的去通过创造好的服务，不断的去通过产品创新和技术升级，来赢得市场。因为在张全雷看来，不管是免费经济还是补贴经济，它始终是营销层面的创新。“我相信随着整个资本的趋于理性，寒冬的到来，整个行业还是会回归到商业的本质。”我们现在面临最大的压力不是资本，我们的母体公司已经上市了，可以做到自给自足完成第一轮的资本融合。我们最大的压力是在解决用户“驾校”的信任度，这是我们所有挑战里最大的挑战。\n       据张全雷介绍，虽然互联网学车软件看起来很时髦，其实我们国家学车人依然是通过驾校报名点直接报名的传统模式学车的较多。2015年12月国务院88号文件正式提出通过互联网预约考试，手机APP预约考试等，才真正的让“互联网学车”可以时兴起来。即便这样的文件，也是被媒体或者利益机构解读的“歪了”。重庆市在2015最后的几天出台驾驶人“自学直考”全面放开文件，利用互联网平台约考，整个行业才“统一”了声音。接下来的就是很多驾校和利益机构开始按耐不住欲进入“学车软件”领域，跟风的会很多。在短期内会有很多“搅局”者让我们头疼，最多一年他们就会销声匿迹的。就像打车软件一样，当初多少人在做，现在就剩下滴滴和快的了。\n       据了解，目前嘻哈学车已经覆盖全国100多个城市，用户突破100万，并为10多万教练提供软件装机，最大的工作量就是教他们使用上。同时，嘻哈学车即将成长为涵盖互联网学车、互联网旅游、互联网商旅、交通出行服务、陪驾、代驾等多项业务在内的一站式出行平台。对于2016年的发展，张全雷表示，2016年我们希望关乎人民群众考驾照难，学车遭罪的问题得以彻底解决。“我们希望有限的驾校训练场能够承载更多的教练车和学员，能够提高整个驾校的效率。让学车更快乐，考驾照更轻松，这是嘻哈学车的梦想，2016年我们希望和驾校以及社会一道实现这个梦想。\n \n新闻链接：www.ah.xinhuanet.com/2016-01/05/c_1117676849_3.htm \n ', 0, 2, 1475224120, 1, 0, 0, '260322132631038 2525336947 201624180 201143285232593 2339836710 2679024819 20877368271996827493', 19, 0, NULL, 0),
(92, 1, '嘻哈网络获第四届中国“优秀商业模式奖”暨大赛（合肥赛区）成功举办', '       2016年08月25-27日，第四届中国商业模式大赛训练营暨比赛(合肥赛区)在合肥白金汉爵酒店成功举办。该项活动由北京大学汇丰商学院、深圳市龙岗区经济促进局和深圳市龙岗区产业投资服务集团有限公司联合主办，深圳市龙岗创投广场服务有限公司和北京北汇联合教育咨询有限公司联合承办。第四届中国商业模式大赛训练营暨比赛历时三天两夜，前两天两夜，由来自北京大学汇丰商学院商业模式中心研究员、授权讲师今朝导师给企业家们讲授商业模式课程。目的是让企业家们对公司的商业模式有更加深入的了解，第三天进行商业模式大赛合肥赛区复赛。 \n[attach]87[/attach]\n[attach]88[/attach]\n 一、训练营\n       在2天2夜的商业模式训练营中，今朝导师以饱满的激情，接地气的独特授课方式，给与会的100余位企业家上了一堂别开生面的商业模式课程。授课过程中，今朝老师在魏朱商业模式理论基础上，引用大量的现实生产中的实际案例，结合商业的盈利模式关系进行深入浅出的分析与点拨，围绕大赛的主题生动的讲解了商业模式定位、关键资源能力、现金流结构、经营角色、企业价值等主要业务系统图关系，尤其是从竞争，合作，参股等关系中演变出商业模式中最有魅力的共生关系。让与会学员感到耳目一新，企业家们跟着导师的思维和指引，就各自企业的商业模式展开了热烈的阐述及小组讨论，对商业模式有了更深刻的认知，对公司商业模式的创新有了很好的借鉴意义。学员们参与的热情非常高涨，积极的按照导师的要求认真的完成课间布置的作业。训练营次日，学员们还以小组形式继续进行案例分享讨论及PK，将企业商业模式用画布的形式进行讨论，导师现场指导。晚上学员继续完善商业模式梳理，为第三天的第四届中国商业模式大赛合肥赛区比赛备战，两天两夜的训练营课程在充实活泼的气氛中圆满结束。\n[attach]89[/attach]\n 二、复赛\n       让人激情澎湃的是第三天的商业模式大赛合肥赛区比赛，主要来自全国各地的近20家企业，各自拿出自己的优秀项目进行现场路演，互相角逐第四届中国商业模式大赛总决赛的席位。现场邀请北大大学汇丰商学院EDP中心副主任潘守培导师、训练营导师今朝、北大汇丰商学院EDP同学会常务会长雷鸣、前海股权交易所安徽中心姚挺、安徽省环宇智业公司首席策划人许建平、500+老板资源库创始人方新生等6位评委对每一个路演企业的项目都进行了详细的点评，帮助企业发现不足并提出中肯的意见与建议，现场气氛热烈，评委点评时亮点频出。本次比赛紧密结合商业模式主题，同时也关注企业的融资需求。企业经过两天两夜的学习与项目路演，一方面大大开阔了眼界，认识到企业的核心竞争力与短板，另一方面也获得了很好的融资机会，融资不是目的，融智、融心、融能才是企业走向未来的动力源。最后，比赛评选出10家企业获得合肥赛区优秀商业模式奖。\n      作为二线城市，合肥赛区的成功举办，已经说明商业模式在企业的发展过程中有着重要作用，为全国的中小企业的创新、转型升级提供新思路，众多的参赛项目在这场比赛中不仅收获了来自商业模式顶级设计团队的专业指导，更是得到了资本的热切关注，中国商业模式大赛助力企业转型升级，引领科技发展向前。\n以下是(合肥赛区)入围总决赛10强名单 \n单位名称行业\n合肥科软信息技术有限公司信息平台\n安徽箐硕科技有限公司电子信息\n安徽嘻哈网络技术有限公司互联网+\n安徽蜂鸟通用航空有限公司通用航空\n职汇信息技术有限公司招聘平台\n热霸节能科技(苏州)有限公司 节能环保\n媛粉荟女性创业平台\n常州仙草科技有限公司生物科技\n 北京酷熊影业有限公司影视传媒\n浙江长兴德纳克斯动力科技有限公司新能源汽车\n\n(以下为活动精彩瞬间)\n[attach]90[/attach]\n[attach]91[/attach]\n[attach]92[/attach]\n[attach]93[/attach]\n[attach]94[/attach]\n[attach]95[/attach]\n          （以下是获奖证书）\n[attach]98[/attach]\n ', 0, 2, 1475224710, 1, 0, 0, '2207521704 3259332476 315322223523626 2001322269 2024831168 2183019994 2716924335 2282336187 2151232933 3618721306 2510421151 2003021150', 19, 0, NULL, 0),
(82, 1, '瓜子圈钱记：成立一年半 估值10亿美元', '\n3月30日，瓜子二手车宣布，已完成A轮2.045亿美元的融资，创下了二手车电商的A轮融资纪录。此次投资的领投方为红杉资本、光信资本，山行资本、微光创投等多家投资机构跟投。融资后，瓜子二手车直卖网估值达到了10亿美元。\n \n成立仅一年半，估值达到10亿美元，为什么瓜子二手车能圈到这么多钱？\n \n毫无疑问，首先，风投看中的是二手车市场所蕴藏的无限商机。\n \n普华永道思略特预计，到2020年全国二手车交易规模将达到2000万辆，交易额达到1.5万亿元。普华永道思略特认为，目前中国二手车市场的析出比例（交易量/保有量）不到5%，而主要发达市场均超过了10%，在巨大汽车保有量基础上，未来二手车市场的发展潜力非常巨大。\n \n此外，汽车零售利润向二手车和后市场领域转移、租赁市场规模快速扩大、消费观念改变以及配套政策的逐步完善等因素也将大大推动这一万亿级市场的发展。\n \n正是看到了二手车市场的发展前景和巨大的想象空间，互联网行业也从2010年起进入这一领域，与此同时资本市场也越来越关注二手车领域，并在2015年达到了顶峰。据不完全统计，2015年共有17家二手车电商进行了9亿美元的公开融资。\n \n据普华永道思略特表示，目前二手车电商约占整个交易量的10%。未来，整个互联网对二手车行业的渗透还将继续。普华永道思略特预计互联网平台对交易的促成率会从现在的10%提升到2020年的50%左右（包含引流成功和网上实际交易）。\n \n当然，瓜子能获得资本市场这么多的青睐与其自身的能耐也有关系。来自瓜子二手车的数据显示，2015年全年售车5万辆，累积营收37亿元，在售车源峰值超过5万辆，为用户提供了超过2亿元的贷款服务。\n \n那么，瓜子融到的这笔钱会怎么花？\n \n依据瓜子的官方口径：融资所得资金主要用于市场扩张、产品优化以及提升用户体验。此外一部分资金重点用于瓜子二手车在汽车后市场服务领域整合布局，其中汽车金融作为战略级项目，获得重点投入。\n \n也就是说，瓜子的这笔融资主要会花在广告、产品以及汽车金融三方面。\n \n在广告这方面，无独有偶，同日，人人车对外宣布了2016“纵横战略”：千城扩张计划和开放生态计划。为完成目标，人人车CEO李健称：2016年将投入5亿元品牌广告费，支持二手车“纵横战略”的实施。\n \n是的，接下来你会看到更多的二手车广告。\n \n“买卖二手车，上瓜子二手车直卖网”，“上上上上上优信二手车”，“人人车，没有中间商的个人二手车网站”......\n \n在汽车金融方面，据了解，如瓜子与人人等“省去中介环节”的C2C网站主要就是靠汽车金融、汽车保险、汽车保养等服务来盈利。因此，汽车金融无疑是他们的重要布局领域。据普华永道思略特报告分析，目前二手车金融的渗透率只有不到10%，2015年全国二手车金融总额也只有300多亿元。可见，汽车金融必将成为车商的重要赢利点。\n \n那么，未来还会有越来越多的瓜子吗？\n \n答案是肯定的。\n \n但是，普华永道思略特分析，二手车渠道和市场参与者将发生一定变局。新的政策环境将推动4S店加大二手车业务的投入，4S店依托其品牌经营的良好形象和优质服务能力将大大提升市场份额；车商渠道将逐渐分化，车商将依托逐渐成熟的二手车金融服务进行整合和升级，小型车商将面临转型和被淘汰的风险；未来互联网对二手车行业的渗透仍将继续，其和传统渠道的结合也更加紧密。\n \n在C2C平台这方面，需要注意的是，未来C2C模式还需解决线下撮合成本高、消费者信任和标准化评估的问题。\n \n此外，随着资本市场“寒冬”的来袭，互联网二手车公司的融资热度也在不断下降。据悉，目前大部分二手车电商平台仍处于亏损状态，其商业模式仍在不断探索中。普华永道思略特认为，未来1-2年，二手车电商各模式的竞争将非常白热化，当然最终适合中国市场的商业模式也将越来越清晰。\n \n最后，不能不忽视二手车市场本身发展中包括税收问题、限迁问题（虽然相关政策已出台，但是落地情况未知）、金融配套、诚信经营和规范运营等诸多制约因素。（陆佳丽）\n ', 0, 2, 1475224158, 0, 0, 0, '2991623376 2228038065 2510431435 2418021322 2027220540 10 201593265420803', 20, 0, NULL, 0),
(83, 1, '一汽两公司3天市值蒸发43亿 整体上市再延期', '\n因为失信，一汽集团旗下两家上市公司3天蒸发市值43亿。6月6日，一汽轿车和一汽夏利在股票开盘后暴跌，直至双双跌停，两家公司当天市值蒸发32亿元。次日，两家公司放量下跌，一汽轿车继续下跌3.88%，一汽夏利下跌4.84%。6月8日，一汽夏利再跌1.664%。三天时间里，一汽轿车从13.19元下跌至11.64元，市值损失25.27亿元，一汽夏利从7.12元跌至6元，市值损失17.92亿元。三天时间，两家公司总计蒸发了43.19亿元。\n \n \n股票暴跌源于失诺\n \n一汽轿车和一汽夏利的暴跌缘于6月3日晚的一则公告。一汽轿车的公告称，由于宏观经济环境变化等原因，中国第一汽车股份有限公司（下称一汽股份）原计划5年内解决其与子公司一汽轿车、一汽夏利同业竞争的承诺无法履行，恳请股东大会同意将承诺期再延迟3年作为过渡期。\n \n一汽股份于2010年承诺5年内解决同业竞争，这一承诺时间截点被定在今年的6月28日。根据业内的专业解释，所谓同业竞争是指上市公司所从事的业务与其控股股东所控制的其他企业所从事的业务相同或类似。双方可能构成直接或间接的竞争关系。简而言之，在一汽轿车和一汽夏利上市时，一汽方面未能将构成同业竞争关系的相关资产和业务全部装入上市公司，最终导致一汽轿车和一汽夏利现有的经营业务与控股股东所营业务形成竞争关系。\n \n由于一汽股份未能履行承诺，意味着一汽集团整体上市将延迟3年。这对“潜伏”已久的投资者来说，利益严重受损。\n \n一汽归咎市场管理波动\n \n值得注意的是，一汽做出的承诺为不可撤销承诺。对此一汽方面给出的解释是，一是由于宏观经济环境的变化，汽车行业增速放缓， 公司在内部经营也承受着压力；二是自2015 年以来，证券市场发生大的波动，难以把握资本运作的窗口期；三是公司内部管理层在2015 年也出现重大变化。\n \n一汽夏利和一汽轿车发布公告称，两公司将于6月27日召开股东大会，审议“关于中国第一汽车股份有限公司变更承诺事项履行期限的议案”。\n \n机构大佬躺枪 王亚伟损失惨重\n \n投资者普遍难以解受一汽的解释。有投资者对澎湃新闻表示，“人无信而不立，企业更是如此。延长理由太过荒唐（参配、图片、询价） ，领导层更换都可以成为失信的理由，那么一汽的承诺还称得上承诺吗？”更有持股的股民表示“满仓持有一汽轿车股票，谁料却吃跌停，对中国的企业信用无感，还要单纯有良心的股民买单，质疑像这样违背承诺的上市公司为什么不做停牌处理?”\n \n资料显示，潜伏一汽系博弈整体上市的各路投资者中不乏资深大佬，其中前“华夏一哥”王亚伟尤为引人关注。自2014年三季度开始，王亚伟管理的私募产品就大举建仓一汽轿车和一汽夏利。根据一汽轿车的今年第一季度季报显示，王亚伟的昀沣证券投资集合资金信托计划持有3075万股，占总股本比例1.89 %；昀沣3号证券投资集合资金信托计划持有1278.57万股，占总股本比例0.79%。而截至第一季度末，一汽夏利前10大股东席位更是被王亚伟占据了4席，昀沣证券投资集合资金信托计划持有3200万股，千纸鹤1号资产管理计划持有2077.9万股，昀沣3号证券投资集合资金信托计划持有1703万股，昀沣2号证券投资集合资金信托计划持有464万股。\n \n截至2016年3月31日，王亚伟合计持有一汽轿车4353.57万股，持有一汽夏利7445万股。6月6日的跌停当天，王亚伟所持的国信深圳红岭中路在跌停价割肉3.93亿元，这也意味着，王亚伟持有的股票大幅缩水，损失数以亿计。\n \n一家名为明曜投资的私募基金在一封公开信中强烈谴责一汽轿车违约。“一汽股份的要求，已经实际上构成对其原承诺的单方面毁约，也构成对一汽轿车股价的严重影响，更严重损害了公众投资者对于一汽轿车实际控制人国务院国资委、控股股东一汽股份及管理层的信任。” 明曜投资认为一汽股份作为承诺人，没有单方面提议改变其承诺的权利，更不应企图逃避其按期履行承诺的义务。\n \n深交所要求一汽答复原因\n \n对此，6月6日晚深交所发函一汽夏利和一汽轿车，要求两家上市公司在6月13日前回复为何不能按期履行承诺，即控股股东一汽股份拟将其解决母公司（一汽集团）和上市公司（一汽夏利和一汽轿车）之间内部竞争问题的重组计划推迟三年的原因。深交所要求两家上市公司的母公司一汽股份需详细地披露集团整车生产和资产情况，包括但不限于公司名称、持股比例、生产主要车型、产销量和财务数据。\n \n此外，深交所更要求一汽股份解释变更承诺的原因，提供新的工作安排和时间表，履约能力分析、履约风险和对策、不能履约的制约措施。对于一汽股东大会和董事会的表决机制，深交所提出质询：如未能通过股东大会的审议，董事会将会采取哪些措施。深交所此次质询也获得业内的一致认可，认为此举对于保护中小投资者、维护证券市场秩序提供了有力保证。就询问的内容来看，深交所的要求相当严苛。\n \n投资人信心遭打击\n \n对此，高华证券业内人士认为，一汽集团领导层的变化、重组计划与合资企业相关部分获批将会使得一汽集团的重组进一步复杂。销量疲软和估值倍数偏高意味着公司风险回报不佳，当前股价下探空间还有44%。资深汽车行业证券分析师李先生认为，未能兑现承诺是一汽轿车和一汽夏利股票连续多日下跌的主要原因，就他们目前的状态而言，三年之期恐难兑现。同为高级证券分析师的陆先生表达了相同的观点：由于股价包含了预期，这其中包含了经营状况和资产注入，违背承诺从另一侧面反映出投资者对预期的不看好。一汽夏利空壳市值将近50亿元，而一汽轿车更是高达180亿元，综观近阶段股价，之所以前期没有出现暴跌征兆是由于仍有投资者在陆续不断的持仓买入，造成估价虚高。经近几天暴跌之后，许多投资人信心被严重打击，对之后的股价波动会有较大影响。\n \n针对同业竞争这一问题，李经理认为一汽旗下有许多子公司均生产乘用车，一汽轿车和一汽夏利本身就存在同业竞争，而一汽旗下的一汽大众、一汽丰田、一汽奥迪都是乘用车主机厂，均和一汽夏利以及一汽轿车存在间接和直接的同业竞争。一汽方面若想解决同业竞争这个问题，不排除会以集团的名义整体上市，合并这些子品牌，也有可能借壳一汽轿车合并一汽夏利，资产注入产生溢价，提高股价重拾股民信心。一般而言，企业上市主要是为了寻求融资，而像一汽旗下的几大子品牌（一汽奥迪、一汽丰田）均为国企，借贷成本非常低，不存在融资的问题，一汽方面很有可能不愿公开这些企业账目而仍选择仅以一汽轿车和一汽夏利作壳影响资本市场。\n \n一汽产销疲软、跳水式下跌\n \n据全国乘用车联席会的统计数据，今年1-4月，一汽轿车累计销售5.49万辆汽车，和去年同期8.24万辆相比，同比下跌高达33.3%。一汽夏利今年前四月累计销售仅为1.38万辆，不足许多主机厂的一个零头，相比去年同期的2.85万辆，销量腰斩，跌幅高达51.5%。综合销售和库存情况来看，一汽轿车和一汽夏利今年前四月形势不容乐观。而去年一汽轿车的年度业绩报告显示，2015年全年，一汽轿车实现营收266.63亿元，同比减少21.25%，实现归属上市公司股东净利润为5294.81万元，同比减少64.75%。整车销售仅为23.59万辆，同比减少19.55%。由于缺少有竞争力的产品，业内人士预计，一汽轿车和一汽夏利的下跌之势恐难改变。\n ', 0, 2, 1475224208, 0, 0, 0, '1996827773 2084421496 322825 2406620540 3397621457 4320159 2597220307 1997824066 2431026399', 20, 0, NULL, 0),
(84, 1, '热烈祝贺嘻哈虚拟机器人“电子教练”整装下线，开启驾培人工智能时代', ' 7/10发布：嘻哈网络运营中心  编辑：李星\n \n    2016年7月10日由安徽嘻哈网络技术有限公司（以下简称“嘻哈网络”）研发、制造的嘻哈虚拟机器人“电子教练”整装下线，此产品的面世填补了机动车驾驶人培训领域人工智能教学空白，结束了由人工进行驾驶技能培训时代，在驾培领域具有里程碑意义。\n[attach]82[/attach][attach]81[/attach]\n 嘻哈虚拟机器人电子教练是顺应国家驾考改革，自学直考一对一服务学员给驾校或驾培单位带来的教练员人工短缺，人力资源紧张，人力资源成本虚高的应用型创新科技产品。嘻哈电子教练一代已经达到人工优秀教练员85%的教学水平，具备基本替代人工水平，已经拥有结合教练员实现“人＋机1对3”教学能力，在驾校教练员人力资源短缺和用工成本急剧上涨的阶段必将起到了不可替代的作用。\n\n[attach]84[/attach][attach]85[/attach]\n  嘻哈网络在7月份小批量生产成品600台，限量发售，满足全国各地驾校的应用需求，不过具嘻哈电子教练负责人透露，到8月份我们的生产能力可以提高到月出货量3000台，所以不要担心电子教练货源紧张问题。同时还披露在虚拟机器人教练厂家里，我们拥有前后主动刹车系统，确保驾训安全，这是目前其他公司做不到的。', 0, 6, 1475224267, 1, 0, 0, '2890928872 3106936154 2207521704 3439425311 264262212020154 30005233762594532451 2597235013 1997932447 2432021551 3955022521 20154240372623433021 2610220195', 19, 0, NULL, 0),
(85, 1, '汽车金融报告：P2P车贷优势与风险需两分对待', '2007年P2P网贷进入中国时，在资产端是以个人信用贷款起步的，尔后开始延伸到小微企业、贷款、担保贷款、供应链金融、商业保理、票据、典当等领域。在此过程中，房贷和车贷业务越来越普遍，成为 P2P 借贷行业的主流资产。\n \n今年五月，零壹研究院联合车贷平台钱保姆发布《中国互联网 汽车金融发展报告2016》，其中数据显示，截至 2015 年年底，涉及车贷业务的 P2P 平台有 891 家，其中以车贷为主营业务且仍在正常运营的平台大约 200 家左右。\n \n由于车辆抵押贷款的特征，其备受P2P平台的青睐。由于汽车价值保值性优势和车辆抵押贷款的违约成本高，所以违约率较低，即使发生违约，其变现也更为 快捷方便等。据零壹财经统计，目前的P2P平台开展车贷业务的借款期限以2.5--4个月居多，借款期限较短。这也是投资人青睐的因素之一。\n \n行业状况：车贷业务占据多数P2P平台\n \n上述《中国互联网 汽车金融发展报告2016》显示，2015 年度，车贷行业整体交易规模在 580 亿元左右，交易规模靠前的平台包括微贷网、投哪网、融金所、钱保姆等。\n \n交易规模靠前的20家平台借款总额合计达到 360.5 亿元，占到整个 P2P 车贷行业的 62.1%。其中，微贷网 2015 年成交 163.7 亿元，占比 28.2%;排在二、三名的是投哪网和融金所，排在第四的是钱保姆，2015年成交额为22.4亿。\n \n这 20 家平台平均借款利率相差较大，最高的达到 18.89%，在如今的整个 P2P 行业里面都算绝对高息了。平均借款利率最低的为8.54%。平均期限方面，最长的达到 218 天;平均期限最短的仅为 30 天。而业内平均水平维持在80天左右。\n \nP2P 车贷特点与优势引发行业蜂拥而入\n \nP2P 车贷何以火爆?作为现代社会最常见也最重要的消费品之一，汽车和房地产一样， 作为一种金融资产被广泛认可，是备受欢迎的抵押品。而与房地产相比，汽车还具有流动性强、交易成本低的特点。\n \n一方面，二手车市场的日益发达，使得汽车资产的流动性大大提升。另一方面，目前我国住房交易面临诸多限制，税费成本极高。\n \n相形之下，汽车资产本身金额不大，主流二手车价格在 10 万左右甚至更低，在交易过程中的税费成本较低，与购买新车相比还省去了金额不菲的购置税--交易场所相对成熟，交易标的金额适中，交易成本低廉，这一切使 得汽车具有了良好的流动性，而流动性正是金融资产的核心要素。\n \n整体而言，汽车是典型的优质资产，具有额度小、周期灵活、便于定价、处置方便等优势，因而在 P2P 借贷行业越来越被重视。对 P2P 平台来说，只要前期风控措施到位，哪怕出现风险事件，也可以通过汽车资产快速变现抵御坏账损失。\n \n风险与挑战并存 P2P车贷平台谨慎对待\n \nP2P车贷业务和P2P整体行业一样，还是面临一些风险与挑战。\n \n其面临的第一个风险是监管风险和政策风险。监管文件的未出台，和监管的运动式专项整治，将对包括车贷平台在内的 P2P 行业产生重大影响。除了P2P 行业本身的监管风险，也不能忽视汽车行业的政策风险。由于我国城市规划存在缺陷，以及汽车市场的高速增长，交通拥堵情况日益严重，这迫使一线城市和部分二 线城市实施了车牌管制和限行等政策，而这些本应该汽车需求最旺盛的区域，过去几年来，新车市场增速放缓，很大程度上要归咎于限购限行政策。\n \n另外，P2P车贷业务不可避免的存在欺诈风险和竞争风险。这方面，借款人的重复质押也就是重复借款问题。一方面我国征信制度还不尽完善，P2P 平台很难对借款人的实际资质进行全面细致的了解，加大了借贷机构判断借款人的偿还能力和偿还意愿的难度;另一方面借款人非法二次抵押乃至进行黑市交易，都 并不鲜见。\n \n在实际操作中，一些 P2P 平台还碰到过套牌车、黑车等，如果业务人员风控不严，将埋下坏账的祸根。\n \n尽管如此，由于汽车资产流动性好、安全性强的特点，使得P2P车贷业务易于标准化，也因此成为市场竞争的焦点。在中国汽车市场(二手车市场、汽车后市场、汽车金融)蓬勃发展的背景下，互联网 汽车金融将迎来了新的机遇，P2P车贷业务也有望继续向前。\n ', 0, 3, 1475224269, 0, 0, 0, '2777336710 3732934701 2525321578 p2p 3671036151 2024821183 3911838505 2000420998 2354524453', 20, 0, NULL, 0);
INSERT INTO `xh_article` (`id`, `uid`, `title`, `message`, `comments`, `views`, `add_time`, `has_attach`, `lock`, `votes`, `title_fulltext`, `category_id`, `is_recommend`, `chapter_id`, `sort`) VALUES
(89, 1, '汽车金融泡沫泛滥 新三板热炒汽车非主流板块', '\n“最大的风险不是来自于客户、不是来自于车辆，而是来自于行业。现在每天都有一个金融公司冒出来，这些金融公司会在很多环节进行省略，对用户放松要求。”7月30日，车车汇联合创始人黄涛认为，汽车金融的泡沫导致了无序竞争。\n \n中国汽车后市场有将近万亿规模，数字非常让人振奋。与此相对的是，在当下微利时代，企业如何实现快速发展是萦绕在每位创业者心头的焦虑和困惑。\n \n资本看到了市场巨大潜力，最近两年大量创业公司蜂拥而入。但现实状况是，中国汽车金融面临多方面的困局，比如征信数据不准确；数据不互通；行业乱局下恶性竞争等等。\n \n汽车金融市场整体上仍处于“野蛮时代”。V车圈发起人李建设表示，目前中国汽车后市场仍保持持续快速的增长，但部分后市场企业缺乏金融思维，导致企业金融建设能力极弱和企业投资策划管理落后。\n \n金融公司泛滥冲击行业\n \n汽车行业内的一个共识是，企业与金融的结合将更为紧密，金融能力成为企业的核心竞争力。以汽车后市场为例，配件、养护和汽车用品企业往往是在产业链最下游，而金融被称为产业服务能力的最上游。\n \n“国外整个二手车行业的上游车源都控制在金融公司手里，而国内上游车源却都集中在个人手里。所以，当未来金融发展到一定阶段，国内金融公司可能会垄断上游的销售车源，为下游提供批量的资源整合。”专业车辆定价服务公司车三百CEO许伟表示。\n \n接下来，成熟市场将有20%的汽车保有量转化成当年的二手车置换，预计2016年的二手车市场将是增长峰值年，并正式突破千万辆。\n \n通过大数据实时计算，价格更准，更新更快，更能准确地反映市场价格。这在交易量越来越大的中国二手市场，有利于二手车经销商能更好地把握价格，控制风险。\n \n与二手车市场缺乏诚信顽疾相比，骗贷、借贷不还等坏账问题一直是汽车金融企业的痛点，此时风险控制就变得非常重要。\n \n第一车贷副总裁褚华骏说，金融产品很大程度取决于资金管理、渠道管理和风控。“在经销商渠道、风控和资金管理我们都会用大数据分析。渠道方面有很多手段，征信方面，会通过央行征信来获得数据。我们还接入了十多个征信平台，无论互联网还是传统银行，我们会对个体对外投资、个体历史经验、个体情况进行全方面查询，而且定期通过系统API查询，保证了远端查询。”\n \n一般而言，在风控上，汽车金融公司对C端消费信贷也不外乎建立信用模型、对应客户收入、信用水平的收入模型。褚华骏坦言，由于国内数据样本不足，信用模型没有完全对应，还需要清洗和学习。\n \n除了样本不足之外，在互联网时代，数据源的真实度也有待考证。“不确定真实的真实性，在虚假的东西上建立征信模型，出来的结论也是虚假的。” 玖富汽车金融副总经理刘翔实说。\n \n“与银行做消费分析一样，由于数据并不互通，现在每天都有一个金融公司冒出来。市场竞争如此激烈之下，这些金融公司会在很多环节进行省略，对用户放松要求。” 车车汇联合创始人黄涛建议，汽车金融公司可以进行数据互通，从而有效降低骗贷风险。\n \n事实表明，金融中间存在夹层。中国从来不缺少金融机构，但是在监管体制下，不同层次的金融机构无法完全生存。\n \n“中国是一个金融密集的国家。公募基金140家，银行征信、放贷方式都是雷同的，政策层面开一个窗口就是互联网金融，互联网进入肯定会泥沙俱下，有优有劣，会导致金融乱局，今年是互联网整治年。”业内人士表示。\n \n新三板热炒汽车\n \n当一些中小型企业想要通过资本和金融方式成为公众企业时，挂牌新三板成为企业进入资本领域的热门路径，而让新三板变成热门话题的正是汽车行业。\n \n“现在在新三板登陆的汽车行业分别是汽车零部件、汽车设计、新能源汽车、整车（垃圾车、道路清障车等非主流产业）。而且，从境遇上来看，汽车配售行业境遇非常高。” 新三板研究中心首席研究员布娜新表示。\n \n布娜新认为，新三板的融资渠道优势明显：一是市商制；二是银行信贷；三是优先股。\n \n市商制度中，由具备一定实力和信誉的法人充当做市商，不断地向投资者提供买卖价格，并按其提供的价格接受投资者的买卖要求，以其自有资金和证券与投资者进行交易，从而为市场提供即时性和流动性，并通过买卖价差实现一定利润。简言之，法人报出价格，并能按这个价格进行买入或卖出。\n \n而在银行信贷中，目前已有6家银行，可以对新三板企业进行股票质押。对于优先股来讲，新三板挂牌转让企业为非上市公众公司。通过发行优先股，可以拓宽新三板企业融资工具，吸引更多的私募股权投资机构通过优先股的方式投资新三板企业。\n \n“在推动企业成长的时候，新三板会为企业带来很多优势，可以推动其商业模式的打磨，也会帮助企业法人寻找投资商。但是国内资本市场比较浮躁，往往美国前十年的市场景象是中国的市场现状，对于新三板来说真正好的时候在十年后。我不太赞同新三板是停尸房的概念，但是我相信未来几年一半企业会死在新三板上，这是非常正常的事。” 原车讯网副总裁李弘一表示。\n \n很多项目前景非常好的企业往往在经过多轮融资后，突遇资本寒冬随即倒下。而经过理性思考后，人们往往会意识到，资本因其逐利性，大多时候是一把双刃剑，关键在于如何把握市场机遇。\n \n相关专业人士的建议是，企业在融资过程中，需要认真关注投资人选择、股权架构、估值、公司治理、期权激励、资本运作、协议起草权、优先权安排、对赌、协同及资源整合等关键性问题。\n \n“企业家要充分重视金融、充分重视法律，把顶层设计架构好，这样对企业后续对接资本、业务展开才有非常重要的意义。” 华麦网CEO黄才华说。\n ', 0, 1, 1475224613, 0, 0, 0, '2777336710 3732934701 2787327819 2786728389 260321997726495 1997726495 2890928818 2002727969 2649522359', 20, 0, NULL, 0),
(87, 1, '神州优车新三板挂牌获批 专车第一股将诞生', '\n13日晚间，记者获悉，神州专车运营主体神州优车股份有限公司（下称“神州优车”）的新三板挂牌申请已于11日正式获得批准，转让方式为做市转让。\n \n由此，神州优车将正式摘得“专车第一股”桂冠。来自股转文件显示，神州优车将按照有关规定及时办理挂牌手续，具体挂牌时间根据转让系统的规定确定。\n \n \n据了解，神州专车业务从2014年12月开始试运营，在2015年1月开始正式运营。今年4月，神州优车向全国中小企业股份转让系统提交递交挂牌申请。\n \n神州专车最新披露数据显示，2016年第一季度单均净收入达41.70元，同比增长268%；同时，单均成本下降到65.11元，同比降低51.78%。单均净收入与单均成本正渐趋接近。\n \n从日均单量来看，2015年一季度，神州专车日均单量为3.76万，而在2016年一季度，这一数字变为26.03万单，同比增长近6倍。\n \n根据神州优车披露的数据测算，神州专车业务净收入从2015年第四季度的7.85亿元增至2016年第一季度的9.88亿元，增幅为25.86%；亏损总额从2015年第四季度的9.05亿元降至5.55亿元，降幅高达38.67%，亏损明显收窄。\n \n仅从专车业务的角度看，神州专车距离盈利已经为期不远。神州优车方面表示，专车业务逐步止亏，得益于神州专车B2C模式显著的规模效应，即随着规模的扩大，单均成本逐渐降低。\n \n在业内人士看来，本次挂牌申请获批，意味着其B2C的运营模式获得了股转系统的认可，也体现了监管层对新经济新业态发展的支持和鼓励。\n \n据 悉，自新三板扩容至全国以来，挂牌企业数飞速增加，目前已经超过7000家挂牌企业。然而，优质的企业却并不太多。上述业内人士表示，随着新三板分层制度 的实施，市场更加需要真正有核心竞争力的企业来发挥示范和引领作用，从而激活整个市场。因此，神州优车获批挂牌将是一个“双赢”的选择。\n \n罗兰贝格日前发布的《中国专车市场分析报告》指出，2015年神州专车占据国内专车市场39.9%的份额；订单量月均增速达到32.9%，远超19.5%的行业平均水平及其他竞争对手。神州专车的活跃用户平均次月留存率达70%，名列前茅。按照最近一次的公允增资价格，神州优车估值达369亿元，其挂牌后的表现值得市场期待。\n \n不过，上市显然显然并非神州优车的最终目标。公司董事长兼CEO陆正耀曾多次对媒体表示，要“重构人车生态圈”，这其中，专业业务将会起到“桥头堡”的作用。不久之前，神州优车发布战略和愿景：将会深度聚焦出行和汽车领域的全产业链和人车生态圈，通过业务运营和资本运作相结合的手段，深耕行业。\n \n事实上，除了现有的出行板块、电商板块，神州优车未来可能在车联网、维修保养、智能汽车、汽车保险等方面进行全方位布局，企图通过商业模式的不断创新，发挥业务板块的协同效应，引领行业变革。\n ', 0, 2, 1475224531, 0, 0, 0, '3107024030 2024836710 260321997726495 1997726495 2534629260 3371925209 1998736710 1996832929 3580629983', 20, 0, NULL, 0),
(88, 1, '三星子公司30亿元认购比亚迪1.92%股份', '\n7月21日晚间，比亚迪发布公告，公司完成以57.40元/股非公开发行2.52亿股，募集资金总额144.73亿元。其中，上海三星半导体有限公司认购5226万股，合计30亿元，将持有公司此次非公开发行完成后股本总额的1.92%。\n \n本次非公开发行新增股份将于7月25日在深圳证券交易所上市。本次发行对象所认购的股票限售期为12个月，即自新增股份上市之日起12个月内不得转让。预计可上市流通时间为2017年7月25日。\n \n比亚迪称，本次非公开发行并不改变公司的控股股东和实际控制人，本次向特定投资者发行，提高了机构投资者持有公司股份的比例，使公司股权结构更加合理，有利于公司治理结构的进一步完善，不会导致发行人控制权发生变化。\n \n \n上海三星半导体有限公司成立于2001年12月，其前身为香港三星电子上海办事处，于1993年起在国内开展业务，是由韩国三星电子株式会社在上海投资设立的独资企业。韩国三星电子已具有近30年的历史，是一个集半导体、通讯、计算机产品和消费类电子于一体的大型电子企业。公司主要从事多媒体及家用电器、信息及通讯、半导体等产品的设计、研究及生产。\n \n此前，韩国三星电子有限公司(Samsung Electronics Co Ltd)&lt;005930.KS&gt;在7月15日表示，已同意购买中国汽车制造商比亚迪(1211.HK)、&lt;002594.SZ&gt;的股份，提升其电动汽车配件和智能手机组件业务。比亚迪同日发布公告称，三星电子就参与比亚迪A股非公开发行与该公司展开积极推进，三星电子本次拟参与比亚迪A 股非公开发行主要基于对比亚迪长期发展前景的坚定信心，以及未来双方在电动汽车零部件领域的战略合作。未来双方将共同把握全球电动汽车快速发展的巨大机遇，推进双方电动汽车相关业务的持续发展。\n ', 0, 1, 1475224587, 0, 0, 0, '1997726143 233762084421496 302015920803 3574836141 2760420122 192 3292920221', 20, 0, NULL, 0),
(90, 1, '滴滴收购Uber中国 股东广汽开心还是忧伤', '\n滴滴出行将收购Uber中国的品牌、业务、数据等全部资产在中国大陆运营，这距离广汽集团宣布成为Uber中国的投资者仅8个多月。\n \n广汽集团内部人士8月3日接受第一财经记者采访时称，滴滴出行与Uber全球达成战略协议之后，广汽集团至今尚未接到Uber中国的知会。估计滴滴出行收购Uber中国之后，双方在各方业务交接将需要一定时间。而广汽集团此前与Uber中国签署的《战略合作框架协议》(下称“《合作协议》”)，应该还将会按相关法律法规以及合同来推进。\n \n上述人士谈道，广汽集团与Uber中国战略合作，主要是基于战略投资和业务合作等方面，而Uber中国股权将发生变化，双方此前的合同来将如何落实，需要进一步沟通和细化。至于滴滴出行收购Uber中国之后，将给广汽集团此前所投资的Uber中国项目带来哪些变化，目前尚无法评估。\n \n \n投1亿美元成Uber中国股东\n \n8月1日，滴滴出行宣布与Uber全球达成战略协议，滴滴出行与Uber全球将相互持股，成为对方的少数股东，Uber全球将持有滴滴5.89%的股权，相当于17.7%的经济权益，Uber中国的其余中国股东将获得合计2.3%的经济权益。\n \n广汽集团将是获得合计2.3%的经济权益的中国股东之一。\n \n广汽集团于2015年12月21日~23日连续发三天公告，披露广汽集团拟与Uber中国开展战略合作及子公司拟参与Uber中国B轮融资的相关信息。广汽集团已于去年12月与Uber中国签订《合作协议》，双方将在股权投资、汽车销售、维修保养、二手车、汽车信贷、保险及租赁等方面开展战略合作。\n \n广汽集团在2016年1月12日再发公告称，根据已签署的《合作协议》，广汽集团各相关投资企业正就双方具体业务合作的内容、方式进行协商，推进协议的落实;其中，公司境外子公司中隆投资有限公司以约 1 亿美元参与Uber中国 B 轮融资。\n \nUber中国在去年完成B轮融资，除了Uber全球外，广汽集团、中信证券、中国太平、中国人寿、海航国际等9家中国投资人为Uber中国投资了接近20亿美元，而广汽集团是国内第一家对Uber进行股权投资的主机厂。广汽集团总经理曾庆洪表示，在互联网时代，汽车不单只是交通工具，更是硬件与软件的融合，而汽车制造业必须为用户提供一个出行的整体解决方案。\n \n按《合作协议》的内容，基于未来汽车市场与互联网经济的发展，广汽集团在汽车销售、维修保养、二手车及汽车信贷、保险、 租赁等方面向Uber中国提供优惠待遇;Uber中国在新车购买、市场推广、汽车信贷、二手车交易平台方面，优先选择或推荐广汽集团产品和服务;Uber中国利用其全球化资源、大数据技术以及品牌优势协助广汽集团拓展国内外市场;双方在包括混合动力、纯电动汽车在内的节能与新能源汽车的推广、应用方面展开合作，共同推进绿色出行。\n \n战略部署绿色出行\n \n然而，滴滴出行收购Uber中国之后，广汽集团与Uber中国是否还能按原计划展开全方位深度合作，这备受关注。\n \n泰博英思(北京)信息咨询有限公司汽车行业总监孙木子3日在接受第一财经记者采访时谈道，从目前的信息来看，暂时难以判断滴滴出行与Uber“联姻”将对广汽集团产生哪些具体影响，但有一点值得关注的是，滴滴出行收购Uber中国，并与Uber全球相互持股，这意味着Uber中国的股东广汽集团，将成为滴滴出行的间接股东，未来与滴滴出行在共享出行领域或许也存在合作。滴滴出行未来选择与汽车制造商合作时，不排除广汽集团享有一定优先权。作为Uber中国B轮融资中唯一一家汽车厂家，广汽集团这步棋还是下得比较明智。\n \n“共享出行领域正备受关注，无论是汽车制造商还是互联网企业，都加快朝这一热门领域布局，这也将是新能源汽车、自动驾驶汽车推广及示范的重要阵地。从目前情况看，新能源汽车拓展汽车零售市场得比较艰难，部分车企逐渐加大其在公共出行领域的示范运营力度。广汽集团投资Uber中国，一方面是看中与Uber中国在共享出行方面的合作空间，另一方则是考虑到在共享出行领域的长远期投资收益。况且，广汽集团1亿美元的投资可进可退，相对是风险可控的。”孙木子分析称。\n \n广汽集团投资的1亿美元究竟在Uber中国中占有多少股份，双方至今未对外公布。广汽集团上述内部人士告诉记者，占比较小。这被视为是年利润逾40亿元的广汽集团在出行领域牛刀小试。第一财经记者了解到，广汽集团正通过多渠道让旗下多款节能以及新能源汽车在共享出行领域试水，其中广汽集团旗下广汽丰田的凯美瑞双擎和雷凌双擎已分别进入北京约租车市场和广州出租车市场，广汽乘用车传祺新能源车也已进军广州网络约租车领域。\n \n根据中国汽车工业协会统计，广汽集团今年上半年销量为73.88万辆，在国内汽车集团中销量排名第六。目前，广汽集团在新能源领域确立了“以插电式PHEV(增程式REV)/纯电动EV等新能源车型为重点、兼顾混合动力HEV等节能车型”的技术路线，并掌握了新能源汽车“三电”核心技术、燃料电池等多项前瞻性技术。在智能汽车领域，广汽集团已完成无人驾驶关键技术的研发，在智能驾驶、车联网、电子电器等方面有丰富的技术积累，并取得了相关研发成果。\n ', 0, 1, 1475224645, 0, 0, 0, '2840428404 2591036141 uber 2001322269 3292919996 2419127773 2432024515 2455120260', 20, 0, NULL, 0),
(91, 1, '上百家媒体争先报道互联网学车：“嘻哈学车受追捧”', '原标题：“自学直考”利好互联网驾校，学车不用再被“潜规则”了？\n[attach]96[/attach]\n摘要：考过驾照的人都知道，教学水平参差不齐、乱收费、吃拿卡要是传统驾校里的“潜规则”。现在，互联网驾校正在试图改掉这些弊病，他们想让用户跳过传统驾校的环节，直接找到教练和练习场地，最终完成考试。这被称为“自学直考”。\n \n有关自学直考的政策，在去年就有所放开。去年7月1日起，杭州开放了互联网考试平台，符合考试条件的驾驶证可以直接在相关网站是预约考试，自主选择考试场地和考试时间。\n \n到了今年4月1日，《公安部关于修改〈机动车驾驶证申领和使用规定〉的决定》和《关于机动车驾驶证自学直考试点的公告》正式实施。\n\n政策上的“亮灯”对互联网驾校的创业者来说无疑是个利好消息。\n\n[attach]97[/attach]\n近日，车轮互联（车轮考驾照是旗下的互联网学车平台）宣布完成C轮融资，车轮互联CEO吴峰表示，新引人的资金将会用于三个方向，继续优化互联网学车、用车体验；深化与驾校及互联网巨头合作；线上线下共同推进，提升和保障各环节服务水平。这意味车轮互联此轮融资将重点投向驾照培训业务。\n \n一方面是政策利好，一方面又要直面驾培市场里众多的传统驾校，互联网驾校究竟能否迎来它的春天呢？\n \n新的契机\n \n政策利好的声音逐渐放出，让专注于互联网驾校的公司开始尝到一丝甜头。\n \n2015年，互联网驾校进入发展快速道，各类与学车有关的软件有如雨后春笋般崛起。比如58学车、车轮驾校、小巴学车、哈哈约车、90学车、超级教练等等。\n \n其中，58学车在去年开始由陪练向学车转型。当时在接受腾讯科技的采访时，58学车创始人张晓磊就曾袒露了他对整个驾培市场的看好。“去年驾校毕业人数达到2700万人，人均客单价在5000元左右，整个市场规模大概是1400亿。”\n \n官方数据也证实了这一点。据公安部交管局统计数据，2015年全国驾驶人数量突破3亿大关。学员人数从2008年的1678万人增长至2014年的3000万人。这形成了一个1000亿人民币规模的市场。尤其在农村市场、年轻人市场和女性市场，学车市场潜力巨大。\n \n转型是张小磊对驾校市场潜力的思量结果，但从当时的政策来看，是不允许私办驾校的，这个行业还处于政府保护的状态，没有完全市场化。\n \n于是他才沿着产业链又往下走了一步开始考察汽车陪练市场。当时张小磊透露，公司下一步的发展方向是做互联网驾校品牌“58学车”。而现在，58学车已经在杭州、长沙上线了学车业务，在今年4月底还将扩展5个城市。\n \n博弈还是合作\n \n“驾改”政策的实施和互联网驾校的纷至沓来，已经让传统驾校感受到了来自互联网创新的压力。原本在驾培市场占据主导地位的传统驾校，不得不面临着和互联网驾校同分客源的局面。\n \n不过，互联网驾校的创业者却不愿意将二者的关系置于尴尬境地。在他们眼中这种冲击仅仅是过程，随着后期的磨合和利益上的均衡，二者最终会达到平衡状态。\n \n在58学车联合创始人陈丹看来，与其说是互联网驾校和传统驾校之间的博弈，他更喜欢用合作与双赢这样的字眼来形容二者之间的关系。\n \n58学车在长沙和杭州开放了多个训练场地，这都是58学车和当地传统驾校合作的结果：58学车将传统驾校平日闲置的场地运转起来，传统驾校还能获得一定收入；在教练车和教练的配备上，58学车也会和当地的传统驾校实现资源共享和分成。\n \n除了“合作”，“服务”也是从业者最爱提到的词之一。\n \n车轮考驾照方面对腾讯科技表示，学车从报名到练车、考试是一个具有一定周期的重服务过程，不能完全靠线上完成。优质的学车体验需要互联网企业和传统驾校协同完成，互联网企业可以为学员在线提供更便捷的报名、约车、约考操作体验，为传统驾校提供更智能的管理系统。这些都大大地解决了学员和驾校痛点。而传统驾校本身可以更专注于教学，提升教学水平。\n \n不过，传统驾校和互联网驾校是博弈还是合作，还要取决于模式。目前互联网改造传统驾校有三种模式：\n \n第一种是帮助传统驾校提高工作效率的，让他们用更低的成本实现更高的价值；\n \n第二种是给传统驾校导流，但问题在于，押款和佣金相对较高，传统驾校不一定能够承担得起；\n \n第三种是重模式，通过合作将传统驾校过剩的资源运转起来。\n \n要过的几个坎\n \n虽然有政策支持，互联网驾校在未来仍然可能会遇到挑战。比如如何保证教练员教学水平，如何平衡与传统驾校的关系，以及如何解决场地问题等。\n \n“一开始我们觉得是在做滴滴打车版的互联网驾校，但做下去之后会发现学车和打车是两类完全不同的服务。学车从选择到拿本，是一个决策周期和服务周期都较长的过程，这样对服务的要求会更高，可能出现的情况也会更加复杂。”车轮考驾照负责人表示。\n \n不同城市驾培市场的情况也千差万别。比如北京驾校以直营居多，即教练车和教练全部来自驾校，教练属于驾校员工。而在其他城市，教练基本以挂靠为主，即教练不从属于某个驾校，教练车拍照是驾校的，驾校与教练之间的关系更松散。这就要求互联网驾校因地制宜。\n \n持相对保守观点的嘻哈学车张全雷认为，虽然互联网学车软件看起来很时髦，但中国学车的人依然是通过驾校报名点直接报名的传统模式学车的较多。很多驾校和利益机构开始按耐不住欲进入“学车软件”领域，跟风的会很多。\n \n在这种大环境下，互联网驾校的竞争会更加激烈，也会出现兼并、洗牌的现象。事实证明，直到2015年最后一个季度，还在活跃仅剩58学车、车轮考驾照、嘻哈学车等为数不多的几家企业，大浪淘沙中互联网学车平台已经开始重塑市场格局。', 0, 4, 1475224685, 1, 0, 0, '3033423478 2318620307 2010520808 2525336947 201143285232593 2339836710 2207521704 3686125447', 19, 0, NULL, 0),
(96, 1, '学车电子教练成第八届中国国际道路交通展的焦点！', '      2016第八届中国国际道路交通安全博览会于8月29-31日在广州琶洲保利世贸博览馆隆重举行。作为驾培驾考行业的领航者及最有价值的北斗定位整体解决方案供应商，“国华光电”携“嘻哈网络”领先推出的“嘻哈学车”电子教练教考系统精彩亮相，成为此次展会的耀眼明珠。\n[attach]99[/attach]\n“嘻哈学车电子教练”展示车辆\n[attach]101[/attach]\n 嘻哈学车 电子教练 博览会展馆\n      展会期间，“嘻哈学车”借助安装了“电子教练”设备的实物教学车辆，生动而形象的展示了基于北斗卫星GNSS高精度技术、虚拟现实三维电子地图、人工智能评判技术的“嘻哈学车电子教练”，吸引了众多参会嘉宾追捧和知名媒体的高度关注。\n[attach]103[/attach]\n 参会嘉宾莅临嘻哈学车电子教练展馆\n[attach]104[/attach]\n 众多观众对“嘻哈学车电子教练”表示出强烈的兴趣\n      同时，“嘻哈学车电子教练”的主动刹车安全系统和辅助教学人工智能评判系统等核心特性吸引了广大参会嘉宾的认真咨询，纷纷对此给予了高度评价。\n[attach]105[/attach]\n     在未来的发展中，“嘻哈学车电子教练”将发挥互联网的大数据、平台优势，在互联网技术上实现从报名到约车、约考的“网学车”服务，同时将学车电子教练融入驾 培全过程，尽快实现创建一个将驾校、考场、教练、学员等多种角色的网络平台，构建起新型的驾培物联网，打造我国互联网驾考驾培生态圈闭环，更好、更便捷的 服务于驾考驾培行业。 \n ', 0, 1, 1475225216, 1, 0, 0, '2339836710 3000523376 3245125104 2084323626 2001322269 2226938469 36947363352013236890 2896628857', 19, 0, NULL, 0),
(103, 1, '张全雷：创业除了一腔热血外，还需要什么？', '摘要：“大众创业，万众创新”是李克强总理在2014年提出的概念。随着创业创新浪潮的展开，很多国内外精英选择创业，可“创业”这件关乎情怀与梦想的事情，是只要有一腔热血就可以吗？\n\n1月25日，在“第三届中国合肥青年创新创业大赛颁奖典礼”上，美国麻省理工学院 教育委员会中国区主席，中国总面试官，云享客联合创始人，海归创业者石岚为许多有着同样梦想的人分享了自己的感受“创业不仅仅是勇敢者的游戏，更是智者的深谋远虑”，以及“三势一才”的创业经验。\n[attach]122[/attach]洪泰基金创始合伙人：盛希泰代表创业导师作主题演讲/美国麻省理工学院教育委员会中国主席石岚\n石岚：创业除了一腔热血外，还需要坚持，创业者创业的动机是成功的关键，若你是为了实现社会价值去创业，在你遇到困难时就会坚持下去；若你创业的目的仅仅是为了赚钱，因为创业没有一帆风顺的，在遇到坎的时候你就会退缩，甚至放弃......\n\n一知“趋势”\n\n创业必须要了解趋势，知道为什么要选择这个领域。\n\n嘻哈学车创始人张全雷：古语有言“顺势而为”，现代也依旧是这个道理。以嘻哈学车本身为例，我们做互联网学车，选择先从泛IT领域切入，这是为什么呢？因为互联网+时代已经到来，互联网学车是互联网驾考驾培的基础，在李克强总理提出“大众创业，万众创新”后，泛IT人才的重要性越发彰显。因此，嘻哈学车所做的事情既符合了时代的趋势、国家的需求，更是改善国民学车、考驾照的民生工程，这就是嘻哈学车知晓并抓住的“趋势”。\n\n二明“优势”\n\n知道怎么去做，怎么才能做得优秀。\n[attach]127[/attach]安徽国华光电技术有限公司创始人兼董事长、嘻哈学车创始人张全雷（右一）\n现在在互联网学车市场中竞争对手也不少，但却都在嘻哈学车身后，这又是为什么呢？因为嘻哈学车一直都知道自己的优势在于“市场上唯一一家既拥有先进技术又懂驾考驾培的驾考设备公司”，所以嘻哈学车注重以最先进的技术使学车考驾照回归本质。因此，嘻哈学车以技术手段探索“如何让线上约车效果比线下好”，独创了在线预约教练车系统，并将在2015年6月全面上线安卓和苹果版本，进一步改善互联网学车感受。此外，我们还推出了在线选驾校报驾校等可选择业务，一直都走在业内的前面。\n三掌“走势”\n此外，作为创业者，你还需要知道怎么去布局。\n[attach]130[/attach]合肥市市委副书记、市政府市长：张庆军致辞\n例如去年，当行业内竞争者还瞄着驾培在线学习（题库）市场时，嘻哈学车已经在业内率先推出互联网在线约车平台，与其它学车平台不同的是，我们嘻哈学车APP是不设置障碍的可下载注册，行业第一家做到基于行业做到互联互通，实现即时信息服务学车人与驾校业务。我们要在全国深入布局，放眼世界，这才形成了嘻哈学车不断茁壮成长的持续动力。 \n四握“人才”\n如果说一个好的创业思路是骨架，那人才则是血肉，真正使之鲜活存在的根本。\n嘻哈学车一直注重人才的挖掘和培养。自去年获得天使投资后，嘻哈学车进一步加快了优秀人才的吸纳脚步，但以嘻哈学车目前极速发展的速度，人才缺口依然很大，也欢迎全国各地的人才加入到嘻哈学车的大家庭中。', 0, 1, 1475225907, 1, 0, 0, '243522084038647 2101919994 19968331082890934880 3865635201', 19, 0, NULL, 0),
(104, 1, '互联网+”将让交通更智能', '国家发展改革委、交通运输部近日联合印发《推进“互联网+”便捷交通 促进智能交通发展的实施方案》，促进交通与互联网深度融合，推动交通智能化发展，为我国交通发展现代化提供有力支撑。\n\n《实施方案》明确，实施“互联网+”便捷交通重点示范项目27项，到2018年基本实现公众通过移动互联终端及时获取交通动态信息，掌上完成导航、票务和支付等客运全程“一站式”服务，提升用户出行体验；基本实现重点城市群内“交通一卡通”互联互通，重点营运车辆（船舶）“一网联控”；线上线下企业加快融合，在全国骨干物流通道率先实现“一单到底”；基本实现交通基础设施、载运工具、运行信息等互联网化，系统运行更加安全高效。\n\n在完善智能运输服务系统方面，《实施方案》提出，打造“畅行中国”信息服务，形成涵盖运输、停车、租赁、修理、救援、衍生服务等领域的综合出行信息服务平台，实现实时、多样化的信息查询、发布与反馈。\n\n加强智能交通基础设施支撑是关键基础。根据《实施方案》，我国将建设先进感知监测系统，形成动态感知、全面覆盖、泛在互联的交通运输运行监控体系。\n\n构建智能运行管理系统、健全智能决策支持系统是“重头戏”。《实施方案》明确，完善交通管理控制系统，提升装备和载运工具自动化水平，鼓励研发定制化智能交通工具，推进旅客联程联运和货物多式联运；健全智能决策支持系统，充分利用政府、企业、科研机构、社会组织等数据资源，挖掘分析人口迁徙、公众出行等特征和规律。', 0, 1, 1475225918, 0, 0, 0, '201143285232593 2013236890 2623433021', 20, 0, NULL, 0),
(105, 1, '网约车合法，地方约车平台何去何从？', '新华社银川８月８日电（记者靳赫、白平）　　随着网约车合法身份得到明确，出租车市场无序竞争的状况有望改观。然而，地方性约车平台能否适应网约车合法后的市场变化？\n\n一年前，为抵御“滴滴”“优步”等网约车平台，银川１３家出租车公司联合推出地方性约车平台“９６１６６”，并要求所有出租车司机不得使用其他软件接单，双方因此形成水火不容之势。\n\n应对市场竞争，建立地方平台\n\n“２０１３年那会儿出租车这行好干，一个白班司机每天纯挣３００元；如今我们早上６点就出车，每天最少跑１０个小时，也就能挣２００元。”在银川大众出租汽车公司司机马建荣的记忆中，银川出租车行业由盛转衰，活越来越难拉，是最近两三年的事儿。\n\n在银川出租车行业巅峰时期，出租车户价格一度涨至７０多万元，如今，出租车户已跌至４０多万元。\n\n一些出租车司机反映，２０１４年，“滴滴”打车等相继进入银川市场，其后又接入私家车载客服务，给传统出租车行业造成较大冲击。出租车户价格下跌、司机收入下降，只是其中的影响之一。\n\n面对市场竞争，银川市１３家出租车公司选择“抱团取暖”，共同出资４００余万元，于２０１５年９月联合推出“９６１６６”本土约车平台，提高出租车服务水平，以此与“滴滴”等抗衡。\n\n银川市冰达出租公司副经理杨占福说：“银川市共有５３６４辆出租车，去年下半年，在网约车平台注册且比较活跃的私家车就已超过３０００辆，市场蛋糕就那么大，出租车开始‘吃不饱’。”\n\n打车软件“二选一”，市场遭遇尴尬\n\n用互联网技术升级出租车服务，“９６１６６”推出时不少市民叫好。但记者调查了解到，约车平台问世后，出租车公司随之规定，所有出租车司机只能使用该软件接单，若违规使用“滴滴”等其他软件，将给予处罚。\n\n如此一来，银川市出租车“触网”后又与当下流行的网约车平台隔绝开来。市民出行要么选择使用“９６１６６”约出租车，要么使用“滴滴”等约私家车，这种“二选一”的做法，使“９６１６６”带有浓重的对抗色彩。\n\n然而，由于资金、技术等因素制约，“９６１６６”运行中存在不足，诸如定位不准、程序莫名崩溃等问题，造成用户体验差，很多市民使用后感到效率低，因此不愿再用。\n\n虽然多次改进升级，但在“滴滴”等网约车平台的强势竞争下，“９６１６６”市场推广颇为艰难，不少出租车司机干脆放弃网络接单业务，服务车辆减少，加剧了“９６１６６”约车难。\n\n近日，记者在银川一处街头向“９６１６６”下单后，６分钟内没人接单，客服称记者所处地点周围没有空车。记者尝试第二次下单，继续等待１０分钟仍无出租车响应。可是，就在这段时间里，有７辆空出租车从记者面前驶过。\n\n银川运输有限公司永宁分公司司机李师傅向记者“吐槽”，以前还允许用别的软件，我每天用手机能接十几单活，现在用“９６１６６”一天都未必能接到一单，软件开着纯属浪费流量。乘客都被私家车抢走了，出租车经常空驶，有时跑几公里都拉不到一个人。\n\n地方约车平台，从对立到融合\n\n记者从“９６１６６”平台运营方宁夏大众电召出租股份有限公司获悉，到目前，“９６１６６”软件下载量为７．３万多次，每天约车成功次数为９００单左右。\n\n“银川市白、夜两班司机共１万多名，乘客数量也数以万计，从数据上看，‘９６１６６’目前的运营情况不理想。”银川市城市客运交通管理处副处长田新平说。\n\n“行内人都知道，‘９６１６６’是用来对抗我们的，可是本土约车平台不好用，能挡得住吗？”“滴滴”出行快车司机陈师傅如是说。\n\n业内人士认为，与“滴滴”“优步”等网约车平台相比，本土约车平台在服务水平上有差距。“９６１６６”人为地将出租车业务与网约车平台分割，其实质是造成壁垒。\n\n“互联网技术应用可助推出租车行业供需对接，减少空驶率，本土约车平台强行对立的做法不可取。传统出租车和网约车业务间有互补性。为此，传统出租车行业应针对自身存在的问题进行改革，使网约车平台与本土约车平台融合发展。”田新平说。', 0, 1, 1475225947, 0, 0, 0, '325933242236710 2151227861 2232026041 3242236710 2417921488 20309214352030920174', 20, 0, NULL, 0),
(106, 1, '滴滴大兼并背后的资本霸权：烧钱规模堪比战争', '\n“一旦资本选定了谁，往后只会在其上不断加注，后来者是没有活路的，怎么都融不到钱。”当年被快的兼并的大黄蜂打车的一位创始人曾如此感慨。而正是遵循着“得资本者得天下”的丛林法则，快的在不久后成了滴滴的囊中物，且不久前滴滴又合并了优步中国，朝着一统江湖再近一步。\n \n按滴滴早期投资人、金沙江创投董事总经理朱啸虎所称，为“以打促合（并）”，滴滴及优步中国的“战备”融资规模最终或许会达到300亿美元。\n \n正如上证报昨日刊发的独家报道《滴滴股权迷雾》所披露，在这个庞大的数字背后，是滴滴借助VIE架构拼命吸纳资本、兼并扩张，打造产业帝国的“既定路线”。但是，以逐利为先的资本终将谋求收割，在滴滴实现一家独大的格局后，产业生态会发生怎样变化，谁又会成为这个“饥饿游戏”的最终买单者？\n \n“烧钱”规模堪比一场战争\n \n8月初，当滴滴与优步中国合并、Uber全球及滴滴将相互持股的消息被公布时，朱啸虎第一时间表示：“终于宣布了。”\n \n“我三年前到访Uber全球旧金山总部时，就曾建议TK（Uber创始人兼CEO特拉维斯·卡拉尼克）投资获得滴滴5%的股份，把中国市场完全交给滴滴，可惜当时TK胃口太大！”朱啸虎透露。\n \n那是在2013年，在完成来自腾讯的B轮融资后，滴滴的C轮融资遭遇阻击。在美国“找钱”期间，朱啸虎和滴滴创始人兼董事长程维抱着“试试看”的想法登门拜访TK。但是，TK提出的报价是要持有滴滴40%股权，双方自然无法达成共识。\n \n此后，滴滴与优步中国展开“烧钱大战”。今年6月初，在滴滴总裁柳青宣布滴滴新一轮融资超过35亿美元时，朱啸虎便喊出“整军备战！”他当时估计：滴滴与优步中国已累计融资超过200亿美元，“战争”结束前估计会融资300亿美元。这相当于美军在第一次海湾战争花费的1/3。\n \n在网约车行业，“烧钱大战”一方面烧出了行业壁垒，资金实力不够雄厚的公司要么无法入场，要么最终只能旁观。另一方面，最终玩家滴滴和优步中国也均耗资巨大，双方面临的形势瞬息万变，压力与日俱增。\n \n以最终结果看，开战是为了和谈。朱啸虎曾在其朋友圈对此役作出总结：和平是打出来的！且滴滴谈和的资金筹码越来越多，去年和快的合并时是7亿美元，今年则是这个数字的十倍以上，没有这些筹码，连谈和的资格都没有。\n \n大佬身影下的“选边站队”\n \n再向前溯，依靠80万元创业，花8万元外包开发了一个演示意义大于实际意义的打车软件，然后找主流风险投资机构融资，开口就是500万美元。这就是滴滴出行创始人程维以及天使投资人王刚2012年所做的事情。此后，是朱啸虎所在的金沙江创投给了滴滴300万美元的A轮融资。\n \n到2013年，在北京海淀区苏州桥附近的白家大院——一家颇有特色的仿宫廷式餐厅——腾讯方面约程维、王刚等人见面谈融资。后来，腾讯董事局主席马化腾也专门跟程维面谈。腾讯表现得志在必得，对于滴滴方面王刚、程维提出的条件，基本上全部答应下来。\n \n根据市场态势，要在国内互联网行业创业，迟早都会面对百度、阿里巴巴、腾讯这三个大佬。起初，对于是否接受腾讯的融资，程维、王刚曾犹豫不决，主要原因就是不想过早地选边站队。\n \n在一家足疗店里，程维和王刚讨论一番之后，最终决定接受腾讯领投1500万美元的B轮融资方案，“活下去是最重要的”。但王刚没有忘记提醒程维，“我们的这个决定是要付代价的。”\n \n王刚的提醒得到应验。滴滴的C轮融资计划遭遇了来自阿里巴巴的阻击。朱啸虎曾对外称，纽约所有答应与滴滴方面商谈的投资人都推脱了，甚至有签了投资协议的投资人也拒绝投资。\n \n直到2013年底，中信产业基金领投，滴滴完成了C轮融资，融资困局才被打破。丛林法则 后来者难有活路\n \n化险为夷，滴滴成为资本的宠儿。但是，江湖里更多的是资本弃儿。如今已归属滴滴的大黄蜂打车就是弃儿之一，只不过它的名字偶尔还会被人记起。\n \n滴滴起初遭遇的融资阻击，大黄蜂打车同样遭遇过。\n \n大黄蜂打车的主要创始人黎勇劲曾是土豆网CFO，曾主导土豆网成功在纳斯达克上市并与优酷合并。2013年1月，黎勇劲和土豆网前副总裁邓薇等人在上海一起创办了大黄蜂打车。\n \n刚亮相一个多月，大黄蜂打车就覆盖了上海超过20%出租车司机，日下单量突破1万单，平均接单成功率85%。一切看起来顺风顺水，黎勇劲还表示，移动互联网时代后来者弯道好超车。\n \n从时间上看，快的、滴滴的上线时间要早几个月，大黄蜂打车属于“后来者”。而后来的事实表明，作为“后来者”的大黄蜂打车成了一家“快公司”。2013年11月22日，快的宣布收购大黄蜂打车。\n \n对于存在还不到一年的大黄蜂打车被出售的原因，交易双方当时的表述都语焉不详。只有作为大黄蜂打车创始人之一的邓薇，在接受媒体采访时曾诉苦道：“一旦资本选定了谁，往后只会在其上不断加注，后来者是没有活路的，怎么都融不到钱。”\n \n曾挑起“烧钱游戏”的大黄蜂打车被收购了，曾在2014年年初掀起“滴滴+微信支付”与“快的+支付宝”补贴大战的滴滴、快的，在2015年初合并了。\n \n当时的那一役，滴滴、快的背后的腾讯、阿里巴巴更是站到前台直接参战。补贴大战之初，程维找到腾讯本想要几百万推广预算，腾讯爽快地给了滴滴几千万。补贴大战斗到中盘，滴滴的40台服务器扛不住，腾讯连夜支援滴滴1000台服务器。\n \n据王刚后来回忆，当时在国外休假的滴滴投资人，心情一下子变得沉重，所有投资人本能反应都是极不愿意烧钱，但又不得不决定继续战斗。\n \n资本收割季节 谁将买单\n \n完成与快的合并后，滴滴又得直面优步中国这个更强劲的对手。一番大战的结局，是滴滴和优步中国最终也上演了一场合并大戏，这更是双方背后资本实力较量的结果。朱啸虎曾经分析称：“Uber全球董事会给TK施加了很大压力，希望他尽快盈利，不能继续烧钱，这也是很重要的原因。”\n \n在资本市场上，投资机构遵循“募、投、管、退”的四阶段运作逻辑。无论是优步中国还是滴滴，其各自股东名单里都已经聚满众多大牌的资本玩家。\n \n投后管理是创投全程中重要的一环，但是话语权掌握在大玩家手中。一家参与过滴滴融资的创投公司负责人告诉上证报记者：“在这个项目中，我们所占的股权微乎其微，基本没有参与投后管理。”\n \n投资人时常将创业者扶上马，再送一程。但是，他们都不是慈善家，多数也并不追求战略利益。对于他们来说，投资滴滴、优步中国均已经走完“募、投、管、退”全程的四分之三。接下来，推动优步中国和滴滴上市是资本完成退出，实现高溢价获利的必然选择。此前，就有外媒援引知情人士消息称，滴滴考虑于2018年在美国上市。一位参与滴滴融资的机构人士也对记者表示，按照目前的设计，滴滴应该是寻求美股上市。\n \n与此同时，在“烧钱大战”过后的网约车市场，滴滴的一家独大将带来怎样的生态巨变，或许不是资本要考虑的问题。但对一家拟上市企业来说，赚钱应比烧钱更重要，这可能也意味着，随着只有一人幸存的“饥饿游戏”接近尾声，寻找买单者的时刻即将到来。（上海证券报）\n ', 0, 1, 1475225976, 0, 0, 0, '2840428404 2086024182 3616426412 3871226435 2890338065 3526827169 2257027604 2511220105', 20, 0, NULL, 0);
INSERT INTO `xh_article` (`id`, `uid`, `title`, `message`, `comments`, `views`, `add_time`, `has_attach`, `lock`, `votes`, `title_fulltext`, `category_id`, `is_recommend`, `chapter_id`, `sort`) VALUES
(107, 1, '驾改改了什么，创新了什么，我们集体陷入误区', '摘要：互联网学车、互联网驾校、先学后付、抱团取暖、连锁经营筹，我们中国人发挥出最大的聪明才智，把好的、坏的商业模式创造得让人眼花缭乱。可是，这种创新再多，也只是在驾校培训服务领域里的东西，都无关中国驾培经济乃至中国经济的根本，因为能够拯救驾培经济乃至中国经济的根本性创新——生产领域里的科技创新被我们忽视了，被我们遗忘了，甚至我们还没有本事把它们创造出来，只有少数的企业（行业内国华光电、嘻哈网络)、大了说格力、华为、中兴等）能为中国挽回一点局面。\n\n我们不仅把创新的精力放到了提高驾校的服务上面，而且把创新的资本也放到了提高培训服务上面，于是，支撑驾培经济甚至支撑中国驾培服务业的实体产业出现了前所未有的艰难。驾改浪潮我们从业者创新什么？创什么业？我们集体陷入误区，以为大力推动服务转型就可以让中国的驾培经济好起来，大力推动互联网学车就可以改变现状？其实，没有了驾校实体产业，互联网学车服务也不会走得太远，皮之不存，毛将焉附？这就是董明珠对马云说的：实体企业不生产东西了，你们也就完蛋了！从另一个角度看，实体产业和服务业的关系就如同一个家庭和保姆的关系，只有这个家庭有了盈余才能请保姆，没看见哪个家庭饭都吃不上就请个保姆回家的。\n \n我们不要觉得发达国家互联网服务业发达，就拼命追逐服务转型，并把没有扎实的驾培实体经济根基的服务业当成救命的稻草；我们也不要以为发达国家的驾培都是一步直奔服务业的，他们都是在驾校实体经济发达以后才有发达的互联网服务业的。像美国，他们驾培差不多只剩服务业了，但这不意味着他们没有发展过实体驾培产业，而恰恰是它的实体产业超发达之后，才有资格、有能力让互联网学车服务发达起来。所以，我们不要忘记我们处在哪个阶段，在我们目前这个阶段上，我们只有把更多的精力和资本放到驾校实体经济上，利用科技创新产品，比如嘻哈学车电子教练解放劳动力，释放产能上面，中国驾培才有希望，未来的中国驾培服务业才有希望。\n \n政府号召我们驾改创新，结果我们都盯住了转型驾培服务，却忘记了驾改的本质，也没有意识到驾改和互联网不是驾校招生锐减的“原罪”；政府号召我们驾改，结果我们都涌入了改变服务，却没有认真的思考驾培产业的格局如何从塑，甚者，有些驾校经营者想出手转让驾校，而不是在危机时发现生机去并购驾校，剩者为王，看谁坚持到底。现在的情况是，不仅新进入的驾校举办者不在驾培实体经济领域去思索，行业资深从业者也不在驾培实体经济领域。如果你在中国遇见驾培创业者，你会发现，100个创业者会有99个都在谈互联网、服务、招生、竞争等话题，中国的驾培实体经济已经被创业者特别是新生代创业者彻底抛弃了。为什么会是这样？因为中国的产业导向、人才导向和资金导向等有问题，所以驾校实体企业已经不在躺着赚钱；因为科技驱动发展眼前投入比较大、改变经营观念难度大，投入产出比周期相对较长。当代的中国人喜欢赚快钱，喜欢赚容易的钱，正因为如此，中国驾培实体企业面临危机，中国驾培实体企业家后继乏人。\n \n于是，我担忧起来，如果我们中国驾培人都热衷于商业模式的创新，都去转型服务而忽略了科技驱动实体发展的核心问题，那么中国驾培的经济的未来在哪里？当我们改革开放第一代驾培实业企业家离去的时候，谁来继承他们的事业？不，当我们改革开放30多年后的今天驾培经济出现拐点需要突破的时候，谁来让中国的驾培实体经济迈上一个新的台阶？看着发达国家都是用高科技和高端制造业来征服世界的时候，我们却是用苟延残喘的“小米加步枪”和眼花缭乱的商业模式来一比高低，这让人很着急。2016年在世界500强企业里，没有一家涉及到中国驾培和中国驾培企业。当我们看到这些，我们还会为我们创新了世界上36%的商业模式而自豪吗？\n ', 0, 1, 1475226067, 0, 0, 0, '2591325913 2101926032 3859820307 3851920837 3582321306', 20, 0, NULL, 0),
(108, 1, '滴滴出行正式宣布收购优步中国', '腾讯科技讯 8月1日，滴滴出行宣布与Uber全球达成战略协议，滴滴出行将收购优步中国的品牌、业务、数据等全部资产在中国大陆运营。这一里程碑式的交易标志着中国共享出行行业进入崭新的发展阶段。\n据悉，双方达成战略协议后，滴滴出行和Uber全球将相互持股，成为对方的少数股权股东。\nUber全球将持有滴滴5.89%的股权，相当于17.7%的经济权益，优步中国的其余中国股东将获得合计2.3%的经济权益。\n滴滴也因此成为了唯一一家腾讯、阿里巴巴和百度共同投资的企业。同时，滴滴出行创始人兼董事长程维将加入Uber全球董事会。Uber创始人Travis Kalanick也将加入滴滴出行董事会。\n滴滴出行创始人兼CEO程维表示，与Uber的合作，将让整个移动出行行业走向更健康有序、更高层次的发展阶段。\n未来，优步中国将保持品牌和运营的独立性，司机和乘客继续获得稳定服务。滴滴出行将整合双方团队在管理和技术上的经验与专长，在用户资源、线上线下运营和营销推广等层面共享资源、协同发展。\n同时，滴滴出行亦会倡导内部竞争和相互促进，以更加精细化、多元化的创新服务，满足消费者日趋丰富的出行需求，持续提高司机收入。\n滴滴出行还将与监管机构紧密合作，持续进行市场培育；创造健康有序的行业生态，为中国的经济增长和就业转型做出更加积极的贡献。\n滴滴出行总裁柳青表示，超过一千五百万司机和三亿注册用户已经加入滴滴社群，共同搭建将人、车、交通和生活方式互联互通、开放共享的生态圈。优步中国人才和经验的加入，将让我们能更好服务中国人的需求。滴滴也将继续积极拓展国际化策略。我们期待与海内外伙伴深入合作，为行业、乘客和司机创造更多价值。\n同时，滴滴出行也将加快“扬帆出海”和国际化步伐，从人才结构、技术储备和业务布局上全面开始走向全球化。除将继续与全球伙伴合作打通本地优势资源外，滴滴还将进一步推进进入其他海外新兴移动出行市场，如港澳台地区、日本、韩国、欧洲、俄罗斯等地。而为了在人工智能、大数据领域能够和全球竞争，滴滴已经在硅谷建立了硅谷研发中心，并考虑在英国、俄罗斯建立类似的研发中心，在全球招揽世界顶尖人才。\n7月28日，中国交通运输部等7部委发布《网络预约出租汽车经营服务管理暂行办法》宣布网约车合法，这也是全球范围内第一部国家级的网约车法规。滴滴出行表示，此次历史性的合作将成为中国移动出行行业把握机遇、实现澎湃增长动能的新起点；滴滴出行将致力于进一步发展“潮汐战略”，通过大数据的深入挖掘与应用，智能调配体系连接多种交通工具，不断提升平台效率，降低成本，让出行变得更加高效便捷。同时，滴滴出行已经构建了一个世界领先的智能交通云，希望通过与相关公共部门和科研机构合作，为城市的交通体系和城市发展创造更大的社会价值。\n中国正在进行全球历史上最大规模的城镇化进程，在国家“互联网+”和鼓励创新的政策激励下，共享经济蓬勃发展。作为一种创新业态，互联网分享经济通过大数据驱动的创新科技，革新了中国人的出行方式，成为解决城市交通、环保问题和就业挑战的重要力量，中国的移动出行市场已经展示出无可比拟的巨大潜力。以滴滴出行为例，目前该平台提供了超过1300万灵活就业机会，直接充分就业超过100万，日服务乘客达1600万人次。“然而相对于八亿的城市人口规模，滴滴目前的渗透率亦仅为1%左右，整个移动出行行业才刚刚起步，滴滴期待与全球合作伙伴一起携手共赢、创造未来”。', 0, 1, 1475226101, 0, 0, 0, '2840428404 2098634892 2749124335 2345924067 2591036141 2024827493 2001322269', 20, 0, NULL, 0),
(109, 1, '长三角青年创新创业联盟大会昨日在沪成立，嘻哈网络成首届会员', '      8月23日，上海市政府合作交流办、长江三角洲城市经济协调会在沪共同举办了“长三角青年创新创业联盟成立仪式暨第一期长三角青创训练营开营仪式”。成立仪式上，上海市政府合作交流办领导、上海团市委领导分别致辞。嘻哈学车创始人CEO张全雷作为合肥首批纳入创业联盟项目库的优秀青年参加会议。\n[attach]134[/attach]\n      长三角青年创新创业联盟是经长三角协调会第16次市长联席会议上批准成立的区域性创新创业类合作联盟。联盟由长三角协调会、上海市政府合作交流办牵头成立，联合长三角协调会各成员城市政府部门、团组织和相关企业共同参与，致力于集聚30个城市的创新创业力量，着力为长三角地区的青年创业者打造创新创业服务的生态闭环。联盟在成立以后的工作重心将放在构建长三角青创项目库、长三角青创导师团、长三角青创基地群即‘一库一团一群’的服务平台上，并通过定期举办长三角青创高峰论坛、长三角青创训练营、长三角青创巡演周、长三角青创项目对接会等活动，努力成为长三角经济圈的创业服务标杆。\n      随着联盟的成立，第一期长三角青创训练营也将正式开营。来自整个长三角地区40余名创业者将参与创业培训。创业联盟期望以此为来自长三角地区的青年创业者提供学习交流的机会和平台，为他们营造更好的成长孵化环境，打造更实的创新创业服务机制。\n      嘻哈学车致力于互联网学车，我们将借助这次会议提供的良好环境，敢于创新、敢于挑战、敢于尝试，真正的利用技术引领驾校走进智能时代。', 0, 1, 1475226107, 1, 0, 0, '382711997735282 3873824180 2101926032 2101919994 3285230431 2282320250 2615226085 2510431435 2207521704 3259332476 3931823626 2025021592', 19, 0, NULL, 0),
(110, 1, '南新华参观考察嘻哈网络刚刚整装下线的电子教练项目', ' 7月11日下午，北京新华德御董事长南新华参观考察嘻哈网络，嘻哈网络董事长张全雷带领集团高管汇报嘻哈网络的发展，值得关注的是南新华在嘻哈虚拟机器人“电子教练”核心研发人员的陪同下上车实际体验了驾校电子教练，并给予了高度的评价，同时也提出了许多宝贵的建议。[attach]137[/attach][attach]133[/attach]南新华是7月11日参加在皖驾校金牌教练班培训后，应安徽国华光电技术有限公司、安徽嘻哈网络技术有限公司董事长张全雷邀请到合肥“嘻哈网络”总部及嘻哈虚拟机器人教练基地参观考察的。\n  南新华，中国第一家专门从事驾校经营管理研究的专业公司“北京新华德御管理咨询有限责任公司”董事长兼总经理，国内关注驾校教练员队伍素质提升的首本著作、驾校教练员培训第一书《驾校教练员五项修炼》的作者，国内第一本致力于提升驾校经营管理的著作《驾校经营方略》的作者，中国驾培行业主要交流平台《中国驾校管理》网站的创办者，新浪网“驾校经营方略”博客的博主，备受国内驾培行业广泛专注的《王牌教练员十关培训营》的创始人，国内公认的最具影响力的实战派驾校经营管理和驾驶培训专家。\n[attach]135[/attach][attach]136[/attach][attach]138[/attach]\n\n ', 0, 3, 1475226111, 1, 0, 0, '2603221326 2144235266 3277123519 2207521704 3259332476 2101821018 2597235013 1997932447 3000523376 2594532451 3903330446', 19, 0, NULL, 0),
(111, 1, '国华网：热烈祝贺嘻哈学车在青年创新创业大赛上荣获大奖', '[attach]139[/attach][attach]140[/attach]\n ', 0, 1, 1475226130, 1, 0, 0, '2226921326 2890928872 3106936154 2207521704 2339836710 3873824180 2101926032 2101919994 2282336187 3363533719 2282322870', 19, 0, NULL, 0),
(112, 1, '驾校培训电子化、收费方式多样化时代已经到来', '摘要：驾培从半垄断半官方市场经济走向多元化市场经济时代趋势不可逆转，未来我们驾校举办者如何看待驾校和学车人的关系成为我们驾培人和驾校兴亡的关键所在，多元化驾培市场经济带来哪些改变，我们准备好了吗？\n \n一、驾培市场的主体单位还是驾校吗？\n \n以往驾培市场的主体单位单纯到只剩下驾校，“包办”是服务的主要模式。一次性缴费，包会、包拿驾照，是一种很单一的存在方式；那么，以后的驾培市场就大不一样了，特别是互联网时代的到来以及国家88号文件的出台，起到的推波助澜作用力，势必会导致驾校业态的巨变。现在我们很多驾培人谈网色变，把驾培行业存在模式的颠覆性变化归罪于“互联网”，其实不然，确切的说应该是因互联网时代的到来改变了人类生存习惯和消费方式导致的格局重塑。\n互联网时代的最大特征就是催生了“懒人经济”，特别是服务型行业尤为突出。怎么样做的让人“变懒”，吸引的消费者就会越多，如何做的让人“懒的很舒服”聚集的消费者就会越来越多，也就是我们所说的“粉丝经济”。当然，粉丝经济的玩法也五花八门，让我们驾培人无法适从。说到这里，我们言归正传来谈谈未来驾培市场的“主体”是什么？139号令驾改的推动，互联网时代的洗礼，让驾培经济主体变的多元化，扁平化，碎片化势必产生“一点一线”的利益链分配模式和学车生态，我们驾培人只要做好其中的一个环节也就是OK了，多环节经营势必会导致服务质量无法保证，形同虚设只是口号，导致走老路永远到不了新地方的窘境。\n以驾校为主体的驾培市场必将迎来：“互联网＋教练”，“互联网＋驾校”，“互联网平台＋驾校”等多样化存在模式，以后还会衍生出“互联网＋私家车”等多元化发展模式和产业格局从塑。驾培市场从乱象丛生到百花齐放时代即将到来，我们无法回避。驾校走轻资产道路，连锁化经营战略必将迎来繁荣时代，也就是说所谓的分享经济谁先琢磨透了、谁先行动了谁就是未来驾培的主人。\n \n二、收费方式多样化看谁的腰包？\n \n以往的驾培基本上是一次性收费，近一年来也有采取基本学费加计时收费的方式，即便这种方式还是单一的盯着学员的腰包，这也是行业的进步。以后的市场大环境变了，我们可以盯着的腰包就变的越来越多了，我们的眼睛不仅仅只盯着学员的腰包，还要看着教练员的腰包，互联网平台的口袋还有“私家教练的口袋”。\n驾校的教练员利用互联网学车平台自主招收学员，钱进了教练员的口袋，我们可以通过驾校的基础设施服务把费用分流出来；学员的钱进了互联网学车平台，我们可以通过合作把费用分成出来，学员的钱进入了私家车陪练的口袋，我们可以资源共享把费用赚取回来。无论如何，学车都离不开驾校和驾校与生俱来的基础设施，这是我们驾校的天然优势。驾校boss们准备掏谁的腰包，您瞅准了吗？\n \n三、如何利用现有条件谋略胜利？\n \n存在形式就全国驾校来看，差异非常大。各有千秋、各有利弊，如何能在新的业态用完胜的谋略决策驾校的战略布局，这个是关键。战略决定布局，那么我们的战略是什么？如何布局势必影响着驾校的未来。就像我们做产品一样，没有一样技术是完美的，只有多种有效技术融合起来，才可以做出优秀的产品，那么驾校经营存在模式也是一样，没有格式化的套路。比如北京的东方时尚驾校和海淀驾校，大块头的集中培训基地让他们成为中国驾校的航母，那也是因为北京客观情况塑造的。在北京城区寸土寸金的土地资源，是导致驾校城外生长，集中地块的主要原因。当然，他们也是成功模式的一种，但这种模式仅仅是在一线城市才会更好的生根发芽成长和发展。\n合肥，一个主城区拥有近400万人口，几个城市副中心拥有约400万人口的二线城市，驾培的业态与模式若按照北京等一线城市的战略布局，也许就不会如此幸运了。这样的城市更适合“碎片化分布，学员就近学车”的战略布局，军英八一驾校就成功的运用了这种“星星之火可以燎原”的战略布局，争得了安徽驾培第一大户。所以说，第一不是封的，第一是靠争的，这个争就是战略和布局。\n驾校，还有一个战略布局也很重要：就是如何梳理现有驾校的HR架构，如何把人力资源成本降到最低，实现开源节流盈利两头盈利，那就驾校的电子化建设，如何利用学车电子教练替代人工培训，是驾校大幅度减少开支的又一战略布局，做好了省下都是白花花的银子。\n总之，驾培市场已经发生了翻天覆地的变化，格局从塑历史节点已经到来，作为驾校的掌舵人，你准备好了吗？', 0, 1, 1475226137, 0, 0, 0, '3955026657 2252135757 300052337621270 2591036153 2604124335 228102667921270 2610220195 2405032463 2104026469', 20, 0, NULL, 0),
(113, 1, '网约车经营服务管理暂行办法出台 九大看点解读-新华网汽车频道', '新华网北京7月28日电 今日下午，国务院新闻办公室举行发布会，交通部、公安部、国家质检总局等部门有关负责人介绍了《关于深化改革推进出租汽车 行业健康发展的指导意见》(以下简称《指导意见》）、《网络预约出租汽车经营管理暂行办法》(以下简称《暂行办法》)的相关情 况并回答记者提问。\n \n    据交通运输部副部长刘小明透露，历经两年时间，经过多轮反复讨论、修改，最终形成了《关于深化改革推进出租汽车行业健康发 展的指导意见》和《网络预约出租汽车经营服务管理暂行办法》。\n \n    《指导意见》的主要任务体现在六个方面：一是科学定位出租汽车服务。二是深化巡游车改革。三是规范网约车发展。四是鼓励私 人小客车合乘。五是营造良好的市场环境。六是落实属地管理责任。\n \n    另外，根据改革的总体思路配套起草的《暂行办法》，确定了网约车高品质服务、差异化经营的发展定位，规定了平台公司承运人 责任及平台公司、车辆和驾驶员应该具备的条件，并对平台公司经营行为、车辆报废、驾驶员专兼职从业、部门联合监管等事项作 出了具体规定。此外，依据有关法律法规的规定和行政处罚的权限范围，明确了相关的法律责任。\n \n    此次修改后的《暂行办法》共分7章40条，涵盖总则、 网约车平台公司、网约车车辆和驾驶员、网约车经营行为、监督检查、法律 责任，以及附则等7方面内容。以下为主要看点：\n \n    一、从事网约车经营的车辆: 发放《网络预约出租汽车运输证》\n \n    拟从事网约车经营的车辆，应当符合以下条件：\n \n    （一）7座及以下乘用车；\n \n    （二）安装具有行驶记录功能的车辆卫星定位装置、应急报警装置；\n \n    （三）车辆技术性能符合运营安全相关标准要求。\n \n    车辆的具体标准和营运要求，由相应的出租汽车行政主管部门，按照高品质服务、差异化经营的发展原则，结合本地实际情况确定。\n \n    服务所在地出租汽车行政主管部门依车辆所有人或者网约车平台公司申请，按规定的条件审核后，对符合条件并登记为预约出租客运的车辆，发放《网络预约出租汽车运输证》。\n \n    二、从事网约车服务的驾驶员须具有3年以上驾驶经历\n \n    《暂行办法》规定， 从事网约车服务的驾驶员，应当取得相应准驾车型机动车驾驶证并具有3年以上驾驶经历，无交通肇事犯罪、 危险驾驶犯罪记录，无吸毒记录，无饮酒后驾驶记录，最近连续3个记分周期内没有记满12分记录，无暴力犯罪记录以及城市人民政 府规定的其他条件。\n \n    三、网约车行驶里程达到60万千米时强制报废 年限达到8年时退出网约车经营\n \n    《暂行办法》规定网约车行驶里程达到60万千米时强制报废。行驶里程未达到60万千米但使用年限达到8年时，退出网约车经营。 小、微型非营运载客汽车登记为预约出租客运的，按照网约车报废标准报废。其他小、微型营运载客汽车登记为预约出租客运的， 按照该类型营运载客汽车报废标准和网约车报废标准中先行达到的标准报废。\n \n    四、网约车平台公司与驾驶员签订多种形式的劳动合同或者协议\n \n    《暂行办法》规定网约车平台公司应当保证提供服务的驾驶员具有合法从业资格，按照有关法律法规规定，根据工作时长、服务频次等特点，与驾驶员签订多种形式的劳动合同或者协议，明确双方的权利和义务。网约车平台公司应当维护和保障驾驶员合法权益，开展有关法律法规、职业道德、服务规范、安全运营等方面的岗前培训和日常教育，保证线上提供服务的驾驶员与线下实际提供服务的驾驶员一致，并将驾驶员相关信息向服务所在地出租汽车行政主管部门报备。\n \n    五、打击价格违法行为 明码标价 提供出租汽车发票\n \n    《暂行办法》规定网约车平台公司应当合理确定网约车运价，实行明码标价，并向乘客提供相应的出租汽车发票。 网约车平台公司不得妨碍市场公平竞争，不得侵害乘客合法权益和社会公共利益。 网约车平台公司不得有为排挤竞争对手或者独占市场，以低于成本的价格运营扰乱正常市场秩序，损害国家利益或者其他经营者合法权益等不正当价格行为，不得有价格违法行为。\n \n    六、网约车平台公司可在注册地以外经营 需提交能力认定结果\n \n    申请从事网约车经营的，应当根据经营区域向相应的出租汽车行政主管部门提出申请，并提交以下材料：\n \n    （一）网络预约出租汽车经营申请表（见附件）；\n \n    （二）投资人、负责人身份、资信证明及其复印件，经办人的身份证明及其复印件和委托书；\n \n    （三）企业法人营业执照，属于分支机构的还应当提交营业执照，外商投资企业还应当提供外商投资企业批准证书；\n \n    （四）服务所在地办公场所、负责人员和管理人员等信息；\n \n    （五）具备互联网平台和信息数据交互及处理能力的证明材料，具备供交通、通信、公安、税务、网信等相关监管部门依法调取查询相关网络数据信息条件的证明材料，数据库接入情况说明，服务器设置在中国内地的情况说明，依法建立并落实网络安全管理制度和安全保护技术措施的证明材料；\n \n    （六）使用电子支付的，应当提供与银行、非银行支付机构签订的支付结算服务协议；\n \n    （七）经营管理制度、安全生产管理制度和服务质量保障制度文本；\n \n    （八）法律法规要求提供的其他材料。\n \n    首次从事网约车经营的，应当向企业注册地相应出租汽车行政主管部门提出申请，前款第（五）、第（六）项有关线上服务能力材料由网约车平台公司注册地省级交通运输主管部门商同级通信、公安、税务、网信、人民银行等部门审核认定，并提供相应认定结果，认定结果全国有效。网约车平台公司在注册地以外申请从事网约车经营的，应当提交前款第（五）、第（六）项有关线上服务能力认定结果。\n \n    七、打击网约车平台非法收集、存储、处理和利用有关个人信息\n \n    《暂行办法》规定通信主管部门和公安、网信部门应当按照各自职责，对网约车平台公司非法收集、存储、处理和利用有关个人信 息、违反互联网信息服务有关规定、危害网络和信息安全、应用网约车服务平台发布有害信息或者为企业、个人及其他团体组织发 布有害信息提供便利的行为，依法进行查处，并配合出租汽车行政主管部门对认定存在违法违规行为的网约车平台公司进行依法处 置。\n \n    各有关部门应当按照职责建立网约车平台公司和驾驶员信用记录，并纳入全国信用信息共享平台。同时将网约车平台公司行政许可 和行政处罚等信用信息在全国企业信用信息公示系统上予以公示。\n \n    出租汽车行业协会组织应当建立网约车平台公司和驾驶员不良记录名单制度，加强行业自律。\n \n    八、网约车平台法律处罚：10000元以上30000元以下罚款\n \n    有下列行为之一的，由县级以上出租汽车行政主管部门责令改正，予以警告，并处以10000元以上30000元以下罚款；构成犯罪的， 依法追究刑事责任：\n \n    （一）未取得经营许可，擅自从事或者变相从事网约车经营活动的；\n \n    （二）伪造、变造或者使用伪造、变造、失效的《网络预约出租汽车运输证》《网络预约出租汽车驾驶员证》从事网约车经营 活动的。\n \n    第三十五条 网约车平台公司违反本规定，有下列行为之一的，由县级以上出租汽车行政主管部门和价格主管部门按照职责责令 改正，对每次违法行为处以5000元以上10000元以下罚款；情节严重的，处以10000元以上30000元以下罚款：\n \n    （一）提供服务车辆未取得《网络预约出租汽车运输证》,或者线上提供服务车辆与线下实际提供服务车辆不一致的；\n \n    （二）提供服务驾驶员未取得《网络预约出租汽车驾驶员证》，或者线上提供服务驾驶员与线下实际提供服务驾驶员不一致的 ；\n \n    （三）未按照规定保证车辆技术状况良好的；\n \n    （四）起讫点均不在许可的经营区域从事网约车经营活动的；\n \n    （五）未按照规定将提供服务的车辆、驾驶员相关信息向服务所在地出租汽车行政主管部门报备的；\n \n    （六）未按照规定制定服务质量标准、建立并落实投诉举报制度的；\n \n    （七）未按照规定提供共享信息，或者不配合出租汽车行政主管部门调取查阅相关数据信息的；\n \n    （八）未履行管理责任，出现甩客、故意绕道、违规收费等严重违反国家相关运营服务标准行为的。\n \n    九、网约车驾驶员处罚：50元以上200元以下罚款\n \n    网约车驾驶员违反本规定，有下列情形之一的，由县级以上出租汽车行政主管部门和价格主管部门按照职责责令改正，对每次违法 行为处以50元以上200元以下罚款：\n \n    （一）未按照规定携带《网络预约出租汽车运输证》、《网络预约出租汽车驾驶员证》的；\n \n    （二）途中甩客或者故意绕道行驶的；\n \n    （三）违规收费的；\n \n    （四）对举报、投诉其服务质量或者对其服务作出不满意评价的乘客实施报复行为的。\n \n    网约车驾驶员不再具备从业条件或者有严重违法行为的，由县级以上出租汽车行政主管部门依据相关法律法规的有关规定撤销 或者吊销从业资格证件。', 0, 1, 1475226197, 0, 0, 0, '325933242236710 3246333829 2638121153 3164929702 26242348922115027861 2098621488 2006122823 3047528857 3529935835 260322132632593 27773367103905736947', 20, 0, NULL, 0),
(114, 1, '嘻哈国华已成为全国唯一一家驾考驾培系统     整体解决方案供应商', '      国华网发表社论：由安徽国华光电技术有限公司、安徽嘻哈网络技术有限公司推出的针对驾考、驾培行业驾驶人考试、驾驶人培训系统整体解决方案已经在行业系统集成公司率先完成。\n \n      GNSS差分技术驾考技术生态，互联网驾考生态；嘻哈学车暨移动互联网学车平台，嘻哈学车电子教练暨嘻哈学车机器人教练，基于监管学时为核心的“嘻哈教练车管家”等系列产品已经全部推向市场。\n \n      驾考系统商业模块梳理，驾培系列产品商业模块梳理，互联网价＋驾培商业模块梳理已经进入了实质性阶段，嘻哈国华对中国驾考驾培的影响必将起到承前启后，继往开来的重要作用。\n[attach]142[/attach]\n[attach]143[/attach]\n[attach]144[/attach]\n\n ', 0, 1, 1475226243, 1, 0, 0, '2207521704 2226921326 2405025104 200262084022269 2180719968 1996823478 3955032771 3955022521 3199532479 2597220307 35299209152604126696 203792421221830', 19, 0, NULL, 0),
(115, 1, '互联网学车何去何从，是商业模式颠覆还是格局重塑？', '[attach]149[/attach]      从国家层面针对于机动车驾驶人考试暨《机动车驾驶证申领和使用规定》，以下简称规定。《规定》经过历次修改，分别为《公安部令第71号》（已废止）、《公安部令第91号》（已废止）、《公安部令第111号》（已废止）、《公安部令第123号》。几次驾改部令的修改，修改过的驾改部令唯有123号令还在保留，其余的全部废除。123号令与139号令同时在使用，很多人没有深度的解析其背后的深层次原因，那就是这次139号部令不像以往改的是对机动车驾驶证申领和使用规定的考试标准改革，而是对驾考与驾培之间的业务关系或者说业务逻辑的改革。\n      那么从2016年1月29日，中华人民共和国公安部部长郭声琨签署了《公安部关于修改&lt;机动车驾驶证申领和使用规定&gt;的决定》，该《决定》为公安部令第139号颁布并实施以后，标志着我国驾考驾培进入了一个崭新的时期，也就是驾照“自学直考”学车时代。新时期下的学车考照最大的改变就是业务逻辑的改变，人们学车考照习惯的改变，这才是重点。那么，我们来看看互联网学车创业者怎么说？\n      嘻哈学车创始人张全雷：撇开背景谈未来都是不负责任的“吆喝”，至于互联网学车走向何方，如何走，互联网学车企业如何发展？那要看人民群众的学车消费习惯。国家意志和人民福祉，就是让人民群众学起车来，拿起照来公平、便捷、快乐、经济，体现国计民生才是这次驾改的主题，互联网仅仅是改革利用到的工具或者技术手段。至于是人类的生存习惯改变了业态还是重度资本推动互联网影响了人类习惯，我想这是先有鸡还是先有蛋的话题，那是老生常谈，没有多大的意义。李总理说过，去掉政府一只有形的手，让市场无形的手说着算，当然驾考、驾培行业也不例外。\n      嘻哈学车创始人张全雷表示：谈互联网学车，我们不得不谈互联网本质，其实互联网本身是不产生价值的，只有把互联网经济与实体经济结合起来才会产生价值。那么互联网学车的价值显然就是离不开驾校这个实体，那么互联网结合实体的方式还有很多种，这也是客观存在的，比如学车市场上已经形成的：互联网＋学车，互联网＋驾校，互联网＋自营都有可能是成功的商业模式，都有可能在以后逐渐形成的互联网驾培市场中都扮演着重要的角色或者几种模式都存在。比如现如今已经趋于成熟的电商平台，最典型的“淘宝”和“京东”，虽然都是在卖东西，但是其商业模式完全不同，一个是给商家提供供销的电商平台，一个是自营或加盟营销的网络销售商城，但他们做的都很成功。现在下结论哪种模式好，哪种模式不好没有意义，还是向下走着看，不忘国家驾改宗旨，不偏离互联网本质才会赢得未来。\n      58学车创始人张小磊：驾培转型是我们对驾校市场潜力的思量结果，但从当时的政策来看，是不允许私办驾校的，这个行业还处于政府保护的状态，没有完全市场化。于是我们才沿着产业链又往下走了一步开始考察汽车陪练市场。张小磊透露，公司下一步的发展方向是做互联网驾校品牌“58学车”。而现在，58学车已经在杭州、长沙上线了学车业务。\n     在58学车联合创始人陈丹看来，与其说是互联网驾校和传统驾校之间的博弈，他更喜欢用合作与双赢这样的字眼来形容二者之间的关系。\n     车轮考驾照方面曾表示，学车从报名到练车、考试是一个具有一定周期的重服务过程，不能完全靠线上完成。优质的学车体验需要互联网企业和传统驾校协同完成，互联网企业可以为学员在线提供更便捷的报名、约车、约考操作体验，为传统驾校提供更智能的管理系统。这些都大大地解决了学员和驾校痛点。而传统驾校本身可以更专注于教学，提升教学水平。\n      政策与现状的“较量”，互联网与传统的“博弈”，各互联网学车之间的“残杀”，让互联网学车市场的竞争会更加激烈，也会出现兼并、洗牌的现象。事实证明，直到2016年第三个季度，还在活跃仅剩58学车、车轮考驾照、嘻哈学车、驾考宝典等为数不多的几家企业，大浪淘沙中互联网学车平台已经开始重塑市场格局。\n ', 0, 3, 1475226310, 1, 0, 0, '201143285232593 2339836710 20309214352030920174 2183019994 2716924335 3907235206 2668423616 3732522609', 19, 0, NULL, 0),
(116, 1, '张全雷：驾驶人“自学直考”改革以来，为何利我声音层出不穷', '摘要：机动车驾驶人“自学直考”以来，驾考驾培行业人士利我的声音层出不穷，有出书的、有发微博的，有发朋友圈的、有发微信公众号的等等，各种各样的信息渠道发出了各种声音。其深层次的原因就是对未知事物的恐慌与彷徨，对光辉岁月叹息和留恋，对未来的担忧和迷茫。其实很多事情我们现在下定论还为时过早!\n[attach]141[/attach]\n一、世界经济危机席卷全球，中国也未幸免\n\n       经济危机是导致驾校生源急剧下降的主要原因之一，任何事物没有外力破坏的情况下，都不会发生颠覆性的或者历史性的变革。中国老百姓是最没有安全感的国民之一，在经济危机时我们缺乏良好的社会保障体系必然会导致购买力疲软或者说消费水平下降，很多人暂时放弃购车计划必然很大程度上也顺延了学车计划。\n[attach]145[/attach]\n    二、我国经济进入改革深水期，经济主体既“企业”进入了全面转型升级阶段\n\n       改革开放以来，我国经济先后走过了集体经济向个体经济的转化;国有经济占主导的经济结构形态向民营经济的发展转化，这些均是重要的国民经济组成部分。从历史看，在改革开放的前30年拉动了经济，增加了国力，富裕了人民群众，但也不能忽视是我们用牺牲“绿水青山”的惨重代价换来的!现在国家重拳出击，调节构，转观念，放缓经济增长速度主要目的就是改变中国企业“病态”发展的现状!产业结构不合理，经济发展不协调，不够集约都成为中国经济发展的瓶颈和阻力!经济体制改革到了历史节点上，革的是所有行业的发展壁垒，当然驾考、驾培行业也不会置之度外。\n[attach]147[/attach]\n  三、驾考、驾培多年发展积累下来的“欠账”以及长期以来形成的黑色利益链，与大环境格格不入，与国家反腐唱廉背道而驰，亦成为腐败的重灾区，民怨沸腾，引起中央政府高度重视!\n\n       驾驶人“自学直考”是根除驾校向行政主管部门索要考试名额，主管部门利用考试名额进行索贿的体制性变革，也是切断利益链的重要举措!驾考改革的目的并非国家要治驾校于死地，恰恰相反在国务院88号文件精神上，着重提到驾校依然是驾驶培训的主阵地，同时把国土部、计生委、中宣部等部委联合起来集中服务于驾考、驾培行业，是中央政府依法治国，治党务必从严的重要体现。\n\n       驾考、驾培市场化是社会的进步，也是中国经济发展的需要，体现了中央政府简政放权重要精神及有力举措!驾校转型升级符合社会发展规律和经济发展规律。老百姓对驾考、驾培服务质量的要求越来越高是驱动驾校产业升级的外力和推手，驾校产业市场化是驾校转型经营管理模式的驱动力量。适逢互联网时代的社会背景下，互联网是推动现在经济发展的重要组成部分和力量。前信息时代的企业盈利模式赚的是信息不对称的钱，比如十多年前广东的电子表出厂价1元钱，拿到经济欠发达地区就可以卖到10元钱甚至更高的价格，商家赚的就是信息不对称的暴利。现在互联网时代背景下的经济，企业赚的应该是信息对称的钱，过往的暴利时代一去不复返了，属于正常现象，并非太多的不利因素导致的。驾校也是企业，受到冲击就不难理解了。\n[attach]148[/attach]\n 四、驾校“互联网➕”与“➕互联网”其实是一个伪命题\n\n       什么是“互联网➕”?首先概念要弄清楚，互联网➕是不是O2O?这个也不能概念混淆!互联网➕，就是互联网➕上传统行业，对传统行业进行提升。互联网➕通讯就是即时通讯，我们大多数人都在使用，比如“微信”;互联网➕商铺就是电子商务，比如淘宝、京东商城等，当然互联网➕驾校也就是“互联网驾校”了!其实➕互联网我们绝大多数企业，特别是驾校都在使用，比如驾校的官方网站或微信公众号等互联网平台工具就可以理解为“➕互联网”。\n\nO2O驾考、驾培其实也是个伪命题!O2O的本质是从线上到线下，然后线下体验，线上交易。驾考驾培的最终交易落地于“考试和练车”，是线下往线上走的路子。非要说O2O驾考、驾培也只有像我们做驾考设备的供应商同时也做互联网学车平台的企业，有线上平台又有线下产品，即使具备这些这样叫也是牵强。\n[attach]150[/attach]\n   编者按：从时代背景和社会背景泛泛而谈映射了我们驾考、驾培行业改革的必要性和历史使命。无论是我们已经使用的➕互联网工具还是要借助的互联网➕既“互联网学车”平台都是驾培企业发展的需要，互联网经济就是信息对称经济，没有什么奥妙，但互联网是人类第三次工业革命的重要组成部分，我们应该很好的利用它，有网有未来!', 0, 1, 1475226378, 1, 0, 0, '243522084038647 395503954220154 33258233983045232771 2591338761 2019726469 2103325105 2276838899 23618209861998131351', 19, 0, NULL, 0),
(117, 1, '从“互联网＋学车”走向“人工智能＋教练” 合肥一公司机器人爆发催热资本市场', '从“互联网＋学车”走向“人工智能＋教练” \n合肥一公司机器人爆发催热资本市场\n搜狐新闻  08-01 14:05\n据最嘻哈网络官方披露，随着驾改深入推进人工智能＋驾培才真正的发展才刚刚兴起，它将像当年互联网的崛起一样，打造一批新的时代巨无霸，这些新巨人可能从现有的巨头进化而来，也可能从目前还名不见经传的小公司甚至个人创业者成长而来。与此同时，资本市场对工业机器人的热捧，让股市难得呈现出大合唱格局。[attach]151[/attach][attach]152[/attach]一、从“互联网+学车”走向“人工智能+教练”\n 谷歌（Alphabet）公司用AlphaGO大胜围棋专业九段李世石，给全球科技巨头带来的震撼正在迅速蔓延：各大巨头纷纷公开宣布或秘密启动“人工智能+”战略，用人工智能改造各项产品和服务。\n美国微软公司在3月30日开幕的年度开发者大会上，宣布新的人工智能计划：以“对话作为平台”（Conversation as a platform）为理念的微软Bot架构。微软首席执行官萨蒂亚纳德拉说，继键盘、鼠标、触摸屏之后，能理解人类语言、实现人机互动的人工智能自动程序，将成为下一代界面。\n8月1日，嘻哈网络在合肥举办“人工智能＋教练暨嘻哈学车电子教练”战略发布会，并与标志301汽车品牌签署战略合作协议，宣布将在合作的“驾校教练车”中植入嘻哈网络的学车电子教练系统。嘻哈网络总裁张全雷将此称之为“驾培正在从‘互联网+’步入‘机器人+’的一个标志”。\n正如从单细胞到无脊椎动物的进化，互联网正迅速完成跑马圈地注重“量”的互联互通，下一步是向脊椎动物和高大脑容量的物种进化，人类互联网的“大脑”雏形正日新月异地形成。\n互联网的这个“脑”就是人工智能。“劳心者治人，劳力者治于人”，以互联网为代表的人类竞争正迅速集中于“脑力”的竞争，从“互联网+各个领域”向“人工智能+各个领域”快速迭代进化。\n目前，谷歌主攻机器人，百度打造自动驾驶，特斯拉也主攻自动驾驶，微软目前发布的项目围绕人机对话界面，Facebook围绕社交软件，IBM希望做人工智能领域的操作系统，而它们共同的特点是：已经、正在或即将大举并购大量涌现的人工智能小公司。[attach]153[/attach][attach]154[/attach]二、如何用人工智能全面重构公司？\n 嘻哈网络学车电子教练总工孟良、嘻哈学车董事长助理、机器人事业部总经理杨利林8月1日说，嘻哈网络将用人工智能对国华智慧城市研究所、网学车、VR学车等部门进行重构。“嘻哈网络将来会用人工智能技术来改造嘻哈国华品牌所有的技术。各个产品和技术体系，都由人工智能来规划”。\n实际上，微软早已这么做。微软研究院人工智能首席科学家邓立告诉《国际金融报》记者，他目前主要任务是，把微软的各项产品和服务全面智能化，人工智能团队大部分进驻在各个部门，深入了解各部门产品的实际需求后，用人工智能的方法量身定制对应的程序。\n微软主要围绕目前产品和服务的智能化。3月30日，微软发布了一套代码工具包和机器学习程序，微软CEO纳德拉说：“希望开发人员为每个企业和服务创制人工智能程序，把人工智能融入各种应用中。”微软认为，未来的计算有3个主要的推进器：人、数字助理、机器人，未来人类与技术之间将有全新的交互方式，人与人、人与机器人、人与数字助理，甚至数字助理与机器人之间都会产生交集。\n而嘻哈网络在人工智能领域的投入，是全力投入自动驾驶。“在人工智能方面，但凡有一点资源，都应该投入到自动驾驶上面来。”孟良说，“嘻哈学车电子教练是嘻哈网络迄今为止最大的投资项目之一，将会达上百亿人民币。”\n这是各大巨头激烈竞争的“红海”，在驾培行业确实巨头刚刚关注的“蓝海”。阿里创投包括马云个人联合中国兵器工业集团共同投资的“千寻位置”表示，2016年内‘虚拟机器人学车教练’正式上岗。\n但孟良表示，嘻哈网络在许多技术上已经超过了巨头，他们在谋划，我们已经在应用了。在人工智能处理方面，嘻哈学车电子教练具有相当于上百种车辆教学模式“娴熟教练员”的超强人性化教学能力；在模考方面，嘻哈学车电子教练有着天然的出身和技术储备优势，嘻哈网络有百万级的用户体验数据、移动和行为数据可供分析。\n人工智能被Facebook作为新盈利模式转型的主要动力。1月3日，Facebook创始人扎克伯格在他的Facebook上透露，他的2016年新年目标是打造一个人工智能管家。2015年7月，Facebook就在开发代号为“Moneypenny”（简称M）的人工智能助理项目，其负责人David Markus说：“M是一种个人数字助理，与市场上其他基于人工智能技术开发的服务相比，M真的能代替你购物、为亲人送礼物、预定参观、安排旅程等。”\n对于百年老企业，人工智能是“向死而生”的战略反攻。曾经制造出打败国际象棋冠军的“深蓝”的IBM，在2014年1月斥资10亿美元使Watson项目独立，外界普遍认为这是IBM“向死而生”的新业务。IBM将其实现人工智能的方法称为“认知计算（cognitive computing）”。目前，Watson 主要应用集中在药物及医学领域，2015年4月，IBM宣布和苹果、强生以及医疗器械公司 Medtronic合作，目标是医疗系统中介。\nIBM的战略并不小：让Watson成为如今不断涌现的人工智能应用的操作系统。这在其一系列声明中得以清晰展现。\n各大巨头正在全球寻求入股新兴的小公司。“摧毁一个公司最好的方式就是买下它。”一位斯坦福大学教授向记者坦言。\n 三、资本热捧 机器人学车教练概念持续发酵\n 如果说2015年是VR元年，那么2016年则是智能机器人元年。随着《中国制造2025》规划进一步落地，我国机器人产业势能将进一步释放。根据公开数据显示，2015年，国内已有约70家上市公司并购或投资了机器人及智能自动化项目，其中许多属于首次涉足机器人业务，而这一数据将在2016年有望快速被打破。\n目前，外资企业生产的工业机器人占到国内工业机器人市场总销售份额的90％左右，基本可以满足中高端市场需求。内资企业面对领先企业在技术、价格和品牌上都不具有明显优势。仅有那些在机器人领域打拼多年、技术储备丰厚、步入成长期且具备对抗“外敌”的核心竞争力的老牌龙头企业，以及打通新老业务衔接且快速形成自身优势的新入行企业，成为基金重仓配置对象。\n据了解，嘻哈网络公司全称叫：“安徽嘻哈网络技术有限公司”，是安徽本土及国家级合肥创新产业园孵化的“互联网＋学车”科技创新企业，2016年利用公司做驾考系统和驾培设备的天然技术优势，结合互联网学车，借国家驾改东风推出的颠覆性驾培人工智能产品。在全球首推学车电子教练概念，通过半年多的宣传和推广，已经成为中国驾培行业家喻户晓的明星产品和明星创新公司，其创业团队也成为众人皆知的创业团队。\n \n\n\n ', 0, 4, 1475226675, 1, 0, 0, '201143285232593 2339836710 3620821521 20154240372623433021 2594532451 2151232933 2084421496 264262212020154 2919021457 2065228909 3616426412 2406622330', 19, 0, NULL, 0);
INSERT INTO `xh_article` (`id`, `uid`, `title`, `message`, `comments`, `views`, `add_time`, `has_attach`, `lock`, `votes`, `title_fulltext`, `category_id`, `is_recommend`, `chapter_id`, `sort`) VALUES
(118, 1, '上半年全国新登记汽车1328万，新增驾驶人1611万历史新高', '截至2016年6月底，全国机动车保有量达2.85亿辆，其中汽车1.84亿辆；机动车驾驶人达3.42亿人，其中汽车驾驶人2.96亿人。\n \n汽车保有量达1.84亿辆，新登记1328万辆。随着群众机动出行需求不断提高，汽车市场潜力持续释放，汽车保有量保持快速增长趋势。\n \n上半年汽车保有量净增1135万辆，新注册登记汽车达1328万辆，比去年同期提高199万辆，同比增长17.62%。\n \n从统计情况看，近五年以来，汽车新注册量呈高速增长趋势，汽车占机动车比率不断提高，从43.88%提高到64.39%。\n \n从分布情况看，全国有46个城市的汽车保有量超过百万辆，其中北京、成都、深圳、重庆、上海、苏州、天津、郑州、西安、杭州、广州、武汉、石家庄、南京、青岛、东莞16个城市汽车保有量超过200万辆。\n \n小型载客汽车保有量达1.47亿辆，私家车超1.35亿辆。\n \n上半年，小型载客汽车保有量达1.47亿辆，新注册登记量达1169万辆，比去年同期提高166万辆，同比增长16.57%。\n \n其中，以个人名义登记的小型载客汽车（私家车）超1.35亿辆，上半年新注册登记量达1085万辆。\n \n载货汽车保有量达2143万辆，上半年新注册量达127万辆。\n \n上半年，全国载货汽车保有量达2143万辆，与2015年底相比，增加71.8万辆，增长3.47%。新注册登记量达127万辆，比去年同期提高26万辆，同比增长25.54%。\n \n从统计情况看，载货汽车新注册量自2014年下半年持续走低以来，2016年上半年开始回升。机动车驾驶人超3.4亿人，新领证1611万人。\n \n与机动车保有量快速增长相适应，机动车驾驶人数量也呈现持续高速增长趋势。上半年，全国机动车驾驶人总量已超过3.4亿人，其中汽车驾驶人2.96亿人，占驾驶人总量的86.55%，新领证机动车驾驶人1611万人，其中新领证汽车驾驶人1500万人。\n \n从统计情况看，2015年以来，驾龄不满1年的驾驶人超3500万，新领证驾驶人数量激增。', 0, 2, 1475226684, 0, 0, 0, '1997821322 241802084022269 260323033135760 3033135760 2777336710 132819975 2603222686 395503954220154 161119975 2138221490 2603239640', 20, 0, NULL, 0),
(119, 1, '合肥高新技术产业开发区工会委员会官网专题报道国华光电党支部成立', '合肥市高新区工委直属党组织安徽国华光电技术有限公司党支部成立，这个支部也是合肥市高新技术产业开发区合肥创新产业园首家互联网机器人高科技民营企业党支部。\n \n据了解，安徽国华光电技术有限公司是高新区一家规模较大，自主创新能力较强的机器人高科技企业。前不久公司驾校电子教练暨“虚拟机器人学车教练”诞生并投产引人关注，该生产线实现了合肥市互联网＋人工智能零的突破，使合肥市乃至安徽省互联网＋机器人产业跃上了一个新台阶。\n \n为不断完善公司的组织结构，加强员工的凝聚力，充分发挥党支部战斗堡垒作用，公司于2016年6月份向合肥市高新区企业党委申请筹建公司党支部。\n \n自申请筹建党支部以来，公司领导对党支部的筹建工作高度重视，积极配合街道党工委的工作安排，精心开展党支部成立工作。公司内部员工也积极响应，主动向党组织靠拢。\n \n2016年6月6日，合肥市高新区工委审核决定，公司正式成立安徽国华光电技术有限公司党支部，并颁发《关于同意成立安徽国华光电技术有限公司党支部的批复》。\n \n公司党支部的成立对公司的发展有十分重要的意义，有助于进一步的丰富公司的企业文化，树立公司的企业形象，发挥党组织的凝聚力和向心力。今后，公司党支部将在街道党工委的领导下，认真贯彻党的方针政策，不断地吸收和发展新党员，为公司的发展建设发挥积极作用，为构建和谐社会贡献力量。选举公司副总裁吴峻岭同志为党支部书记。\n[attach]155[/attach]\n ', 0, 1, 1475226709, 1, 0, 0, '2151232933 39640260322521626415 2013519994 243202145721306 2403720250 229962159220250 2344832593 1998739064 2525336947 2226921326 2080930005 208262590337096 2510431435', 19, 0, NULL, 0),
(120, 1, '当互联网学车遇上学车电子教练，驾校未来前途无限!', '摘要：驾培行业吵的沸沸扬扬的驾照“自学直考”，再到基于互联网＋人工智能的“嘻哈学车电子教练”，驾校举办者从谈网色变，到谈网爱恋，这是一种从心境到心境，从思想到思想的心路历程。因为我们校长意识到了，互联网时代推动历史进步给驾校带来的价值和全新的经营方式转变，顺势而为，兴；逆势而为，死！这自古不变的真理，那么我们如何顺势而为，拥抱网络和机器人呢？[attach]156[/attach]首先谈选择：互联网学车平台在驾改东风吹过的地方，如雨后春笋拔地而起，基于各种模式的互联网学车平台让驾校老板眼花缭乱，无法选择。那么作为一名互联网学车从业者，我从驾校老板的角度来浅析一下如何选择互联网学车。其次谈心态：我们无法选择的“举棋不定”主要的原因是，我们在思索着如何规避互联网学车对传统驾校的“颠覆”？在观望互联网学车走不走的通，走向何方？在等待，看看其他驾校如何用，用的效果怎么样？我们要清醒的认识到在驾照“自学自考”政策下，互联网改变人类生存方式的大环境下，走网络约考已经是行业无法改变的现实，网络约考势必会催生网络学车繁荣和发展。我们驾校举办者必须坦然的面对和接受，如何选择和使用互联网学车的底线？这个是问题的关键。[attach]157[/attach] [attach]158[/attach]1、我们如果选择走驾校与教练“合伙型”经营模式，我们就应当选择“互联网＋教练”直接接单的互联网学车平台，这样的好处就是把教练员变成了驾校的“二级合伙人”，人人都是招生员人人都是小老板，走的是分享经济思维模式。优点是直接节约了招生费用开支和经营费用开支，缺点是我们的二级合伙人移情别恋的概率会增大。\n2、我们如果选择走“互联网驾校”经营模式，我们就应当选择具有互联网驾校管理系统的“互联网＋驾校”接单的互联网学车平台，这样的好处就是驾校具有可控性和支配权，优点是多了互联网生源渠道，缺点这种模式并不会减少传统驾校的开支和投入。\n3、我们如果走“传统驾校与互联网学车”相结合的模式，好处就是原有经营模式基本不会改变，是体制内增加了新的经营模式，经营模式双轨制。优点驾校从业者们接受比较快；缺点就是转型升级不彻底，会贻误驾校转型升级的机遇。\n4、保持传统不变，继续按照原有经营模式经营，这样做势必在:“交管12123”全国强制性使用时，会丧失很多生源，好处就是短期内不必因驾校转型升级而牺牲既得利益。\n5、走互联网电子驾校经营模式，是传统驾校转型升级最理性也是最理想的一种“生态转型”，通过“科技强校”利用嘻哈学车电子教练节约50%驾校经营费用开支，同时也可以利用网络平台聚合生源甚至教练员；缺点就是前期需要投资购置“嘻哈学车电子教练”改装教学车辆。\n总而言之，在整个驾培行业转型升级阶段，我们驾校的盈收少了，我们驾校老板的钱袋子越捂越紧了，投资呈低迷态势，其实这种思维是要不得，也是直接影响驾校未来的一种落后思维。根据公安部交管局官方公布的数字，上半年我们新增机动车驾驶人数量突破1600万，创历史新高，这些数字充分说明，并不是人口红利和互联网导致老牌名校生源萎缩的原因，是驾校在短时间内急剧增多导致。那么，我们如何PK掉我们的竞争对手，除了我们加强经营管理、服务意识的内功修炼外，最终起到决定性作用的，就是我们驾校转型升级的速度和强度。危机中，我们做到了顺势而为，才可以大有作为。\n \n ', 0, 2, 1475226892, 1, 0, 0, '201143285232593 2339836710 3693519978 3000523376 2594532451 3955026657 2641026469 2106936884 2608038480', 19, 0, NULL, 0),
(121, 1, '张全雷等合肥企业家一行在合肥创新产业园领导带领下赴宿州市周尚小学扶贫助学', '摘要：7月1日，在中国共产党第95个生日当天，由合肥创新产业园副总经理肖亚东等领导带领下，国华光电、科昂电子、高创股份、合肥指南针、中旭建设、华博胜讯等企业党支部代表随团赴宿州市埇桥区周尚小学进行贫困学校对口扶贫工作。\n[attach]159[/attach]合肥创新产业园对口宿州市周尚小学简单且隆重的捐赠仪式\n　　省科技厅挂职干部、宿州市埇桥区常委、区委王副书记致欢迎词，同时介绍了埇桥区精准扶贫工作开展情况。下午2:30，代表团驱车前往周尚小学，抵达周尚小学期间，代表团在周尚村支部书记陈雷及周尚小学校长的陪同下参观了学校并介绍了周尚小学的困难情况，周书记说：“大多数孩子都去城里读书了，现在学校仅剩下20名贫困学生留在周尚小学读书，哪怕就剩一名学生，我们也要坚持把学校办下去，感谢合肥市高创股份及合肥企业家代表们对周尚小学的关心和支持，我代表周尚村和周尚小学的孩子们谢谢你们！”\n[attach]160[/attach]\n　　高创股份副总经理肖亚东向周尚村村干部及周尚小学校长介绍了代表团成员并表示合肥创新产业园会一如既往的发动合肥企业家们对口扶贫周尚小学，让周尚村孩子们的学习环境得到进一步改善和提升，当看到教室里没有电风扇时，当即决定要给学校的每一个教室捐助一台电风扇，让孩子们的夏天从此不再炎热。\n[attach]161[/attach]\n安徽国华光电技术有限公司创始人、董事长兼CEO张全雷代表企业发言，张全雷说：“宿州市是我的家乡，感谢宿州的养育之恩，我是从宿州这片热土上走出去的学子，通过几年的创业取得了一定的成绩，吃水不忘挖井人，有能力了定当回报家乡，支持帮助像当年和我一样在农村读书的孩子们是一件非常幸福的事情。人性的光辉人皆有之，但我们持之以恒的尽自己的绵薄之力去支助一些还生活在比较贫困环境中的孩子们，是我们永恒不变的慈善主题。”\n\n张全雷董事长还介绍了国华光电近年来企业发展的良好势头，并向家乡的父老乡亲们自豪的说，通过我们的创新，我们推出了基于移动互联网学车的自主约车平台“嘻哈学车”和基于人工智能打造的驾校机器人教练暨“电子教练”，张全雷最后说：“这些都是颠覆传统，改变人类生活方式的创新型项目。”', 0, 1, 1475226997, 1, 0, 0, '243522084038647 2151232933 202251999423478 3489222312 2101926032 201351999422253 3904623548 2410239046 1997936212 2403024066 2160823578 2356723398 2520636139 2116123398', 19, 0, NULL, 0),
(122, 1, '张全雷谈驾培：学车电子教练不仅为驾校节省开支更多的是提升服务转型', '[b]张全雷谈驾培：学车电子教练不仅为驾校节省开支更多的是提升服务转型[/b]\n[b][attach]163[/attach][/b]摘要：驾校转型升级已经到了攻坚克难的关键阶段，驾校外树形象，内修内功，梳理HR资源结构，强化教练员队伍素质，在这些都做的很到位的同时，我们依然感觉驾校营收不如以往景气，驾考市场化带来的“阴霾”依旧笼罩在我们经营者甚至所有驾培人的心头。如何继续破解行业难题？如何突出互联网＋学车的重围？如何突破自我浴火重生？让我们浅谈一下，共同进步与成长。 \n一、驾校外树形象内修内功时如何继续破解行业难题？\n近年来，我们驾校举办者已经意识到服务的重要性，于是我们不惜时间投入人力物力财力成本开始对驾校进行“包装”，狠抓员工素质培训特别是教练员队伍的培训，这些确实给驾校带来了巨大的改变，这种改变不仅仅是形态上的改变更多的是服务意识和服务能力的改变。那么，随着越来越多的驾校重视这些的时候，我们如何做到一直领先于同行呢？如何保持我们的江湖地位呢？那么，利用科技创新及科技创新产品驱动驾校结构性转型升级，让驾校永葆行业地位是当务之急要做的事情。在做好服务塑造的同时，利用科技创新产品比如“嘻哈学车电子教练”去推动驾校培训“资源供给重塑，HR资源梳理，优化培训流程等。”通过嘻哈学车电子教练节约的不仅仅是驾校经营成本，还有我们驾校整体资源的配置可以做到更优化，人才结构特别是教练员队伍的管控能力，执行能力都必将起到催化剂的作用。 \n同时，我们也为适应各种人群多样化培训需求提供了“利剑”，是扩大招生影响力的核武器。驾照自学直考，是我们驾培人绕不过去的已经发生的问题，利用嘻哈学车电子教练的另外一个好处就是可以提供统一的教学培训模式，这也学员自主预约教练员体验到标准化教学的必备培训设备。 \n二、如何突出互联网＋学车的重围？ \n谈科技强校互联网学车是一个绕不开的现实问题，如何在互联网学车乱象丛生的时候去尝试，去利用互联网学车，这是驾校举办者最难以取舍的事情，甚是头疼。那么，作为一个互联网学车的从业者，从互联网学车的本质来谈谈驾校如何做到更好的利用互联网，而不是惧怕互联网。从互联网本质上来说，互联互通时代改变的是人类生存习惯，从行业利用上来看，互联网打破的是我们驾校的传统经营模式，并非是革命于驾校。举例来说，就像如今的餐饮业和酒店、航空售票、火车票等服务行业，从刚开始开饭馆的抵触比如像“美团、饿了么等”，各大航空公司集体抵制“携程、去哪儿等”互联网平台，到现在这些实体企业离不开他们一样，我们驾培行业这片所谓的“蓝海”也不会是“世外桃源”，与其抵制不如拥抱和利用。\n那么，我们如何去对待互联网学车呢？两个字“利用”，无论基于什么架构的互联网学车，只要能给驾校带来改变，带来营收，带来发展，我们就去利用它，发挥它的优势。作为从业者，我非常不认同“互联网驾校”这个说法，驾校就是驾校，互联网就是互联网，不存在互联网驾校这么一说，无论互联网学车如何发展驾校依然是驾校，就像现在的去哪儿等一些出行平台一样，无论他们多么发达，酒店依然是酒店，只不过酒店利用他们招揽了更多的客人而已，利用他们经营自己而已。 \n三、如何突破自我浴火重生？\n 行业转型升级，市场化进一步发展是驾培行业特别是老牌驾校最难过的事情。不是生源少了，在业内出现“生源断崖式枯竭”，驾校没有办法干了等等消极和负能量的声音。据公安部官微发布的2016年上半年全国“机动车驾驶人执照”发放数量1608万来看，远远的超过2015年上半年1400万的发放量。权威数据充分的说明，考驾照的人员是只增没减，所谓的断崖式生源枯竭唯一的可能就是驾校在短期剧增导致的市场蛋糕被分流。那么，我们驾校从业者如何做到在激烈的市场竞争中“独领风骚”，就是我们前面说的，外树形象，内修内功，科技强校，互联网思维。\n在同行绝大部分从业者未觉醒时，谁先知先觉洞察到了行业未来，我们的驾校就赢得未来，你是曾经的行业龙头，江山依旧；你是驾培的新秀，江山代有人才出。\n ', 0, 2, 1475227048, 1, 0, 0, '243522084038647 3584839550 2339836710 3000523376 2594532451 2016520026 3955026657 3341030465 2432025903 2555221319 2638121153 3671622411', 19, 0, NULL, 0),
(123, 1, '北京新华德御微官网披露嘻哈学车电子教练暨     【掀开学车“电子教练”神秘的面纱】   ', '      在中国驾培的改革之年，转型之年，有关“电子教练”的消息不断爆出，“电子教练”靠谱吗？它能取代人工教学训练吗？它在训练中如何保证安全？带着这些问题7月11日与8月4日利用在合肥举办第57期“王牌教练员培训营”和首届“驾培少帅班”的空余时间，两次来到国华光电“电子教练”研发基地，在总经理张全雷先生的陪同下，实地考察了“电子教练”的性能和在训练中的使用状况，就疑惑的有关问题与研发人员进行了深入的交流。今天就让我们一起掀开“电子教练”神秘的面纱。\n\n[b]“电子教练”训练的安全性是否有保障？ [/b]\n\n     安装电子教练的教练车，在训练中副驾驶座上是否还要有教练员或者安全员，国华光电的设计思想就是替代。电子教练设计了两套安全系统，即主动安全系统和被动安全系统，主动安全系统包括：坡道溜车后主动刹车，车辆行驶超出电子围栏区域会停车，车速超出设定的速度后会自动点刹，前方有障碍物和人时根据时速和雷达扑捉到的目标，电子教练会作出判断，采取减速或紧急制动的措施。像生产降落伞的老板出于对自己产品的信心敢于试跳一样，国华光电“电子教练”的老板兼总设计师张全雷在试验现场，在我的眼皮底下上演了一次“生命时速真人秀”，当我坐在副驾驶指挥测试员以二挡的速度加大油门向二十米外的张总冲刺时，电子教练采取了紧急制动的措施，在距张总一米外的距离成功驻车。被动安全系统是在监控室的工作人员发现电子教练车出现不安全驾驶行为后，远程控制刹车或让其熄火。\n[attach]164[/attach]\n[attach]165[/attach]\n“电子教练”在进行撞墙、撞人测试\n\n[b]“电子教练”是怎么进行教学训练的？[/b]\n\n      国华光电“电子教练”的教学训练主要是通过两个模块进行的。一是坐标纠错模块。在场地五个项目训练中，“电子教练”会根据车型和场地的不同设计出最佳教学模式，用语音不断的提醒和指导学员训练，出现错误它会及时提醒。\n     二是模拟考试模块。当你基本达到了训练的标准，可以启动模拟考试系统，这时你可以在训练车上的屏幕上，直接看到你驾驶的车辆在训练科目上的轨迹，可以直观的看到自己的对与错——把模糊变成清晰，把感觉变成画面。\n\n[b]“电子教练”有哪些优缺点？[/b]\n\n     教练员的素质有高有低，执教时间有长有短，执教态度有好有差，总之是千人千面，良莠不齐，而“电子教练”的最大特点就是整齐划一，没有差别，这是它的优点，也是它的缺点。“电子教练”的优点：“电子教练”不会偷懒，不会脱岗，不会疲劳执教，不会在执教期间玩手机，不会违背劳动纪律，它是一个不需要激励表彰的“劳模模范”；“电子教练”不闹情绪，教学声调不会忽高忽低，不会讽刺人训斥人，对待学员一视同仁，它是没有喜怒哀乐的“好好先生”；“电子教练”教学训练统一规范，不是一人一把号各吹各的调，不是十个先生九本书，学员上谁的车都一样，训练前后衔接整齐划一，它是一个训练有素的“钢铁战士”；“电子教练”不拿工资，不拿加班费，一次性的投入，长久的使用，工作起来不分8个小时内外，不分白天黑夜，不分平时与节假日，它是一头任劳任怨的“老黄牛”。因此“电子教练”的使用对改善驾校的服务、提升合格率、降低用工成本有一定的帮助和促进。\n  “电子教练”最大的缺点就是呆板、死板、机械、教条，它不会因人施教，不管学员是男的女的，还是老的少的，不管是驾驶“老手”，还是驾驶“白丁”，不管是心理紧张的，还是鲁莽冒失的，“电子教练”进行的都是无差别教学训练，它不会区别对待，不会根据学员不同的情况进行针对性的教学训练。因此“电子教练”不能取代人工教学，只能在教学训练中发挥辅助作用。\n\n[b]“电子教练”有无法规门槛？ [/b]\n\n    为了规范机动车驾驶培训，这些年来我国先后出台了许多法律法规，申办驾校要符合“国标”，培训要按“大纲”进行，驾培驾考改革要按着“意见”实施，“电子教练”的出现无疑是驾培市场的新生事物，它的使用不仅只是得到驾校和学员的认可就行的，还应该得到有关部门的批准许可，就像电子考试设备必须要经过公安部无锡所的认证一样。如果没有许可和认证，当有一天运管部门的领导在驾校例行检查中发现了教练车上没有教练员，会如何呢？教练车、教练员、指定的训练场地和路段是机动车驾驶培训的三道门槛，“电子教练”合法性是要有权威部门的说法的。\n\n[b]  “电子教练”的出现是必然的吗？[/b]\n\n     在科技突飞猛进发展的今天，用电子智能逐步替代部分人的功能是许多行业共同的追求，而且许多行业都取得了革命性的突破，在教育界“电子老师”，在体育界“电子教练”也广泛运用，它们在辅助教学训练中出现了很好的效果。\n      无人驾驶汽车已经在许多国家投入使用，包括日本、瑞典以及美国。作为一种智能汽车，它主要依靠车内的以计算机系统为主的智能驾驶仪来实现无人驾驶。中国从20世纪80年代开始进行无人驾驶汽车的研究，国防科技大学在1992年成功研制出中国第一辆真正意义上的无人驾驶汽车。2005年，首辆城市无人驾驶汽车在上海交通大学研制成功。无人驾驶的智能汽车都已出现，无人执教的“电子教练”的出现就不足为奇了。\n      在我们驾培领域，过去驾照考试都是人工评判，现在仍然人工考试的城市已经基本不复存在了，取而代之的是电子评判，不仅场地考试包括路考大都运用了“电子考官”，广大驾校和教练员也都习惯并适应了这些“电子考官”。这些年来，驾驶模拟器已经从低端走向了高端，在驾驶培训中发挥了一定的作用，“电子教练”由静态的模拟教学动态化了，应该说是一种进步。\n      综上所述，在机动车驾驶培训行业出现“电子教练”有其必然性。\n ', 0, 1, 1475227107, 1, 0, 0, '2127120140 2603221326 2450324481 2449423448 2525938706 2207521704 2339836710 3000523376 2594532451 2547224320 30005233762594532451 3107031192 3875432433', 19, 0, NULL, 0),
(124, 1, '安徽日报《互联网刷新“职业版图”》报道我司科技创新成果', '本报记者 何珂 鲍亮亮\n帮忙收拾衣柜、房间，看起来不过是平常的一件事，但如果告诉你，这样的劳动不仅可以赚钱，做得好还能月入过万元，就不免让人感到新奇了。事实上，这正是日前在互联网上悄然兴起的新职业：收纳师。随着互联网的发展，新玩法、新需求、新业态不断涌现，新的职业也随之不断产生。\n\nApp开发、网店装修，分工解决专业需求\n考驾照不一定非得到驾校报名，如今，消费者可以下载App，点击手机即可预约满意的教练，听起来是不是很方便？这正是安徽国华光电技术有限公司新研发的嘻哈学车App。\n“从去年底到今年11月，经过近1年时间的研发，App才正式上线。 ”该公司副总裁吴峻岭告诉记者，研发一款App并不简单，从最初的构想，到后台数据支持，再到试运营时期的不停优化，都离不开40多位App开发师的辛勤劳动。 “App开发师平均年龄不到30岁，他们有激情、有想法。目前公司并没有外包做App的服务，主要还是因为开发师人员不够。 ”\n移动互联网的兴起和智能手机的普及，带来了App市场的火热，吸引了不少年轻人加入App研发队伍，那么这个新职业薪酬如何呢？据一起突然网络科技有限公司App技术开发业务负责人丁林海介绍，目前在合肥，有三四年工作经验的App开发师月薪在一万多元，一年经验的开发师平均月薪也有五六千元。 “虽然待遇诱人，但门槛高、投入成本大，目前人才队伍还不能满足巨大的市场需求。 ”丁林海说。\n互联网的蓬勃兴起，让一批懂网络技术的人找到了新工作，除了App开发师，网店装修师也是其中的代表。安徽商之都的那小盼就“误打误撞”进入这一行当。\n“2011年大学毕业，因一个偶然的机会进入到安徽商之都电商中心，开始接触到网店设计。 ”那小盼告诉记者，美工和设计，是目前电子商务最紧缺的职业之一，好的装修能使人留在店铺看更多的产品，促进更多的成交量，“网店装修师，不仅要有一定的专业技能，还要有创新精神。既要结合客户产品本身的特点进行设计，还要思考如何更好地从视觉上进行营销，促使消费者产生购物的冲动。 ”\n\n做饭、洗衣、美甲，点击屏幕上门服务\n最近，安徽上你家信息科技有限公司负责人李琪正忙着筹备年夜饭套餐，在这家公司里，消费者可以通过微信公众号预约厨师上门服务。\n今年4月份，李琪看上了移动互联网带来的商机，做起了上门厨师的生意。 “开始只有30名全职厨师，现在已经有300多名储备厨师。这些厨师从酒店后厨默默无闻的做菜者，变成了每天穿梭在城市的车水马龙中，走家串户，和消费者零距离接触，烧出满足不同人口味的美食家。 ”李琪告诉记者，公司的业务规模不断扩大，市场也正加速细分，“以前只有私厨上门这项服务，现在细化为私厨的高端定制、家厨的妈妈味道以及品质外卖三大项服务，这样可以满足不同消费需求。 ”\n上门做饭、上门洗衣、上门美甲……传统行业搭上互联网后，消费者在家点点手机就可以完成很多事情，也因此催生了不少新职业。\n12月初，记者通过微信公众号搜索发现，省城不少洗衣店开通了在线洗衣服务，消费者只需添加微信公众号，点击“在线洗衣”，相关衣物的清洗价格一目了然，选好之后通过微信下单，洗衣店就有专门人员上门取衣服，随后再将洗好的衣服送回家，让消费者实现“足不出户洗衣”的梦想。\n“开通微信预约洗衣业务后，平均每天能接到五六十单，周末的时候甚至能达到一百多单。 ”合肥市一家洗衣店负责人表示，传统洗衣店几乎完全依靠散客上门送洗衣物，商家颇为被动，而在新媒体快速发展的当下，借用网络，不论是信息灵活度还是沟通效率，优势都很明显。\n业内人士指出，上门经济对于就业有一定的拉动作用，像目前上门服务常见的既有保洁员、美甲师、化妆师等传统服务类，又涵盖了宠物美容师、洗车技师、家电清洗员、厨师等相对新型的类别，入职要求并不高，给不少年轻人提供了新的就业机会。\n\n模特、主播、写手，玩转网络赢得市场\n提起模特，浮现在人们脑海中的一般都是专业、高冷等形象，如今随着电子商务的迅猛发展，这个行业也在发生新的变化，催生了网络模特这种新职业，并发展迅速。来自合肥市的徐菲菲就是其中之一。\n“应该感谢互联网让我实现了梦想。”徐菲菲说，自己是学舞蹈出身，因为身高原因无法从事传统T台模特这一职业，但一直对模特有爱好，从没有放弃这一方面的学习。正好这些年电子商务火热，大量网店需要服装模特，她抓住了机遇，现在1个月有20多天在为电商拍片，收入也水涨船高。淘宝公开资料显示，淘女郎平台半年的产值就达11亿元，聚集了3万多名专业模特。\n其实除了网络模特，网络写手、主播、网游陪练等新职业也层出不穷。比如，网络写手，以网络为发表平台的文学创造者，他们的作品情节和构思要新颖、更新速度要快；网游陪练，陪游戏玩家打网络游戏，帮助提升技术和游戏等级等。互联网的“职业版图”，正在不断被刷新。\n“互联网新职业进入门槛低，竞争激烈。对从业者来说，必须在竞争中才摸索出真正擅长的职业方向，着力创新才能立于不败之地。 ”丁林海说。\n生产力不断提高、社会分工日益细化，必然导致专业的人做专业的事。网络新职业的出现，正是社会分工在互联网上体现。安徽财贸职业学院教授葛晓滨认为，互联网催生的新职业，会给当下行业和企业创造更多的机会，尤其在经济全球化的背景下，使企业更有机会能够以国际化视野，去看待现有的企业职业状态，不断丰富现代职业种类，促使社会职业趋向多样化，也为当下推动“大众创业、万众创新”创造更多机会。我可以满足您的任何口味！\n ', 0, 1, 1475227197, 0, 0, 0, '23433245092608525253 201143285232593 2104726032 32844199942925622270 2525336947 2510521496 3118525216 21019260322510426524', 19, 0, NULL, 0),
(125, 1, '新浪网报道：嘻哈学车APP开启新型驾校模式 学员可在线报名享专车接送', '[attach]169[/attach]\n手机下载“嘻哈学车”APP，可实现在线报名、在线支付，学员能就近找到最近、最合适的教练。学员可以随时随地练车。使用“嘻哈学车”的学员，可1人1车享受专车接送，实行计时收费——学得快的学员，学费就花得少，对学得稍慢的学员则实行封顶收费，真正享受VIP服务。学车结束后可以对教练进行评价、打分，从源头杜绝教练吃、拿、卡、要。\n“嘻哈学车”相关负责人介绍，安徽试点“驾照自学直考”的模式，将革新以往的驾培考试局面， “嘻哈学车”顺应时代需求搭建了互联网学车平台，以优质教练资源和学员聚合力，打造一个由学员来主导、平台当裁判的自助学车模式。开启互联网+驾校时代。\n        用安徽国华光电技术有限公司创始人、董事长兼CEO ---张全雷的话说：“台风来了，猪都能飞！，驾培已经站在互联网的风口浪尖上，转型升级刻不容缓，顺势而为会有更广阔的发展空间，墨守成规只能被淘汰出局，与其说我们找到了台风口，不如说我们的运气来了，事实证明我们在对的时间里做了对的事！”\n        张全雷在2005年就进入智能交通领域和驾考、驾培行业；2012年，离职创立了自己的公司，2014年又进行了企业重组，成立了安徽国华光电技术有限公司，站在更高的平台上引领企业飞速发展。通过多年的摸爬滚打，对驾考、驾培行业政令的变革、技术的更新、客户的需求条条脉络已经“了然于心”；在说到经历时他感谢自己做销售时的那几年，不但让自己在管理公司时得心应手，还让自己做互联网学车平台时更贴近用户的需求，学车APP让学员喜闻乐见，线上线下产品的完美融合更让驾校有了经营管理的利器，所以嘻哈学车仅仅半年的时间就已然成为同行业的佼佼者。\n        在说到眼光时张全雷用很自信的语气告诉记者，“经历了这么多年，在每一次产业转型，每一次的公司决策，甚至对公司每个人的使用上，我的眼光一直没有差过，从第一个使用北斗卫星高精度GNSS用于机动车驾驶人科目考试系统作为主要评判技术到移动互联网的嘻哈学车！”\n        互联网学车的理念最初来源于两年前他和某省交管局领导探讨技术时灵光乍现，成型却在14年。有一次他去驾校洽谈业务，在驾校的训练场看到十来个学员在冬雨的寒风中瑟瑟发抖，等着教练分配他们在一辆车上轮流练习，当时他就在想，学车用得着这样遭罪吗？如果可以预约学车，那学员就可以有自己专属的时间来学车，在这个时间就是金钱的社会，一定会得到所有人的认可，这个更坚定了他做互联网学车的想法。当他敏锐的察觉到国家对驾考改革的动向时，不免心中一阵狂喜，这和他的思路不谋而合，但当他在公司董事会上提出时，却被一盆冷水当头浇下，反对声一片。很长的时间里他都没有办法说服公司里反对的人，无奈之下，他只能另辟蹊径，一手筹备起来。很快，他又听到各种各样的声音，议论的、不屑的、看笑话的，这些都丝毫没有影响他，“我要做的事就一定要做成，不管有多难”他这样对自己说。每天和技术人员一起昼夜奋战，短短三个月的时间，产品上线了，和公安部的互联网交通安全综合服务管理平台相得益彰！他用自己的执着再次证明他眼光的正确性！\n        在谈到嘻哈学车时，他就像谈到自己的孩子一样的自豪。他告诉记者，公安部构建互联网交通安全综合服务管理平台，提供10大类130多项在线服务2016年底完成全国推广应用，驾考的互联网时代已经到来。对于驾校来说，刚开始拥抱互联网的“阵痛”是在所难免的，因为互联网改变了我们以往的工作方式，工作状态。我们试曾想过，现在我们不去革自己的命，时代的潮流一定会淹没我们，摧毁我们的“固守”！只有我们改变了，我们才可以适应这个时代，适应我们的社会。嘻哈学车正是看到了这一点，所以利用移动互联网技术，将人与人、人与车的信息快速联动，大大提高教练车等驾驶人培训工具的运行效率，方便考生报考和学车。传统的学车需要去驾校报名，驾校安排教练员、教学车辆等，互联网学车只要拿起智能手机，点击学车APP，就可以轻轻松松的报名，快快乐乐的找到满意的教练和就近的训练场地。通俗的说，现在是学员选教练选车辆，掌握了选择的自主权。\n        把理想放到最后，他说是因为所有的经历、隐忍、坚持都由这个梦想支撑着，让他永不放弃，那就是成为一个成功的人，过和父母不一样的日子！他的父亲是农民，也不主张他学那么多的知识，所以上大学的学费都是他自己赚的，在大学里他就学到了和别人不一样的“知识”这些都成为了他日后的宝贵财富，也是他的动力和激情。他说自己并不是一个空谈理想的人，做比说更重要，所以他为自己的理想一步一步努力的实践着，从自己创业开始到现在的二次创业，无数的辛酸和磨难一直在身边围绕着。技术曾经是他的短板，经过他的不断学习，现在技术人员无法解决的问题都要向他要技术方案，从产品研发到生产销售，每个环节他都是专家。即便如此，张全雷还是说“要学的东西实在太多了”。\n        最后张全雷说，在创业创新已上升到国家战略，全民掀起新一波创业大潮的时候，互联网对现实世界的改变，也从信息到产品深入到服务领域。互联网的东风来了，有一句话说台风来了，猪都能飞！我更想说是我的运气来了，我早就做好了御风而行的准备，带领我的团队迈向更广阔的舞台！\n \n新闻链接：http://ah.sina.com.cn/news/m/2015-12-02/detail-ifxmcnkr7768422.shtml\n ', 0, 1, 1475227307, 1, 0, 0, '260322801032593 2525336947 2207521704 2339836710 app 2432021551 2603222411 3955026657 2716924335 2339821592 22312324472525321517 1998736710 2550936865', 19, 0, NULL, 0),
(126, 1, '掌握移动互联网运用思维，领悟公司战略意图提高日常工作效率', '[attach]166[/attach]\n   安徽国华光电开展移动互联网思维培训为让员工系统地了解移动互联网思维，将其融入到日常工作中，提升项目和品牌推广能力，扩大国华光电影响力，2015年5月7日，国华光电为公司员工开展了主题为“机动车驾驶人科目考试系统；机动车驾驶人模拟考试系统暨智慧驾培互联网时代转型之道法术器”的培训。[attach]167[/attach]      培训在公司多媒体会议室正式举行，公司在肥领导班子成员和中高层管理人员参加了本次培训，驻外项目部也以视频形式参与。培训会上，授课内容主要从互联网思维运用技巧与其在驾培行业的应用两方面展开。通过专题片首先形象地讲解了互联网时代的特征与发展，并运用丰富的案例讲解了互联网思维在企业转型中的具体应用，包括在驾培行业的开发、营销、服务等环节做出的转型探索。进而强调驾培行业在移动互联网时代所面临的危机与挑战，着重讲解战略层、管理层、经营层应如何运用互联网九思维进行互联网改造。[attach]168[/attach]        公司常务副总裁张丽华强调“学习要学以致用，很多战略、管理、执行层面都需要不断更新完善，用来加快我们的工作效率、改进我们的工作方法”，希望每位员工都能深入思考互联网思维在我们工作、生活中的作用及影响；好好得消化本次培训内容。\n       此次培训，内容包括了许多驾考行业杆企业对互联网思维的运用尝试与第三方企业开发的多种应用工具，展示了移动互联网思维在具体行业应用的思路盛宴，全方位地帮助公司员工掌握了移动互联网思维运用技能，受到了公司员工的欢迎。\n ', 0, 2, 1475227360, 1, 0, 0, '2548425569 3122721160 201143285232593 3681629992 2460532500 3904624735 2084421496 2511230053 2484722270 2555239640 26085241202403720316 2592829575', 19, 0, NULL, 0),
(127, 1, '新华网报道：嘻哈学车APP改变传统驾校经营模式', '来源： 新华网安徽频道 [attach]170[/attach]\n手机下载“嘻哈学车”APP，可实现在线报名、在线支付，学员能就近找到最近、最合适的教练。学员可以随时随地练车。使用“嘻哈学车”的学员，可1人1车享受专车接送，实行计时收费——学得快的学员，学费就花得少，对学得稍慢的学员则实行封顶收费，真正享受VIP服务。学车结束后可以对教练进行评价、打分，从源头杜绝教练吃、拿、卡、要。\n  “嘻哈学车”相关负责人介绍，安徽试点“驾照自学直考”的模式，将革新以往的驾培考试局面， “嘻哈学车”顺应时代需求搭建了互联网学车平台，以优质教练资源和学员聚合力，打造一个由学员来主导、平台当裁判的自助学车模式。开启互联网+驾校时代。\n       用安徽国华光电技术有限公司创始人、董事长兼CEO ---张全雷的话说：“台风来了，猪都能飞！，驾培已经站在互联网的风口浪尖上，转型升级刻不容缓，顺势而为会有更广阔的发展空间，墨守成规只能被淘汰出局，与其说我们找到了台风口，不如说我们的运气来了，事实证明我们在对的时间里做了对的事！”\n       张全雷在2005年就进入智能交通领域和驾考、驾培行业；2012年，离职创立了自己的公司，2014年又进行了企业重组，成立了安徽国华光电技术有限公司，站在更高的平台上引领企业飞速发展。通过多年的摸爬滚打，对驾考、驾培行业政令的变革、技术的更新、客户的需求条条脉络已经“了然于心”；在说到经历时他感谢自己做销售时的那几年，不但让自己在管理公司时得心应手，还让自己做互联网学车平台时更贴近用户的需求，学车APP让学员喜闻乐见，线上线下产品的完美融合更让驾校有了经营管理的利器，所以嘻哈学车仅仅半年的时间就已然成为同行业的佼佼者。\n       在说到眼光时张全雷用很自信的语气告诉记者，“经历了这么多年，在每一次产业转型，每一次的公司决策，甚至对公司每个人的使用上，我的眼光一直没有差过，从第一个使用北斗卫星高精度GNSS用于机动车驾驶人科目考试系统作为主要评判技术到移动互联网的嘻哈学车！”\n       互联网学车的理念最初来源于两年前他和某省交管局领导探讨技术时灵光乍现，成型却在14年。有一次他去驾校洽谈业务，在驾校的训练场看到十来个学员在冬雨的寒风中瑟瑟发抖，等着教练分配他们在一辆车上轮流练习，当时他就在想，学车用得着这样遭罪吗？如果可以预约学车，那学员就可以有自己专属的时间来学车，在这个时间就是金钱的社会，一定会得到所有人的认可，这个更坚定了他做互联网学车的想法。当他敏锐的察觉到国家对驾考改革的动向时，不免心中一阵狂喜，这和他的思路不谋而合，但当他在公司董事会上提出时，却被一盆冷水当头浇下，反对声一片。很长的时间里他都没有办法说服公司里反对的人，无奈之下，他只能另辟蹊径，一手筹备起来。很快，他又听到各种各样的声音，议论的、不屑的、看笑话的，这些都丝毫没有影响他，“我要做的事就一定要做成，不管有多难”他这样对自己说。每天和技术人员一起昼夜奋战，短短三个月的时间，产品上线了，和公安部的互联网交通安全综合服务管理平台相得益彰！他用自己的执着再次证明他眼光的正确性！\n       在谈到嘻哈学车时，他就像谈到自己的孩子一样的自豪。他告诉记者，公安部构建互联网交通安全综合服务管理平台，提供10大类130多项在线服务2016年底完成全国推广应用，驾考的互联网时代已经到来。对于驾校来说，刚开始拥抱互联网的“阵痛”是在所难免的，因为互联网改变了我们以往的工作方式，工作状态。我们试曾想过，现在我们不去革自己的命，时代的潮流一定会淹没我们，摧毁我们的“固守”！只有我们改变了，我们才可以适应这个时代，适应我们的社会。嘻哈学车正是看到了这一点，所以利用移动互联网技术，将人与人、人与车的信息快速联动，大大提高教练车等驾驶人培训工具的运行效率，方便考生报考和学车。传统的学车需要去驾校报名，驾校安排教练员、教学车辆等，互联网学车只要拿起智能手机，点击学车APP，就可以轻轻松松的报名，快快乐乐的找到满意的教练和就近的训练场地。通俗的说，现在是学员选教练选车辆，掌握了选择的自主权。\n       把理想放到最后，他说是因为所有的经历、隐忍、坚持都由这个梦想支撑着，让他永不放弃，那就是成为一个成功的人，过和父母不一样的日子！他的父亲是农民，也不主张他学那么多的知识，所以上大学的学费都是他自己赚的，在大学里他就学到了和别人不一样的“知识”这些都成为了他日后的宝贵财富，也是他的动力和激情。他说自己并不是一个空谈理想的人，做比说更重要，所以他为自己的理想一步一步努力的实践着，从自己创业开始到现在的二次创业，无数的辛酸和磨难一直在身边围绕着。技术曾经是他的短板，经过他的不断学习，现在技术人员无法解决的问题都要向他要技术方案，从产品研发到生产销售，每个环节他都是专家。即便如此，张全雷还是说“要学的东西实在太多了”。\n       最后张全雷说，在创业创新已上升到国家战略，全民掀起新一波创业大潮的时候，互联网对现实世界的改变，也从信息到产品深入到服务领域。互联网的东风来了，有一句话说台风来了，猪都能飞！我更想说是我的运气来了，我早就做好了御风而行的准备，带领我的团队迈向更广阔的舞台！\n新闻链接：http://www.ah.xinhuanet.com/2015-12/01/c_1117318157.htm?appinstall=0\n ', 0, 2, 1475227418, 1, 0, 0, '260322132632593 2525336947 2207521704 2339836710 app 2591321464 2025632479 3955026657 3246333829 2716924335', 19, 0, NULL, 0);

-- --------------------------------------------------------

--
-- 表的结构 `xh_article_comments`
--

CREATE TABLE IF NOT EXISTS `xh_article_comments` (
  `id` int(10) NOT NULL AUTO_INCREMENT,
  `uid` int(10) NOT NULL,
  `article_id` int(10) NOT NULL,
  `message` text NOT NULL,
  `add_time` int(10) NOT NULL,
  `at_uid` int(10) DEFAULT NULL,
  `votes` int(10) DEFAULT '0',
  PRIMARY KEY (`id`),
  KEY `uid` (`uid`),
  KEY `article_id` (`article_id`),
  KEY `add_time` (`add_time`),
  KEY `votes` (`votes`)
) ENGINE=InnoDB  DEFAULT CHARSET=utf8 AUTO_INCREMENT=5 ;

--
-- 转存表中的数据 `xh_article_comments`
--

INSERT INTO `xh_article_comments` (`id`, `uid`, `article_id`, `message`, `add_time`, `at_uid`, `votes`) VALUES
(1, 43, 3, '好得很！！！！', 1473317882, 0, 0),
(2, 1, 4, '啊啊啊 哈哈哈', 1473328613, 0, 0),
(3, 41, 5, '写的真详细 棒棒哒', 1473666167, 0, 0),
(4, 41, 7, '我就经常熄火啊 心累~', 1473666231, 0, 0);

-- --------------------------------------------------------

--
-- 表的结构 `xh_article_vote`
--

CREATE TABLE IF NOT EXISTS `xh_article_vote` (
  `id` int(10) NOT NULL AUTO_INCREMENT,
  `uid` int(10) NOT NULL,
  `type` varchar(16) DEFAULT NULL,
  `item_id` int(10) NOT NULL,
  `rating` tinyint(1) DEFAULT '0',
  `time` int(10) NOT NULL,
  `reputation_factor` int(10) DEFAULT '0',
  `item_uid` int(10) DEFAULT '0',
  PRIMARY KEY (`id`),
  KEY `uid` (`uid`),
  KEY `type` (`type`),
  KEY `item_id` (`item_id`),
  KEY `time` (`time`),
  KEY `item_uid` (`item_uid`)
) ENGINE=InnoDB  DEFAULT CHARSET=utf8 AUTO_INCREMENT=8 ;

--
-- 转存表中的数据 `xh_article_vote`
--

INSERT INTO `xh_article_vote` (`id`, `uid`, `type`, `item_id`, `rating`, `time`, `reputation_factor`, `item_uid`) VALUES
(4, 2, 'article', 3, 1, 1473238400, 1, 1),
(5, 43, 'article', 3, 1, 1473317884, 1, 1),
(7, 2, 'article', 11, 1, 1473739306, 1, 1);

-- --------------------------------------------------------

--
-- 表的结构 `xh_attach`
--

CREATE TABLE IF NOT EXISTS `xh_attach` (
  `id` int(11) unsigned NOT NULL AUTO_INCREMENT,
  `file_name` varchar(255) DEFAULT NULL COMMENT '附件名称',
  `access_key` varchar(32) DEFAULT NULL COMMENT '批次 Key',
  `add_time` int(10) DEFAULT '0' COMMENT '上传时间',
  `file_location` varchar(255) DEFAULT NULL COMMENT '文件位置',
  `is_image` int(1) DEFAULT '0',
  `item_type` varchar(32) DEFAULT '0' COMMENT '关联类型',
  `item_id` bigint(20) DEFAULT '0' COMMENT '关联 ID',
  `wait_approval` tinyint(1) NOT NULL DEFAULT '0',
  PRIMARY KEY (`id`),
  KEY `access_key` (`access_key`),
  KEY `is_image` (`is_image`),
  KEY `fetch` (`item_id`,`item_type`),
  KEY `wait_approval` (`wait_approval`)
) ENGINE=InnoDB  DEFAULT CHARSET=utf8 AUTO_INCREMENT=171 ;

--
-- 转存表中的数据 `xh_attach`
--

INSERT INTO `xh_attach` (`id`, `file_name`, `access_key`, `add_time`, `file_location`, `is_image`, `item_type`, `item_id`, `wait_approval`) VALUES
(1, 'WO%)JI0)RPT82VIA97SN3WQ.png', '46b7b8779c1e7c67c1095d1405224271', 1472709289, 'b6d187f363303b94b3302aac1c36e2be.png', 1, 'answer', 1, 0),
(2, 'GV7QOIW~666B6`E(%K@CG9.png', 'd4def1784c96acbd39d516eaef68bb1f', 1472714169, 'd6cd095fda2a247760fc743c73997b0f.png', 1, 'answer', 4, 0),
(3, 'IMG_9780.JPG', '798ba80ba01e84776bc6e0cfd5e0ce93', 1473149270, '796f980e4df6da6f2ada44d11c744409.JPG', 1, 'question', 10, 0),
(4, '图片1.png', '7d8483d909544f187d53130facb48902', 1473662795, '311334554f62ec65b8ee677298989192.png', 1, 'article', 5, 0),
(5, '图片2.png', '6114a4c6d33946a280e1ff38033c10c5', 1473662913, 'c395ab06b970e98903fa4df743011df6.png', 1, 'article', 5, 0),
(7, '图片3.png', 'db37e57b5848d9bde515408fea06f791', 1473663010, 'd7cd645123227452051e5778ab5e226c.png', 1, 'article', 5, 0),
(8, '图片4.png', 'db37e57b5848d9bde515408fea06f791', 1473663042, '087c3d244608595651d1b213e7d6656b.png', 1, 'article', 5, 0),
(9, '图片5.png', 'db37e57b5848d9bde515408fea06f791', 1473663079, '659adf8b90b4bb249e00c3816569c9de.png', 1, 'article', 5, 0),
(10, '图片6.png', 'db37e57b5848d9bde515408fea06f791', 1473663130, '39cf21ef086c2d89c60015c6a612d428.png', 1, 'article', 5, 0),
(11, '图片7.png', 'db37e57b5848d9bde515408fea06f791', 1473663189, '55bc65273963d0881d5185c8ed732996.png', 1, 'article', 5, 0),
(12, '图片8.png', 'db37e57b5848d9bde515408fea06f791', 1473663225, 'e83b0344a4bbf818ee13c8e4fbe256fb.png', 1, 'article', 5, 0),
(13, '图片1.png', 'bb96346578761947f97284b2416be564', 1473664102, '85a6fb8210b841509921e0c43038d76f.png', 1, 'article', 7, 0),
(14, '图片2.png', 'bb96346578761947f97284b2416be564', 1473664194, '31b280ac6ac20a9f139db9438e72d960.png', 1, 'article', 7, 0),
(15, '图片3.png', 'bb96346578761947f97284b2416be564', 1473664563, '0618dc8f4cac3561c7a1f2a035fd6807.png', 1, 'article', 7, 0),
(16, '图片4.png', 'bb96346578761947f97284b2416be564', 1473664701, '2f2988ddcb0fdc5e08a0e95706b070cb.png', 1, 'article', 7, 0),
(17, '图片5.png', 'bb96346578761947f97284b2416be564', 1473664749, 'e93238a6fb5d00c5ee238f79896cb310.png', 1, 'article', 7, 0),
(18, '图片6.png', 'bb96346578761947f97284b2416be564', 1473664788, 'ac86b93852d657d939b90df9bc9d2e5c.png', 1, 'article', 7, 0),
(19, '图片1.png', '33ef6db1d0b4632ea4ecebf81e059896', 1473665019, '5db08b8bafb0f04cc75bc09f063462b9.png', 1, 'article', 8, 0),
(20, '2图片2.png', '33ef6db1d0b4632ea4ecebf81e059896', 1473665029, '748b57aa782f4ffc3a8b26b56820f8c3.png', 1, 'article', 8, 0),
(21, '图片2.png', '33ef6db1d0b4632ea4ecebf81e059896', 1473665060, 'f171d9eec90749f03b7173fe2a19df67.png', 1, 'article', 8, 0),
(22, '图片3.png', '33ef6db1d0b4632ea4ecebf81e059896', 1473665102, '19183a2b73cb1f4535feeabe1695b4c8.png', 1, 'article', 8, 0),
(23, '图片1.png', '9d638c9b2fef636f4d3c253fd66431d5', 1473666936, 'bda3ee553a4b5a3857100b17623c7115.png', 1, 'article', 12, 0),
(24, '图片2.png', '9d638c9b2fef636f4d3c253fd66431d5', 1473666967, '043a81426ea59d0ede3002ec7776175f.png', 1, 'article', 12, 0),
(25, '图片3.png', '9d638c9b2fef636f4d3c253fd66431d5', 1473666997, '03dee7f6e4b3d2fa238fdb444504400d.png', 1, 'article', 12, 0),
(26, '714516480203489742.jpg', 'dda4f73facd2d0b688c8d83284c9d343', 1474265623, 'da1cdca4147dd61669d9bd2597e57c5f.jpg', 1, 'question', 51, 0),
(27, '1.png', '162c637fd8b62478757a860fbc2bfcf3', 1474265844, '839a76b5414c6afb0df9b9da5d4cfc7d.png', 1, 'question', 52, 0),
(28, '20151213225033_aVYiS.thumb_.700_0_.jpeg', '9c9c9680fe7e8e50cd2a368b03354d7d', 1474267046, '242a75a707cdbac906e2eaf862f8fb7b.jpeg', 1, 'question', 55, 0),
(30, '01.png', '1776dcd5dad8572da55090953135caf0', 1474355921, '5e3d4bbe6e92f973c10f868746afc9cb.png', 1, 'question', 60, 0),
(31, '5359c0dfb4e9e.png', '1776dcd5dad8572da55090953135caf0', 1474355936, '820059cffca8c888fd9e5d9cfa8ff18a.png', 1, 'question', 60, 0),
(32, '4db009f79052982265291bbfd1ca7bcb0b46d4c2_副本.jpg', '3afe6630b01709e990cf646761fc1312', 1474356736, 'ac78be715ec4b1a4dcc5b6709675dfac.jpg', 1, 'question', 61, 0),
(33, 'QQ图片20160920153745.jpg', 'eb5bdfe5b6b2ec3d298d160a7acdfbc8', 1474358477, '4e0ba9e87b1c4b91d01400ccc29634c7.jpg', 1, 'question', 62, 0),
(34, '2_400_300.jpg', '465ea8a96d8b7f743bd95b13a22797f4', 1474358874, '21f1b6dfd2fa1401009eccfe01f8061a.jpg', 1, 'question', 63, 0),
(35, '1-130926101255644.png', '2283bc8465da4e2570406b017e71c631', 1474361507, 'e44727df36943349fc42bd1baf3941f7.png', 1, 'question', 66, 0),
(36, 'QQ图片20160929154505.png', 'a6a2b0dfdd6129480bf1bcf57168953d', 1475135062, '2df560f6273fcc9732dadee46df2b81d.png', 1, 'article', 13, 0),
(37, '2.jpg', 'a6a2b0dfdd6129480bf1bcf57168953d', 1475135282, 'd71b8cba6103c2d00efe9b4474c1ffd7.jpg', 1, 'article', 13, 0),
(39, '1.jpg', 'a6a2b0dfdd6129480bf1bcf57168953d', 1475135342, '830b9fa251480c2ec8602667f073f6d6.jpg', 1, 'article', 13, 0),
(40, '3.jpg', 'a6a2b0dfdd6129480bf1bcf57168953d', 1475135561, 'cdbbb11c9b91b9dd4570c00605eb7ff5.jpg', 1, 'article', 13, 0),
(41, '~ID`SAP96J)}NDV70YSY_LS.png', '685221d259ffc01251141c77946d5fa4', 1475140008, '5f543b63e10e90d9320e42a1b445b8cb.png', 1, 'article', 15, 0),
(42, 'KR12256W@~_QYMBNB4~V5R.png', '685221d259ffc01251141c77946d5fa4', 1475140066, '2017cfebc88e6407eb4c8d5c34bef16d.png', 1, 'article', 15, 0),
(43, '11XR92QP8V0Y(K98)T5LGQ5.png', '685221d259ffc01251141c77946d5fa4', 1475140165, '122b4456ab3b25f61e162d82950b6ca5.png', 1, 'article', 15, 0),
(44, '6NTH6_`YK41U5C3KM[)V4B.png', '795c6240553e54d25853cc9a05430130', 1475140399, '22433df0233489ea2bbd4387666643d0.png', 1, 'article', 16, 0),
(45, '`VP6_UEG1GUUZ{RJP9~~36P.png', '795c6240553e54d25853cc9a05430130', 1475140536, 'e5c030a70083b5d92d140984ed2f0c8d.png', 1, 'article', 16, 0),
(46, 'SYK0F4JN[ZMQ]7)WERV)I%F.png', '795c6240553e54d25853cc9a05430130', 1475140764, 'be93cee2120a2796d0101bc30e82d647.png', 1, 'article', 16, 0),
(47, '{X(W%[X0D}N{0X4LM8X_`F3.png', '795c6240553e54d25853cc9a05430130', 1475140785, '7bd5834dd59abb601858052674df28a9.png', 1, 'article', 16, 0),
(48, '89V}3F3TMJTD`CJ73VFEX}2.png', '286aac49f7dd09022798e45efab5b464', 1475140934, '8763617ef28beee9e6104790e2e670cd.png', 1, 'article', 16, 0),
(49, '`DZ%}[}NX`3PE@))L3DSJ[U.png', '4ad4771f47faa6e2fac60ba0abe5f73e', 1475141057, '7b1120eee11004bcd7e1a67e1d01d31f.png', 1, 'article', 17, 0),
(50, 'ZNUP)IE{4{}Y`Y4Q_[@`M56.png', '4ad4771f47faa6e2fac60ba0abe5f73e', 1475141146, 'ba4b3289221849d5fd31d69fcfbd7be0.png', 1, 'article', 17, 0),
(51, 'MBQ_{1KD8X3H(M_FB8SMW(M.png', '4ad4771f47faa6e2fac60ba0abe5f73e', 1475141156, 'ff9eca6e886f361df9ab6fbea698e1bc.png', 1, 'article', 17, 0),
(52, 'XDA@{@30OQ_[FIB~~Q%YJ32.png', '8f7dd80cb01cc9c6ed131532d78671b7', 1475221878, 'a90160a8eb5ef46dc218f61c75e8bdfe.png', 1, 'article', 23, 0),
(53, 'NIDY37~E@~}[S(UK8]2M6GL.png', '81a30f4734eb975503460ba7b12fa045', 1475221990, 'db9d0b1e10c4677c1dea0db48c9256ad.png', 1, 'article', 26, 0),
(54, '1.jpg', 'ae6128783a4d1c1aa46525cc60d551b6', 1475222109, 'dcc5a5c82728f675b53b6f55ed392a8e.jpg', 1, 'article', 33, 0),
(55, '2.jpg', 'ae6128783a4d1c1aa46525cc60d551b6', 1475222143, 'a07af404837aa384712bcbc768556632.jpg', 1, 'article', 33, 0),
(56, 'C]7I_1%9}R@UZGKST2JRIM.png', 'f68f00b19696f58c10599b5de1311324', 1475222151, '1c1a268df074e1a8cb74dbbd87fc5183.png', 1, 'article', 31, 0),
(57, 'YG]9NF3CHI){0TUW)4T)DY.png', 'f68f00b19696f58c10599b5de1311324', 1475222170, '28a1764ed2242733e3dcc1a8803ec789.png', 1, 'article', 31, 0),
(58, '3.jpg', 'ae6128783a4d1c1aa46525cc60d551b6', 1475222213, '36bf76b08a3962a2adfaf54440b89605.jpg', 1, 'article', 33, 0),
(59, '4.jpg', 'ae6128783a4d1c1aa46525cc60d551b6', 1475222245, '54d2ba18a20077d311aaed2976efd080.jpg', 1, 'article', 33, 0),
(60, '5.jpg', 'ae6128783a4d1c1aa46525cc60d551b6', 1475222257, 'ed6d74b40f9da19f4060ce83ffd11100.jpg', 1, 'article', 33, 0),
(61, 'VZVZEAZ8AVZE18(55IDB6Q.png', '313e30d549b0085436f9ebb296a87881', 1475222411, '2500e1281dfa55c0b566b3280db85ccb.png', 1, 'article', 37, 0),
(62, 'NB{PXEFVM{1MN0@[UVB6%U.png', '313e30d549b0085436f9ebb296a87881', 1475222423, 'd052399687cbc1068d2351de956df4b6.png', 1, 'article', 37, 0),
(63, '1.jpg', 'd14235a27e9d354f693703d92b00fae4', 1475222727, 'f928fd6ceeab66b639cd26f46caace61.jpg', 1, 'article', 50, 0),
(64, '2.jpg', 'd14235a27e9d354f693703d92b00fae4', 1475222757, '21297365e7ec3626769430f03025095a.jpg', 1, 'article', 50, 0),
(65, '3.jpg', 'd14235a27e9d354f693703d92b00fae4', 1475222764, '666fe854810d76d56e44a58153323560.jpg', 1, 'article', 50, 0),
(66, '4.jpg', 'd14235a27e9d354f693703d92b00fae4', 1475222839, '7378d7ab5bf2caca19eef171bddf069c.jpg', 1, 'article', 50, 0),
(67, '5.jpg', 'd14235a27e9d354f693703d92b00fae4', 1475222911, '3c73e1d82daacbc7a1030e17469add74.jpg', 1, 'article', 50, 0),
(68, '6.jpg', 'd14235a27e9d354f693703d92b00fae4', 1475222962, '92b977dee43906eefb24bc64442aa2a7.jpg', 1, 'article', 50, 0),
(71, '((_WXATABHSUEA2C[K7RDT3.png', '31b07a73e90b235c750ee5b3f726deb8', 1475223413, '58c21ab3ca317f53dd4f69aef6833e7f.png', 1, 'article', 62, 0),
(72, '1.jpg', 'eac21f17c292fb7af0a20c293243c8c9', 1475223476, '33ff18b5ade4c858ddd86e6c49c33a31.jpg', 1, 'article', 65, 0),
(73, '2.jpg', 'eac21f17c292fb7af0a20c293243c8c9', 1475223492, '8020b4f7080f7a55782830ada6ef0010.jpg', 1, 'article', 65, 0),
(74, '4.jpg', 'eac21f17c292fb7af0a20c293243c8c9', 1475223510, '7b9967cc1074abaa9b5e877ced163b24.jpg', 1, 'article', 65, 0),
(75, '1.png', 'f7a1a6ffbd643e02a9337edab298f814', 1475223538, '06e66df4641032d9d8f24abd5e2fa757.png', 1, 'article', 67, 0),
(76, '2.png', 'f7a1a6ffbd643e02a9337edab298f814', 1475223547, '5a7f8e6f189c63e58478ce1fe3888769.png', 1, 'article', 67, 0),
(77, '3.png', 'f7a1a6ffbd643e02a9337edab298f814', 1475223594, 'ee17dc0e5dcf45f79481b81b7ac41d1f.png', 1, 'article', 67, 0),
(78, '}11`}7DIZOWQ{8M~S9FS)3T.png', '9bcba82d8db27818766fc0e9ae25f120', 1475223754, 'b3b8e653be5affa961b6ff59a4b51602.png', 1, 'article', 73, 0),
(79, '0~27WGU`B1E)@4GXGM3W96.png', 'd49d8bc82c4fb35898896b2807bd1529', 1475223849, 'dec6f44069a06dc699cfba3a73d9751b.png', 1, 'article', 76, 0),
(80, '~WV8ZE2A07JZ8%M59K7C)~I.png', 'ea8a90e5605ca78e44527addcc31d4c3', 1475224058, '45fd042de0237c49c4263662dfa0f9ed.png', 1, 'article', 81, 0),
(81, '2016071066064248.png', '944e4601207eb52008b9a98e00f5c244', 1475224187, '249d383cb28faecafbbb325ad2b3d6f2.png', 1, 'article', 84, 0),
(82, '2016071066080764.png', '944e4601207eb52008b9a98e00f5c244', 1475224193, '016a4526ac8f1e7b6f74ae1d8cb1ef58.png', 1, 'article', 84, 0),
(84, '1.png', '944e4601207eb52008b9a98e00f5c244', 1475224249, '0c8040418bd045d13bdc22cfe073307d.png', 1, 'article', 84, 0),
(85, '2.png', '944e4601207eb52008b9a98e00f5c244', 1475224255, '4681c62b5e3d9638a23aee70c8ce9c79.png', 1, 'article', 84, 0),
(87, '1.jpg', 'ea8a90e5605ca78e44527addcc31d4c3', 1475224328, '383db3395e95ff3958a5e9a4202dcd8b.jpg', 1, 'article', 92, 0),
(88, '2.jpg', 'ea8a90e5605ca78e44527addcc31d4c3', 1475224386, '143c933856b82d3be2bccf3a540666af.jpg', 1, 'article', 92, 0),
(89, '3.jpg', 'ea8a90e5605ca78e44527addcc31d4c3', 1475224406, '6e7ec8bc14b48968e641ce4d967ed969.jpg', 1, 'article', 92, 0),
(90, '4.jpg', 'ea8a90e5605ca78e44527addcc31d4c3', 1475224412, '280764c8cb7e6b5ea075bd413e0c0714.jpg', 1, 'article', 92, 0),
(91, '5.jpg', 'ea8a90e5605ca78e44527addcc31d4c3', 1475224418, '0eaf6e8a8c9f76dcd4229b9852e8f27d.jpg', 1, 'article', 92, 0),
(92, '6.jpg', 'ea8a90e5605ca78e44527addcc31d4c3', 1475224423, 'f320da8cd895f7d1c2ceb2e7ca5cd84c.jpg', 1, 'article', 92, 0),
(93, '7.jpg', 'ea8a90e5605ca78e44527addcc31d4c3', 1475224434, '5a69a15401e48ccd34641c8be3b43017.jpg', 1, 'article', 92, 0),
(94, '8.jpg', 'ea8a90e5605ca78e44527addcc31d4c3', 1475224438, 'cbd78aa16f03956380cc9806aaf69b16.jpg', 1, 'article', 92, 0),
(95, '9.jpg', 'ea8a90e5605ca78e44527addcc31d4c3', 1475224442, 'fdaac4acf2163df7e7eba4f97e493c3f.jpg', 1, 'article', 92, 0),
(96, '1.png', '8688f49ba6e4cbeafb6ad15f60cd5806', 1475224622, 'f46563ea53123b837061aa2a5c17191f.png', 1, 'article', 91, 0),
(97, '2.jpg', '8688f49ba6e4cbeafb6ad15f60cd5806', 1475224631, 'd89bb4a84e2a717800d2aa3173c0e561.jpg', 1, 'article', 91, 0),
(98, '10.jpg', 'ea8a90e5605ca78e44527addcc31d4c3', 1475224676, '89aab181698e70129423bb57d7d2a88e.jpg', 1, 'article', 92, 0),
(99, '1.jpg', '8c609f63a5314386af007de1b967ba99', 1475225012, '23222eaed57039fad8d96cb544425547.jpg', 1, 'article', 96, 0),
(100, '1.png', '07b60abbaba98c54e383f4425336b240', 1475225017, 'e626d6193a34761ad4f0b3e303c932f7.png', 1, 'article', 95, 0),
(101, '2.jpg', '8c609f63a5314386af007de1b967ba99', 1475225017, 'c68ada05455a8fff9b767434baffc34a.jpg', 1, 'article', 96, 0),
(102, '2.png', '07b60abbaba98c54e383f4425336b240', 1475225021, 'f2bbd44567bc2c2f72817ae93681adcc.png', 1, 'article', 95, 0),
(103, '3.jpg', '8c609f63a5314386af007de1b967ba99', 1475225022, 'faf47ae50c72c359b913598ce89241ad.jpg', 1, 'article', 96, 0),
(104, '4.jpg', '8c609f63a5314386af007de1b967ba99', 1475225027, '5edeaadb4e62f4bc969f5573c20b722f.jpg', 1, 'article', 96, 0),
(105, '5.jpg', '8c609f63a5314386af007de1b967ba99', 1475225034, 'dc7b7b232ff4c1ac17afb897026fe61e.jpg', 1, 'article', 96, 0),
(106, '1.jpg', '93dff046eae0c20870b7baca8d8d9c9b', 1475225156, '97a7442f54e965c5d55bd0c9f9612794.jpg', 1, 'article', 97, 0),
(107, '11.jpg', '93dff046eae0c20870b7baca8d8d9c9b', 1475225170, 'f02c0d0eb294495976dba618e8b11e44.jpg', 1, 'article', 97, 0),
(108, 'F3YLWHJ(JU%@2R[[2UXLTS.png', '34657d9a47e8dc763d003c7fc860b52d', 1475225245, '746b2d90b22951f5693a8f10e0264f81.png', 1, 'article', 98, 0),
(110, '1.png', '93dff046eae0c20870b7baca8d8d9c9b', 1475225273, 'ec026376b600b1d3709e65479dcc45bf.png', 1, 'article', 97, 0),
(111, '[6U2G_2I0HEN))9V1R4WM5.png', '34657d9a47e8dc763d003c7fc860b52d', 1475225280, 'a1b09d164bc1a9e9279732e9ca83a5df.png', 1, 'article', 98, 0),
(112, '2.png', '93dff046eae0c20870b7baca8d8d9c9b', 1475225289, '5c3b16c19f3b97a481d6696c4ff13999.png', 1, 'article', 97, 0),
(113, 'KA0M%DVX}M7VZYY6H[)NF.png', '34657d9a47e8dc763d003c7fc860b52d', 1475225342, '8cb5a73f5998f715467af6405290b4b0.png', 1, 'article', 98, 0),
(114, '1.png', '34657d9a47e8dc763d003c7fc860b52d', 1475225424, 'fc1fc661aef4c06ec5a36e3e1e8e7acb.png', 1, 'article', 98, 0),
(115, '2.png', '34657d9a47e8dc763d003c7fc860b52d', 1475225435, 'daf2985876a989a156170b315b50ce3f.png', 1, 'article', 98, 0),
(116, '1.jpg', 'a673b06840ac2ebcd95e2a6adb51df5c', 1475225435, '0b8b47f1c41f47225d08b6ea75b62203.jpg', 1, 'article', 99, 0),
(117, '2.jpg', 'a673b06840ac2ebcd95e2a6adb51df5c', 1475225442, '3bde8d81125cfd9fa7267f729a8f26cf.jpg', 1, 'article', 99, 0),
(118, 'F)CXYQDH1P5Q}1ZUWC{82PQ.png', 'a55bed68cafcca8aceb6eaae3fb56446', 1475225547, '7792c72e24ec148f10955343b88e3bb2.png', 1, 'article', 101, 0),
(119, '1.jpg', '6937340884ab9d9e3ee818e40948f667', 1475225556, 'a1c03c9fc2c7b924b6fbae15a64de06b.jpg', 1, 'article', 100, 0),
(120, 'R5U3{T2CB4ZMU{`R0TG@ELV.png', 'a55bed68cafcca8aceb6eaae3fb56446', 1475225619, 'e7c8408f9d5158a2b1facbe222e3b202.png', 1, 'article', 101, 0),
(121, '3_副本.jpg', 'ecd6ac8c234694e9312b5cd069d25790', 1475225639, 'bbf3cdf3df3cfa1bcfab2654d2f18bbd.jpg', 1, 'article', 99, 0),
(122, 'MC8C2SNW1Z9T~6UAS`W_`W.png', 'c366ada14a5a51df31f39c6a68fa784b', 1475225723, '176a26fa7a724fa0061f71c6d5f65b79.png', 1, 'article', 103, 0),
(123, '1.jpg', 'd2515eadee272effbfe2253f7daf91f5', 1475225749, '80f8a812f73fc01bea2a2f1d9a8202f6.jpg', 1, 'article', 102, 0),
(124, '2.png', 'd2515eadee272effbfe2253f7daf91f5', 1475225764, '6718f1e563188d46a1c528aa13f3accc.png', 1, 'article', 102, 0),
(125, '3.png', 'd2515eadee272effbfe2253f7daf91f5', 1475225768, '8c4c43fbe5891e85b4746ebed2f17a7a.png', 1, 'article', 102, 0),
(126, '4.png', 'd2515eadee272effbfe2253f7daf91f5', 1475225774, 'e7172d35f83a41b5f70c24d63b45b7af.png', 1, 'article', 102, 0),
(127, 'F8CYP21JB`1`5DU[RISP{~K.png', 'c366ada14a5a51df31f39c6a68fa784b', 1475225776, 'cdf2d0e37d7cbb268e9869445f77822b.png', 1, 'article', 103, 0),
(128, '5.png', 'd2515eadee272effbfe2253f7daf91f5', 1475225779, '2c5ca6fc863860aa095176d08ce52827.png', 1, 'article', 102, 0),
(129, '4.jpg', 'ecd6ac8c234694e9312b5cd069d25790', 1475225848, 'c3f1b9a0a953eea5bdbd3a838a087c32.jpg', 1, 'article', 99, 0),
(130, '66WXD8XZ_JAJS]`~X@7F65J.png', 'c366ada14a5a51df31f39c6a68fa784b', 1475225856, '5f3485c11ee13a6bfd4d4e9e3c16b936.png', 1, 'article', 103, 0),
(131, '5.jpg', 'ecd6ac8c234694e9312b5cd069d25790', 1475225856, 'e69c859ecb4a9c453e6ca878c5f51919.jpg', 1, 'article', 99, 0),
(132, '6.jpg', 'ecd6ac8c234694e9312b5cd069d25790', 1475225862, '3879a09ce306548cff8c093504f7531c.jpg', 1, 'article', 99, 0),
(133, '2.png', 'd868c3cadbe4ce0da1db9aa698177023', 1475226002, 'e1c0f92a4fc12839f3fca4b1887a1d9f.png', 1, 'article', 110, 0),
(134, '1.jpg', '16031706269ce3a7927fc711f2d18e6f', 1475226056, '086a66aaa1cd66e070e380bb37da3150.jpg', 1, 'article', 109, 0),
(135, '3.png', 'd868c3cadbe4ce0da1db9aa698177023', 1475226057, '8c4a011e4116d98416daa56b283578a4.png', 1, 'article', 110, 0),
(136, '4.png', 'd868c3cadbe4ce0da1db9aa698177023', 1475226061, '85e0415f529abb7dd79582f347a11409.png', 1, 'article', 110, 0),
(137, '1.png', 'd868c3cadbe4ce0da1db9aa698177023', 1475226069, '23a794dc7d156683b9a9d2ab5feca0d9.png', 1, 'article', 110, 0),
(138, '5.png', 'd868c3cadbe4ce0da1db9aa698177023', 1475226096, 'dd4df94a6f72731e19e3d40664dcce8f.png', 1, 'article', 110, 0),
(139, '1.png', '2c54b00c1130e518a41e4698c5de1ba5', 1475226112, '4f44fa8d5e11a959e9cc3a3fc897242f.png', 1, 'article', 111, 0),
(140, '2.png', '2c54b00c1130e518a41e4698c5de1ba5', 1475226116, '7c90cbaf3326ee57c636163f9b6134a5.png', 1, 'article', 111, 0),
(141, 'Y{U9U65{9_}GJ22[PYVU}0K.png', 'b11d2154d74d09f9121cce4ae645b08b', 1475226204, '35b4892b88b112bb9b4f91513bf29a73.png', 1, 'article', 116, 0),
(142, '1.jpg', '1f815a74cf8330e9bc564830e6f489e4', 1475226208, 'b41b508d12b21b480dd5f5da2e1c74fe.jpg', 1, 'article', 114, 0),
(143, '2.jpg', '1f815a74cf8330e9bc564830e6f489e4', 1475226214, 'f58310dc2a66ab471249c617ca9a00c7.jpg', 1, 'article', 114, 0),
(144, '3.jpg', '1f815a74cf8330e9bc564830e6f489e4', 1475226219, '81873ac75609ca27dafdbbc771972f15.jpg', 1, 'article', 114, 0),
(145, 'HYS]8[~~{8T(3_J{6JKYH1P.png', 'b11d2154d74d09f9121cce4ae645b08b', 1475226246, 'defbae840c6516846cef8595dced7df4.png', 1, 'article', 116, 0),
(147, 'CYX~{D_(0`2~LR7UTCQ09.png', 'b11d2154d74d09f9121cce4ae645b08b', 1475226285, '3d7d40b1e60c78f52f442afe8b476e56.png', 1, 'article', 116, 0),
(148, '[RTGQAYYZS)8~K4(N}KIM}I.png', 'b11d2154d74d09f9121cce4ae645b08b', 1475226319, 'ee6468508a8f7203001e594a9e047e68.png', 1, 'article', 116, 0),
(149, '1.png', 'bf0af0dedc9302b66ea3c28e583fb28a', 1475226322, '63bd4056feebe6e308673c20f34b01db.png', 1, 'article', 115, 0),
(150, '(X[E~W[[)J}W80KXW%{P2X.png', 'b11d2154d74d09f9121cce4ae645b08b', 1475226358, '8a2bf30e863e3b422aba1521adfb295a.png', 1, 'article', 116, 0),
(151, '1.png', '39cb296b32230cbd8dd8a159cdeee7ee', 1475226573, 'e7f566b6ec1e2eba47ceb76d0fa43ec6.png', 1, 'article', 117, 0),
(152, '2.png', '39cb296b32230cbd8dd8a159cdeee7ee', 1475226578, 'f54f2b7f25c7acdbc9db8e6299c49011.png', 1, 'article', 117, 0),
(153, '3.jpg', '39cb296b32230cbd8dd8a159cdeee7ee', 1475226582, 'abd9a1449b9b7054d767f5dc6038a186.jpg', 1, 'article', 117, 0),
(154, '4.png', '39cb296b32230cbd8dd8a159cdeee7ee', 1475226589, '4ce7954bc0e71c672ea6407ce4beed89.png', 1, 'article', 117, 0),
(155, 'X{]Z_7(2DH@]4]B%V_@_2.png', 'f0cf215edb7447cd6f1886dbf7ef3d91', 1475226681, '873d75a45f5320b09ff2f51b0f4d010a.png', 1, 'article', 119, 0),
(156, '11111.jpg', '9a1bf1ce51d6cd7ed10e861f93de8d91', 1475226789, '86f3b13aab8f284775891fa32da3ca00.jpg', 1, 'article', 120, 0),
(157, '2222.png', '9a1bf1ce51d6cd7ed10e861f93de8d91', 1475226798, 'faf6f2e8ba6a1e91fd5b962267c0ad55.png', 1, 'article', 120, 0),
(158, '3333.jpg', '9a1bf1ce51d6cd7ed10e861f93de8d91', 1475226804, '49275b78458051cda80595c23e7e9aac.jpg', 1, 'article', 120, 0),
(159, '2OLHMHAMTLXIP}@XUK]2.png', 'f13a6c626b7ca1e933351116c8d05cc4', 1475226871, 'f38c6c51c31bb0926ad602fc0e609cc8.png', 1, 'article', 121, 0),
(160, 'CJQ%4_5KWYBGE{T]~@H@E4C.png', 'f13a6c626b7ca1e933351116c8d05cc4', 1475226924, 'b0f3d99429d710c718bb4454cc403c29.png', 1, 'article', 121, 0),
(161, '_OCWMV9T8P5UPFF@3VU2S.png', 'f13a6c626b7ca1e933351116c8d05cc4', 1475226974, '737b94fa1fc1378a0e8121c235743b42.png', 1, 'article', 121, 0),
(163, '0.png', '07ca5871ff97a66357e631dc693d9136', 1475226996, 'fe6dcad7c19097786305ef44c26c56c1.png', 1, 'article', 122, 0),
(164, '1.jpg', '72363dbf5feb595218d735836794597c', 1475227036, '1079b6ec03106d220aa76ea3d2face09.jpg', 1, 'article', 123, 0),
(165, '2.jpg', '72363dbf5feb595218d735836794597c', 1475227040, '4def1b8957514f6ef4df78303626eafb.jpg', 1, 'article', 123, 0),
(166, '123.jpg', '683aed5c02fcb1b1706bc741f524b959', 1475227272, 'db5d71a2fa52f3f15bcfef0cb048cada.jpg', 1, 'article', 126, 0),
(167, '1234.jpg', '683aed5c02fcb1b1706bc741f524b959', 1475227279, '16dc507c684447d70ff394d9675fb001.jpg', 1, 'article', 126, 0),
(168, '123456.jpg', '683aed5c02fcb1b1706bc741f524b959', 1475227287, '3aa5a4bebf4dc0ff73d8cc1555ca042b.jpg', 1, 'article', 126, 0),
(169, '5F7UHP%3[F~((32YW[G8EE.png', 'c61b5a60fea30344cc0368ffa1aef1df', 1475227288, '9b5e0353eb1c5690a99002122938660e.png', 1, 'article', 125, 0),
(170, 'G5HHJ9J[C2KR@7[AGJLK3N.png', '8c0e0f48c821a9f29a6157946a9e40a8', 1475227380, 'ae0fb7d552037cf58b94e4e994a5ba9b.png', 1, 'article', 127, 0);

-- --------------------------------------------------------

--
-- 表的结构 `xh_category`
--

CREATE TABLE IF NOT EXISTS `xh_category` (
  `id` int(11) unsigned NOT NULL AUTO_INCREMENT,
  `title` varchar(128) DEFAULT NULL,
  `type` varchar(16) DEFAULT NULL,
  `icon` varchar(255) DEFAULT NULL,
  `parent_id` int(11) DEFAULT '0',
  `sort` smallint(6) DEFAULT '0',
  `url_token` varchar(32) DEFAULT NULL,
  PRIMARY KEY (`id`),
  KEY `parent_id` (`parent_id`),
  KEY `url_token` (`url_token`),
  KEY `title` (`title`)
) ENGINE=InnoDB  DEFAULT CHARSET=utf8 AUTO_INCREMENT=21 ;

--
-- 转存表中的数据 `xh_category`
--

INSERT INTO `xh_category` (`id`, `title`, `type`, `icon`, `parent_id`, `sort`, `url_token`) VALUES
(1, '科一帮帮团', 'question', NULL, 5, 0, '1'),
(2, '最新', 'question', NULL, 5, 0, '2'),
(3, '精华', 'question', NULL, 5, 0, '3'),
(4, '科一求助', 'question', NULL, 5, 0, '4'),
(5, '学员圈', 'question', NULL, 0, 0, NULL),
(6, '教练圈', 'question', NULL, 0, 0, NULL),
(7, '常见问题', 'question', NULL, 6, 0, '7'),
(8, '教学技巧', 'question', NULL, 6, 0, NULL),
(9, '招生名片', 'question', NULL, 6, 0, NULL),
(10, '自学直考', 'question', NULL, 0, 0, NULL),
(11, '嘻哈号外', 'question', NULL, 0, 0, '11'),
(12, '科目一', 'question', NULL, 11, 0, NULL),
(13, '科目二', 'question', NULL, 11, 0, NULL),
(14, '科目三', 'question', NULL, 11, 0, NULL),
(15, '科目四', 'question', NULL, 11, 0, '15'),
(16, '自学须知', 'question', NULL, 10, 0, NULL),
(17, '预约考试', 'question', NULL, 10, 0, NULL),
(18, '新闻中心', 'question', NULL, 0, 0, NULL),
(19, '嘻哈动态', 'question', NULL, 18, 0, NULL),
(20, '行业新闻', 'question', NULL, 18, 0, NULL);

-- --------------------------------------------------------

--
-- 表的结构 `xh_draft`
--

CREATE TABLE IF NOT EXISTS `xh_draft` (
  `id` int(11) unsigned NOT NULL AUTO_INCREMENT,
  `uid` int(11) DEFAULT '0',
  `type` varchar(16) DEFAULT NULL,
  `item_id` int(11) DEFAULT NULL,
  `data` text,
  `time` int(10) DEFAULT '0',
  PRIMARY KEY (`id`),
  KEY `uid` (`uid`),
  KEY `item_id` (`item_id`),
  KEY `time` (`time`)
) ENGINE=InnoDB  DEFAULT CHARSET=utf8 AUTO_INCREMENT=5 ;

--
-- 转存表中的数据 `xh_draft`
--

INSERT INTO `xh_draft` (`id`, `uid`, `type`, `item_id`, `data`, `time`) VALUES
(4, 1, 'answer', 13, 'a:1:{s:7:"message";s:57:"嗯？报名，您是要报名驾校吗，嘻哈APP上有";}', 1473231363);

-- --------------------------------------------------------

--
-- 表的结构 `xh_edm_task`
--

CREATE TABLE IF NOT EXISTS `xh_edm_task` (
  `id` int(11) NOT NULL AUTO_INCREMENT,
  `title` varchar(255) NOT NULL,
  `message` mediumtext NOT NULL,
  `subject` varchar(255) NOT NULL,
  `from_name` varchar(255) NOT NULL,
  `time` int(10) NOT NULL,
  PRIMARY KEY (`id`)
) ENGINE=InnoDB DEFAULT CHARSET=utf8 AUTO_INCREMENT=1 ;

-- --------------------------------------------------------

--
-- 表的结构 `xh_edm_taskdata`
--

CREATE TABLE IF NOT EXISTS `xh_edm_taskdata` (
  `id` int(11) NOT NULL AUTO_INCREMENT,
  `taskid` int(11) NOT NULL,
  `email` varchar(255) NOT NULL,
  `sent_time` int(10) NOT NULL,
  `view_time` int(10) NOT NULL,
  PRIMARY KEY (`id`),
  KEY `taskid` (`taskid`),
  KEY `sent_time` (`sent_time`),
  KEY `view_time` (`view_time`)
) ENGINE=InnoDB DEFAULT CHARSET=utf8 AUTO_INCREMENT=1 ;

-- --------------------------------------------------------

--
-- 表的结构 `xh_edm_unsubscription`
--

CREATE TABLE IF NOT EXISTS `xh_edm_unsubscription` (
  `id` int(11) NOT NULL AUTO_INCREMENT,
  `email` varchar(255) NOT NULL,
  `time` int(10) NOT NULL,
  PRIMARY KEY (`id`),
  KEY `email` (`email`)
) ENGINE=InnoDB DEFAULT CHARSET=utf8 AUTO_INCREMENT=1 ;

-- --------------------------------------------------------

--
-- 表的结构 `xh_edm_userdata`
--

CREATE TABLE IF NOT EXISTS `xh_edm_userdata` (
  `id` int(11) NOT NULL AUTO_INCREMENT,
  `usergroup` int(11) NOT NULL,
  `email` varchar(255) NOT NULL,
  PRIMARY KEY (`id`),
  KEY `usergroup` (`usergroup`)
) ENGINE=InnoDB DEFAULT CHARSET=utf8 AUTO_INCREMENT=1 ;

-- --------------------------------------------------------

--
-- 表的结构 `xh_edm_usergroup`
--

CREATE TABLE IF NOT EXISTS `xh_edm_usergroup` (
  `id` int(11) NOT NULL AUTO_INCREMENT,
  `title` varchar(255) NOT NULL,
  `time` int(10) NOT NULL,
  PRIMARY KEY (`id`)
) ENGINE=InnoDB DEFAULT CHARSET=utf8 AUTO_INCREMENT=1 ;

-- --------------------------------------------------------

--
-- 表的结构 `xh_education_experience`
--

CREATE TABLE IF NOT EXISTS `xh_education_experience` (
  `education_id` int(11) NOT NULL AUTO_INCREMENT,
  `uid` int(11) DEFAULT NULL COMMENT '用户UID',
  `education_years` int(11) DEFAULT NULL COMMENT '入学年份',
  `school_name` varchar(64) DEFAULT NULL COMMENT '学校名',
  `school_type` tinyint(4) DEFAULT NULL COMMENT '学校类别',
  `departments` varchar(64) DEFAULT NULL COMMENT '院系',
  `add_time` int(10) DEFAULT NULL COMMENT '记录添加时间',
  PRIMARY KEY (`education_id`),
  KEY `uid` (`uid`)
) ENGINE=InnoDB DEFAULT CHARSET=utf8 COMMENT='教育经历' AUTO_INCREMENT=1 ;

-- --------------------------------------------------------

--
-- 表的结构 `xh_favorite`
--

CREATE TABLE IF NOT EXISTS `xh_favorite` (
  `id` int(11) unsigned NOT NULL AUTO_INCREMENT,
  `uid` int(11) DEFAULT '0',
  `item_id` int(11) DEFAULT '0',
  `time` int(10) DEFAULT '0',
  `type` varchar(16) NOT NULL DEFAULT '',
  PRIMARY KEY (`id`),
  KEY `uid` (`uid`),
  KEY `time` (`time`),
  KEY `item_id` (`item_id`),
  KEY `type` (`type`)
) ENGINE=InnoDB  DEFAULT CHARSET=utf8 AUTO_INCREMENT=6 ;

--
-- 转存表中的数据 `xh_favorite`
--

INSERT INTO `xh_favorite` (`id`, `uid`, `item_id`, `time`, `type`) VALUES
(1, 11, 4, 1473238126, 'article'),
(2, 11, 3, 1473238165, 'article'),
(3, 2, 3, 1473238375, 'article'),
(4, 1, 4, 1473317053, 'article'),
(5, 1, 22, 1473317117, 'answer');

-- --------------------------------------------------------

--
-- 表的结构 `xh_favorite_tag`
--

CREATE TABLE IF NOT EXISTS `xh_favorite_tag` (
  `id` int(11) unsigned NOT NULL AUTO_INCREMENT,
  `uid` int(11) DEFAULT '0',
  `title` varchar(128) DEFAULT NULL,
  `item_id` int(11) DEFAULT '0',
  `type` varchar(16) NOT NULL DEFAULT '',
  PRIMARY KEY (`id`),
  KEY `uid` (`uid`),
  KEY `title` (`title`),
  KEY `type` (`type`),
  KEY `item_id` (`item_id`)
) ENGINE=InnoDB  DEFAULT CHARSET=utf8 AUTO_INCREMENT=14 ;

--
-- 转存表中的数据 `xh_favorite_tag`
--

INSERT INTO `xh_favorite_tag` (`id`, `uid`, `title`, `item_id`, `type`) VALUES
(2, 11, '学车技巧', 4, 'article'),
(3, 11, '学车技巧', 3, 'article'),
(5, 2, '学车', 3, 'article'),
(6, 2, '学车', 3, 'article'),
(7, 2, '学车', 3, 'article'),
(11, 1, '技巧', 4, 'article'),
(12, 1, '技巧', 4, 'article'),
(13, 1, '技巧', 22, 'answer');

-- --------------------------------------------------------

--
-- 表的结构 `xh_feature`
--

CREATE TABLE IF NOT EXISTS `xh_feature` (
  `id` int(11) NOT NULL AUTO_INCREMENT,
  `title` varchar(200) DEFAULT NULL COMMENT '专题标题',
  `description` varchar(255) DEFAULT NULL COMMENT '专题描述',
  `icon` varchar(255) DEFAULT NULL COMMENT '专题图标',
  `topic_count` int(11) NOT NULL DEFAULT '0' COMMENT '话题计数',
  `css` text COMMENT '自定义CSS',
  `url_token` varchar(32) DEFAULT NULL,
  `seo_title` varchar(255) DEFAULT NULL,
  `enabled` tinyint(1) NOT NULL DEFAULT '0',
  PRIMARY KEY (`id`),
  KEY `url_token` (`url_token`),
  KEY `title` (`title`),
  KEY `enabled` (`enabled`)
) ENGINE=InnoDB  DEFAULT CHARSET=utf8 AUTO_INCREMENT=2 ;

--
-- 转存表中的数据 `xh_feature`
--

INSERT INTO `xh_feature` (`id`, `title`, `description`, `icon`, `topic_count`, `css`, `url_token`, `seo_title`, `enabled`) VALUES
(1, '科一考规', '科目一，又称驾驶员理论考试，是机动车驾驶证考核的第一部分。', '1_32_32.jpg', 0, '', 'skill', '科一考规', 0);

-- --------------------------------------------------------

--
-- 表的结构 `xh_feature_topic`
--

CREATE TABLE IF NOT EXISTS `xh_feature_topic` (
  `id` int(11) NOT NULL AUTO_INCREMENT,
  `feature_id` int(11) NOT NULL DEFAULT '0' COMMENT '专题ID',
  `topic_id` int(11) NOT NULL DEFAULT '0' COMMENT '话题ID',
  PRIMARY KEY (`id`),
  KEY `feature_id` (`feature_id`),
  KEY `topic_id` (`topic_id`)
) ENGINE=InnoDB DEFAULT CHARSET=utf8 AUTO_INCREMENT=1 ;

-- --------------------------------------------------------

--
-- 表的结构 `xh_geo_location`
--

CREATE TABLE IF NOT EXISTS `xh_geo_location` (
  `id` int(10) NOT NULL AUTO_INCREMENT,
  `item_type` varchar(32) NOT NULL,
  `item_id` int(10) NOT NULL,
  `latitude` float NOT NULL,
  `longitude` float NOT NULL,
  `add_time` int(10) DEFAULT '0',
  PRIMARY KEY (`id`),
  KEY `item_type` (`item_type`),
  KEY `add_time` (`add_time`),
  KEY `geo_location` (`latitude`,`longitude`),
  KEY `item_id` (`item_id`)
) ENGINE=InnoDB DEFAULT CHARSET=utf8 AUTO_INCREMENT=1 ;

-- --------------------------------------------------------

--
-- 表的结构 `xh_help_chapter`
--

CREATE TABLE IF NOT EXISTS `xh_help_chapter` (
  `id` int(10) unsigned NOT NULL AUTO_INCREMENT,
  `title` varchar(255) NOT NULL,
  `description` text,
  `url_token` varchar(32) DEFAULT NULL,
  `sort` tinyint(2) unsigned NOT NULL DEFAULT '0',
  PRIMARY KEY (`id`),
  KEY `title` (`title`),
  KEY `url_token` (`url_token`),
  KEY `sort` (`sort`)
) ENGINE=InnoDB DEFAULT CHARSET=utf8 COMMENT='帮助中心' AUTO_INCREMENT=1 ;

-- --------------------------------------------------------

--
-- 表的结构 `xh_inbox`
--

CREATE TABLE IF NOT EXISTS `xh_inbox` (
  `id` int(11) NOT NULL AUTO_INCREMENT,
  `uid` int(11) DEFAULT NULL COMMENT '发送者 ID',
  `dialog_id` int(11) DEFAULT NULL COMMENT '对话id',
  `message` text COMMENT '内容',
  `add_time` int(10) DEFAULT NULL COMMENT '添加时间',
  `sender_remove` tinyint(1) DEFAULT '0',
  `recipient_remove` tinyint(1) DEFAULT '0',
  `receipt` int(10) DEFAULT '0',
  PRIMARY KEY (`id`),
  KEY `dialog_id` (`dialog_id`),
  KEY `uid` (`uid`),
  KEY `add_time` (`add_time`),
  KEY `sender_remove` (`sender_remove`),
  KEY `recipient_remove` (`recipient_remove`),
  KEY `sender_receipt` (`receipt`)
) ENGINE=InnoDB DEFAULT CHARSET=utf8 AUTO_INCREMENT=1 ;

-- --------------------------------------------------------

--
-- 表的结构 `xh_inbox_dialog`
--

CREATE TABLE IF NOT EXISTS `xh_inbox_dialog` (
  `id` int(11) NOT NULL AUTO_INCREMENT COMMENT '对话ID',
  `sender_uid` int(11) DEFAULT NULL COMMENT '发送者UID',
  `sender_unread` int(11) DEFAULT NULL COMMENT '发送者未读',
  `recipient_uid` int(11) DEFAULT NULL COMMENT '接收者UID',
  `recipient_unread` int(11) DEFAULT NULL COMMENT '接收者未读',
  `add_time` int(11) DEFAULT NULL COMMENT '添加时间',
  `update_time` int(11) DEFAULT NULL COMMENT '最后更新时间',
  `sender_count` int(11) DEFAULT NULL COMMENT '发送者显示对话条数',
  `recipient_count` int(11) DEFAULT NULL COMMENT '接收者显示对话条数',
  PRIMARY KEY (`id`),
  KEY `recipient_uid` (`recipient_uid`),
  KEY `sender_uid` (`sender_uid`),
  KEY `update_time` (`update_time`),
  KEY `add_time` (`add_time`)
) ENGINE=InnoDB DEFAULT CHARSET=utf8 AUTO_INCREMENT=1 ;

-- --------------------------------------------------------

--
-- 表的结构 `xh_integral_log`
--

CREATE TABLE IF NOT EXISTS `xh_integral_log` (
  `id` int(11) unsigned NOT NULL AUTO_INCREMENT,
  `uid` int(11) DEFAULT '0',
  `action` varchar(16) DEFAULT NULL,
  `integral` int(11) DEFAULT NULL,
  `note` varchar(128) DEFAULT NULL,
  `balance` int(11) DEFAULT '0',
  `item_id` int(11) DEFAULT '0',
  `time` int(10) DEFAULT '0',
  PRIMARY KEY (`id`),
  KEY `uid` (`uid`),
  KEY `action` (`action`),
  KEY `time` (`time`),
  KEY `integral` (`integral`)
) ENGINE=InnoDB  DEFAULT CHARSET=utf8 AUTO_INCREMENT=580 ;

--
-- 转存表中的数据 `xh_integral_log`
--

INSERT INTO `xh_integral_log` (`id`, `uid`, `action`, `integral`, `note`, `balance`, `item_id`, `time`) VALUES
(1, 1, 'REGISTER', 2000, '初始资本', 2000, 0, 1472554798),
(2, 2, 'REGISTER', 2000, '初始资本', 2000, 0, 1472706440),
(3, 2, 'UPLOAD_AVATAR', 20, '上传头像', 2020, 0, 1472707116),
(4, 2, 'NEW_QUESTION', -20, '发起问题 #1', 2000, 1, 1472707611),
(5, 2, 'NEW_QUESTION', -20, '发起问题 #2', 1980, 2, 1472708596),
(6, 1, 'ANSWER_QUESTION', -5, '回答问题 #2', 1995, 2, 1472709295),
(7, 2, 'QUESTION_ANSWER', 5, '问题被回答 #2', 1985, 2, 1472709295),
(8, 3, 'REGISTER', 2000, '初始资本', 2000, 0, 1472711401),
(9, 4, 'REGISTER', 2000, '初始资本', 2000, 0, 1472711752),
(10, 5, 'REGISTER', 2000, '初始资本', 2000, 0, 1472712094),
(11, 6, 'REGISTER', 2000, '初始资本', 2000, 0, 1472712136),
(12, 7, 'REGISTER', 2000, '初始资本', 2000, 0, 1472712180),
(13, 8, 'REGISTER', 2000, '初始资本', 2000, 0, 1472712239),
(14, 9, 'REGISTER', 2000, '初始资本', 2000, 0, 1472712272),
(15, 10, 'REGISTER', 2000, '初始资本', 2000, 0, 1472712316),
(16, 11, 'REGISTER', 2000, '初始资本', 2000, 0, 1472712474),
(17, 5, 'UPDATE_SIGNATURE', 10, '完善一句话介绍', 2010, 0, 1472712624),
(18, 5, 'UPLOAD_AVATAR', 20, '上传头像', 2030, 0, 1472712841),
(19, 5, 'ANSWER_QUESTION', -5, '回答问题 #1', 2025, 1, 1472713229),
(20, 2, 'QUESTION_ANSWER', 5, '问题被回答 #1', 1990, 1, 1472713229),
(21, 5, 'NEW_QUESTION', -20, '发起问题 #3', 2005, 3, 1472713346),
(22, 6, 'UPLOAD_AVATAR', 20, '上传头像', 2020, 0, 1472713538),
(23, 1, 'ANSWER_QUESTION', -5, '回答问题 #3', 1990, 3, 1472713851),
(24, 5, 'QUESTION_ANSWER', 5, '问题被回答 #3', 2010, 3, 1472713851),
(25, 6, 'NEW_QUESTION', -20, '发起问题 #4', 2000, 4, 1472714055),
(26, 7, 'UPLOAD_AVATAR', 20, '上传头像', 2020, 0, 1472714421),
(27, 7, 'NEW_QUESTION', -20, '发起问题 #5', 2000, 5, 1472714701),
(28, 7, 'ANSWER_QUESTION', -5, '回答问题 #4', 1995, 4, 1472714850),
(29, 6, 'QUESTION_ANSWER', 5, '问题被回答 #4', 2005, 4, 1472714850),
(30, 7, 'ANSWER_QUESTION', -5, '回答问题 #3', 1990, 3, 1472714892),
(31, 5, 'QUESTION_ANSWER', 5, '问题被回答 #3', 2015, 3, 1472714892),
(32, 4, 'UPLOAD_AVATAR', 20, '上传头像', 2020, 0, 1472715029),
(33, 4, 'NEW_QUESTION', -20, '发起问题 #6', 2000, 6, 1472715152),
(34, 4, 'ANSWER_QUESTION', -5, '回答问题 #5', 1995, 5, 1472715181),
(35, 7, 'QUESTION_ANSWER', 5, '问题被回答 #5', 1995, 5, 1472715181),
(36, 8, 'UPLOAD_AVATAR', 20, '上传头像', 2020, 0, 1472715420),
(37, 8, 'NEW_QUESTION', -20, '发起问题 #7', 2000, 7, 1472715495),
(38, 9, 'UPLOAD_AVATAR', 20, '上传头像', 2020, 0, 1472715626),
(39, 9, 'NEW_QUESTION', -20, '发起问题 #8', 2000, 8, 1472715779),
(40, 9, 'ANSWER_QUESTION', -5, '回答问题 #3', 1995, 3, 1472715798),
(41, 5, 'QUESTION_ANSWER', 5, '问题被回答 #3', 2020, 3, 1472715798),
(42, 9, 'ANSWER_QUESTION', -5, '回答问题 #2', 1990, 2, 1472715849),
(43, 2, 'QUESTION_ANSWER', 5, '问题被回答 #2', 1995, 2, 1472715849),
(44, 10, 'ANSWER_QUESTION', -5, '回答问题 #8', 1995, 8, 1472716247),
(45, 9, 'QUESTION_ANSWER', 5, '问题被回答 #8', 1995, 8, 1472716247),
(46, 10, 'UPLOAD_AVATAR', 20, '上传头像', 2015, 0, 1472716405),
(47, 10, 'NEW_QUESTION', -20, '发起问题 #9', 1995, 9, 1472717178),
(48, 11, 'UPLOAD_AVATAR', 20, '上传头像', 2020, 0, 1472717384),
(49, 1, 'UPLOAD_AVATAR', 20, '上传头像', 2010, 0, 1472717954),
(50, 1, 'ANSWER_QUESTION', -5, '回答问题 #8', 2005, 8, 1473064312),
(51, 9, 'QUESTION_ANSWER', 5, '问题被回答 #8', 2000, 8, 1473064312),
(52, 12, 'REGISTER', 2000, '初始资本', 2000, 0, 1473148118),
(53, 12, 'UPDATE_SIGNATURE', 10, '完善一句话介绍', 2010, 0, 1473148353),
(54, 12, 'UPLOAD_AVATAR', 20, '上传头像', 2030, 0, 1473148921),
(55, 13, 'REGISTER', 2000, '初始资本', 2000, 0, 1473149194),
(56, 12, 'NEW_QUESTION', -20, '发起问题 #10', 2010, 10, 1473149295),
(57, 13, 'UPDATE_SIGNATURE', 10, '完善一句话介绍', 2010, 0, 1473149476),
(58, 13, 'ANSWER_QUESTION', -5, '回答问题 #10', 2005, 10, 1473149638),
(59, 12, 'QUESTION_ANSWER', 5, '问题被回答 #10', 2015, 10, 1473149638),
(60, 14, 'REGISTER', 2000, '初始资本', 2000, 0, 1473149700),
(61, 14, 'UPDATE_SIGNATURE', 10, '完善一句话介绍', 2010, 0, 1473149831),
(62, 15, 'REGISTER', 2000, '初始资本', 2000, 0, 1473149837),
(63, 14, 'UPLOAD_AVATAR', 20, '上传头像', 2030, 0, 1473149850),
(64, 15, 'UPDATE_SIGNATURE', 10, '完善一句话介绍', 2010, 0, 1473149980),
(65, 14, 'ANSWER_QUESTION', -5, '回答问题 #10', 2025, 10, 1473150029),
(66, 12, 'QUESTION_ANSWER', 5, '问题被回答 #10', 2020, 10, 1473150029),
(68, 17, 'REGISTER', 2000, '初始资本', 2000, 0, 1473150091),
(69, 15, 'NEW_QUESTION', -20, '发起问题 #11', 1990, 11, 1473150110),
(70, 14, 'ANSWER_QUESTION', -5, '回答问题 #11', 2020, 11, 1473150242),
(71, 15, 'QUESTION_ANSWER', 5, '问题被回答 #11', 1995, 11, 1473150242),
(72, 18, 'REGISTER', 2000, '初始资本', 2000, 0, 1473150329),
(73, 17, 'UPLOAD_AVATAR', 20, '上传头像', 2020, 0, 1473150385),
(74, 17, 'NEW_QUESTION', -20, '发起问题 #12', 2000, 12, 1473150545),
(75, 18, 'UPLOAD_AVATAR', 20, '上传头像', 2020, 0, 1473150594),
(76, 18, 'ANSWER_QUESTION', -5, '回答问题 #12', 2015, 12, 1473150752),
(77, 17, 'QUESTION_ANSWER', 5, '问题被回答 #12', 2005, 12, 1473150752),
(78, 19, 'REGISTER', 2000, '初始资本', 2000, 0, 1473150781),
(79, 20, 'REGISTER', 2000, '初始资本', 2000, 0, 1473150818),
(80, 19, 'UPDATE_SIGNATURE', 10, '完善一句话介绍', 2010, 0, 1473150888),
(81, 20, 'UPLOAD_AVATAR', 20, '上传头像', 2020, 0, 1473150923),
(82, 21, 'REGISTER', 2000, '初始资本', 2000, 0, 1473150958),
(83, 20, 'NEW_QUESTION', -20, '发起问题 #13', 2000, 13, 1473151050),
(84, 22, 'REGISTER', 2000, '初始资本', 2000, 0, 1473151221),
(85, 21, 'UPLOAD_AVATAR', 20, '上传头像', 2020, 0, 1473153071),
(86, 21, 'NEW_QUESTION', -20, '发起问题 #14', 2000, 14, 1473153250),
(88, 24, 'REGISTER', 2000, '初始资本', 2000, 0, 1473211362),
(89, 24, 'UPDATE_SIGNATURE', 10, '完善一句话介绍', 2010, 0, 1473211408),
(90, 24, 'NEW_QUESTION', -20, '发起问题 #15', 1990, 15, 1473212375),
(91, 25, 'REGISTER', 2000, '初始资本', 2000, 0, 1473212465),
(92, 25, 'UPDATE_SIGNATURE', 10, '完善一句话介绍', 2010, 0, 1473212692),
(93, 26, 'REGISTER', 2000, '初始资本', 2000, 0, 1473213716),
(94, 26, 'UPDATE_SIGNATURE', 10, '完善一句话介绍', 2010, 0, 1473213790),
(95, 27, 'REGISTER', 2000, '初始资本', 2000, 0, 1473214163),
(96, 27, 'UPDATE_SIGNATURE', 10, '完善一句话介绍', 2010, 0, 1473214242),
(97, 27, 'NEW_QUESTION', -20, '发起问题 #16', 1990, 16, 1473214297),
(98, 28, 'REGISTER', 2000, '初始资本', 2000, 0, 1473214413),
(99, 28, 'UPDATE_SIGNATURE', 10, '完善一句话介绍', 2010, 0, 1473214467),
(100, 28, 'ANSWER_QUESTION', -5, '回答问题 #16', 2005, 16, 1473214518),
(101, 27, 'QUESTION_ANSWER', 5, '问题被回答 #16', 1995, 16, 1473214518),
(102, 29, 'REGISTER', 2000, '初始资本', 2000, 0, 1473215759),
(103, 29, 'UPDATE_SIGNATURE', 10, '完善一句话介绍', 2010, 0, 1473215843),
(104, 29, 'NEW_QUESTION', -20, '发起问题 #17', 1990, 17, 1473215894),
(105, 30, 'REGISTER', 2000, '初始资本', 2000, 0, 1473217340),
(106, 30, 'UPDATE_SIGNATURE', 10, '完善一句话介绍', 2010, 0, 1473217419),
(107, 31, 'REGISTER', 2000, '初始资本', 2000, 0, 1473225523),
(108, 31, 'UPDATE_SIGNATURE', 10, '完善一句话介绍', 2010, 0, 1473225589),
(109, 31, 'NEW_QUESTION', -20, '发起问题 #18', 1990, 18, 1473225820),
(110, 29, 'ANSWER_QUESTION', -5, '回答问题 #18', 1985, 18, 1473225883),
(111, 31, 'QUESTION_ANSWER', 5, '问题被回答 #18', 1995, 18, 1473225883),
(112, 32, 'REGISTER', 2000, '初始资本', 2000, 0, 1473228351),
(113, 32, 'UPDATE_SIGNATURE', 10, '完善一句话介绍', 2010, 0, 1473228405),
(114, 32, 'NEW_QUESTION', -20, '发起问题 #19', 1990, 19, 1473229550),
(116, 21, 'ANSWER_QUESTION', -5, '回答问题 #17', 1995, 17, 1473231124),
(117, 29, 'QUESTION_ANSWER', 5, '问题被回答 #17', 1990, 17, 1473231124),
(118, 34, 'REGISTER', 2000, '初始资本', 2000, 0, 1473231179),
(119, 34, 'UPDATE_SIGNATURE', 10, '完善一句话介绍', 2010, 0, 1473231335),
(120, 34, 'UPLOAD_AVATAR', 20, '上传头像', 2030, 0, 1473231437),
(121, 34, 'QUESTION_THANKS', -10, '感谢问题 #17', 2020, 17, 1473231480),
(122, 29, 'THANKS_QUESTION', 10, '问题被感谢 #17', 2000, 17, 1473231480),
(123, 35, 'REGISTER', 2000, '初始资本', 2000, 0, 1473231538),
(124, 34, 'NEW_QUESTION', -20, '发起问题 #20', 2000, 20, 1473231623),
(125, 35, 'UPLOAD_AVATAR', 20, '上传头像', 2020, 0, 1473232036),
(126, 36, 'REGISTER', 2000, '初始资本', 2000, 0, 1473232047),
(127, 35, 'UPDATE_SIGNATURE', 10, '完善一句话介绍', 2030, 0, 1473232055),
(128, 35, 'NEW_QUESTION', -20, '发起问题 #21', 2010, 21, 1473232095),
(129, 35, 'ANSWER_QUESTION', -5, '回答问题 #20', 2005, 20, 1473232135),
(130, 34, 'QUESTION_ANSWER', 5, '问题被回答 #20', 2005, 20, 1473232135),
(131, 37, 'REGISTER', 2000, '初始资本', 2000, 0, 1473232299),
(132, 37, 'UPLOAD_AVATAR', 20, '上传头像', 2020, 0, 1473232343),
(133, 38, 'REGISTER', 2000, '初始资本', 2000, 0, 1473232429),
(134, 37, 'NEW_QUESTION', -20, '发起问题 #22', 2000, 22, 1473232436),
(135, 37, 'ANSWER_QUESTION', -5, '回答问题 #15', 1995, 15, 1473232534),
(136, 24, 'QUESTION_ANSWER', 5, '问题被回答 #15', 1995, 15, 1473232534),
(137, 38, 'UPDATE_SIGNATURE', 10, '完善一句话介绍', 2010, 0, 1473232625),
(138, 39, 'REGISTER', 2000, '初始资本', 2000, 0, 1473233049),
(139, 40, 'REGISTER', 2000, '初始资本', 2000, 0, 1473233184),
(140, 38, 'NEW_QUESTION', -20, '发起问题 #23', 1990, 23, 1473233235),
(141, 39, 'UPDATE_SIGNATURE', 10, '完善一句话介绍', 2010, 0, 1473233239),
(142, 38, 'UPLOAD_AVATAR', 20, '上传头像', 2010, 0, 1473233272),
(143, 39, 'ANSWER_QUESTION', -5, '回答问题 #23', 2005, 23, 1473233287),
(144, 38, 'QUESTION_ANSWER', 5, '问题被回答 #23', 2015, 23, 1473233287),
(145, 41, 'REGISTER', 2000, '初始资本', 2000, 0, 1473234061),
(146, 42, 'REGISTER', 2000, '初始资本', 2000, 0, 1473234635),
(147, 41, 'UPDATE_SIGNATURE', 10, '完善一句话介绍', 2010, 0, 1473235109),
(148, 43, 'REGISTER', 2000, '初始资本', 2000, 0, 1473317209),
(149, 43, 'UPLOAD_AVATAR', 20, '上传头像', 2020, 0, 1473317481),
(150, 43, 'NEW_QUESTION', -20, '发起问题 #24', 2000, 24, 1473318480),
(151, 44, 'REGISTER', 2000, '初始资本', 2000, 0, 1473321267),
(152, 45, 'REGISTER', 2000, '初始资本', 2000, 0, 1473321360),
(153, 44, 'UPLOAD_AVATAR', 20, '上传头像', 2020, 0, 1473321395),
(154, 44, 'NEW_QUESTION', -20, '发起问题 #25', 2000, 25, 1473321486),
(155, 45, 'UPLOAD_AVATAR', 20, '上传头像', 2020, 0, 1473321538),
(156, 45, 'NEW_QUESTION', -20, '发起问题 #26', 2000, 26, 1473321608),
(157, 46, 'REGISTER', 2000, '初始资本', 2000, 0, 1473321723),
(158, 47, 'REGISTER', 2000, '初始资本', 2000, 0, 1473321761),
(159, 46, 'UPLOAD_AVATAR', 20, '上传头像', 2020, 0, 1473321764),
(160, 46, 'NEW_QUESTION', -20, '发起问题 #27', 2000, 27, 1473321811),
(161, 48, 'REGISTER', 2000, '初始资本', 2000, 0, 1473321910),
(162, 47, 'UPLOAD_AVATAR', 20, '上传头像', 2020, 0, 1473322010),
(163, 47, 'NEW_QUESTION', -20, '发起问题 #28', 2000, 28, 1473322090),
(164, 42, 'UPLOAD_AVATAR', 20, '上传头像', 2020, 0, 1473322119),
(165, 42, 'NEW_QUESTION', -20, '发起问题 #29', 2000, 29, 1473322155),
(166, 40, 'UPLOAD_AVATAR', 20, '上传头像', 2020, 0, 1473322268),
(167, 40, 'NEW_QUESTION', -20, '发起问题 #30', 2000, 30, 1473322303),
(168, 49, 'REGISTER', 2000, '初始资本', 2000, 0, 1473647029),
(169, 50, 'REGISTER', 2000, '初始资本', 2000, 0, 1473647139),
(170, 49, 'UPDATE_SIGNATURE', 10, '完善一句话介绍', 2010, 0, 1473659724),
(171, 49, 'UPLOAD_AVATAR', 20, '上传头像', 2030, 0, 1473659843),
(172, 49, 'NEW_QUESTION', -20, '发起问题 #31', 2010, 31, 1473660033),
(173, 50, 'UPDATE_SIGNATURE', 10, '完善一句话介绍', 2010, 0, 1473661205),
(174, 51, 'REGISTER', 2000, '初始资本', 2000, 0, 1473662005),
(175, 51, 'UPLOAD_AVATAR', 20, '上传头像', 2020, 0, 1473663290),
(176, 1, 'ANSWER_QUESTION', -5, '回答问题 #29', 2000, 29, 1473665857),
(177, 42, 'QUESTION_ANSWER', 5, '问题被回答 #29', 2005, 29, 1473665857),
(178, 41, 'ANSWER_QUESTION', -5, '回答问题 #29', 2005, 29, 1473666199),
(179, 42, 'QUESTION_ANSWER', 5, '问题被回答 #29', 2010, 29, 1473666199),
(180, 41, 'ANSWER_QUESTION', -5, '回答问题 #30', 2000, 30, 1473666296),
(181, 40, 'QUESTION_ANSWER', 5, '问题被回答 #30', 2005, 30, 1473666296),
(182, 52, 'REGISTER', 2000, '初始资本', 2000, 0, 1473668501),
(183, 12, 'ANSWER_QUESTION', -5, '回答问题 #29', 2015, 29, 1473671385),
(184, 42, 'QUESTION_ANSWER', 5, '问题被回答 #29', 2015, 29, 1473671385),
(185, 12, 'ANSWER_QUESTION', -5, '回答问题 #30', 2010, 30, 1473671476),
(186, 40, 'QUESTION_ANSWER', 5, '问题被回答 #30', 2010, 30, 1473671476),
(187, 12, 'ANSWER_QUESTION', -5, '回答问题 #31', 2005, 31, 1473671594),
(188, 49, 'QUESTION_ANSWER', 5, '问题被回答 #31', 2015, 31, 1473671594),
(189, 12, 'ANSWER_QUESTION', -5, '回答问题 #25', 2000, 25, 1473671739),
(190, 44, 'QUESTION_ANSWER', 5, '问题被回答 #25', 2005, 25, 1473671739),
(191, 12, 'ANSWER_QUESTION', -5, '回答问题 #21', 1995, 21, 1473671798),
(192, 35, 'QUESTION_ANSWER', 5, '问题被回答 #21', 2010, 21, 1473671798),
(193, 14, 'ANSWER_QUESTION', -5, '回答问题 #21', 2015, 21, 1473671995),
(194, 35, 'QUESTION_ANSWER', 5, '问题被回答 #21', 2015, 21, 1473671995),
(195, 18, 'ANSWER_QUESTION', -5, '回答问题 #21', 2010, 21, 1473672053),
(196, 35, 'QUESTION_ANSWER', 5, '问题被回答 #21', 2020, 21, 1473672053),
(197, 18, 'ANSWER_QUESTION', -5, '回答问题 #31', 2005, 31, 1473672128),
(198, 49, 'QUESTION_ANSWER', 5, '问题被回答 #31', 2020, 31, 1473672128),
(199, 18, 'ANSWER_QUESTION', -5, '回答问题 #29', 2000, 29, 1473672188),
(200, 42, 'QUESTION_ANSWER', 5, '问题被回答 #29', 2020, 29, 1473672188),
(201, 53, 'REGISTER', 2000, '初始资本', 2000, 0, 1473730595),
(202, 53, 'UPDATE_SIGNATURE', 10, '完善一句话介绍', 2010, 0, 1473730640),
(203, 53, 'UPLOAD_AVATAR', 20, '上传头像', 2030, 0, 1473730925),
(204, 54, 'REGISTER', 2000, '初始资本', 2000, 0, 1473731703),
(205, 54, 'UPDATE_SIGNATURE', 10, '完善一句话介绍', 2010, 0, 1473731755),
(206, 54, 'UPLOAD_AVATAR', 20, '上传头像', 2030, 0, 1473731832),
(207, 55, 'REGISTER', 2000, '初始资本', 2000, 0, 1473732230),
(208, 55, 'UPDATE_SIGNATURE', 10, '完善一句话介绍', 2010, 0, 1473732332),
(209, 55, 'UPLOAD_AVATAR', 20, '上传头像', 2030, 0, 1473732422),
(210, 56, 'REGISTER', 2000, '初始资本', 2000, 0, 1473733950),
(211, 57, 'REGISTER', 2000, '初始资本', 2000, 0, 1473734032),
(212, 57, 'UPDATE_SIGNATURE', 10, '完善一句话介绍', 2010, 0, 1473734119),
(213, 57, 'UPLOAD_AVATAR', 20, '上传头像', 2030, 0, 1473734146),
(215, 59, 'REGISTER', 2000, '初始资本', 2000, 0, 1473735361),
(216, 59, 'UPDATE_SIGNATURE', 10, '完善一句话介绍', 2010, 0, 1473735374),
(217, 59, 'UPLOAD_AVATAR', 20, '上传头像', 2030, 0, 1473735407),
(218, 60, 'REGISTER', 2000, '初始资本', 2000, 0, 1473736533),
(219, 60, 'UPDATE_SIGNATURE', 10, '完善一句话介绍', 2010, 0, 1473736579),
(220, 60, 'UPLOAD_AVATAR', 20, '上传头像', 2030, 0, 1473736611),
(221, 2, 'ANSWER_QUESTION', -5, '回答问题 #31', 1990, 31, 1473739349),
(222, 49, 'QUESTION_ANSWER', 5, '问题被回答 #31', 2025, 31, 1473739349),
(223, 61, 'REGISTER', 2000, '初始资本', 2000, 0, 1473745983),
(224, 61, 'UPDATE_SIGNATURE', 10, '完善一句话介绍', 2010, 0, 1473746677),
(225, 61, 'UPLOAD_AVATAR', 20, '上传头像', 2030, 0, 1473746717),
(226, 61, 'ANSWER_QUESTION', -5, '回答问题 #31', 2025, 31, 1473746778),
(227, 49, 'QUESTION_ANSWER', 5, '问题被回答 #31', 2030, 31, 1473746778),
(228, 61, 'NEW_QUESTION', -20, '发起问题 #32', 2005, 32, 1473746855),
(229, 62, 'REGISTER', 2000, '初始资本', 2000, 0, 1473748224),
(230, 62, 'UPDATE_SIGNATURE', 10, '完善一句话介绍', 2010, 0, 1473748321),
(231, 62, 'UPLOAD_AVATAR', 20, '上传头像', 2030, 0, 1473752967),
(232, 2, 'BEST_ANSWER', 200, '问题 #31 最佳回复', 2190, 0, 1473755805),
(233, 63, 'REGISTER', 2000, '初始资本', 2000, 0, 1473834290),
(234, 64, 'REGISTER', 2000, '初始资本', 2000, 0, 1473834363),
(235, 65, 'REGISTER', 2000, '初始资本', 2000, 0, 1473834881),
(236, 66, 'REGISTER', 2000, '初始资本', 2000, 0, 1473835268),
(237, 67, 'REGISTER', 2000, '初始资本', 2000, 0, 1473836254),
(238, 68, 'REGISTER', 2000, '初始资本', 2000, 0, 1473836542),
(239, 69, 'REGISTER', 2000, '初始资本', 2000, 0, 1473836816),
(240, 69, 'UPLOAD_AVATAR', 20, '上传头像', 2020, 0, 1473837267),
(241, 70, 'REGISTER', 2000, '初始资本', 2000, 0, 1473837278),
(242, 69, 'NEW_QUESTION', -20, '发起问题 #33', 2000, 33, 1473837348),
(243, 68, 'UPLOAD_AVATAR', 20, '上传头像', 2020, 0, 1473837382),
(244, 68, 'NEW_QUESTION', -20, '发起问题 #34', 2000, 34, 1473837404),
(245, 67, 'UPLOAD_AVATAR', 20, '上传头像', 2020, 0, 1473837460),
(246, 71, 'REGISTER', 2000, '初始资本', 2000, 0, 1473837491),
(247, 67, 'NEW_QUESTION', -20, '发起问题 #35', 2000, 35, 1473837528),
(248, 67, 'ANSWER_QUESTION', -5, '回答问题 #34', 1995, 34, 1473837594),
(249, 68, 'QUESTION_ANSWER', 5, '问题被回答 #34', 2005, 34, 1473837594),
(250, 72, 'REGISTER', 2000, '初始资本', 2000, 0, 1473837757),
(251, 65, 'UPLOAD_AVATAR', 20, '上传头像', 2020, 0, 1473837795),
(252, 65, 'NEW_QUESTION', -20, '发起问题 #36', 2000, 36, 1473837857),
(253, 66, 'UPLOAD_AVATAR', 20, '上传头像', 2020, 0, 1473837946),
(254, 66, 'NEW_QUESTION', -20, '发起问题 #37', 2000, 37, 1473838007),
(255, 64, 'UPLOAD_AVATAR', 20, '上传头像', 2020, 0, 1473838073),
(256, 64, 'ANSWER_QUESTION', -5, '回答问题 #37', 2015, 37, 1473838115),
(257, 66, 'QUESTION_ANSWER', 5, '问题被回答 #37', 2005, 37, 1473838115),
(258, 64, 'NEW_QUESTION', -20, '发起问题 #38', 1995, 38, 1473838165),
(259, 64, 'ANSWER_QUESTION', -5, '回答问题 #36', 1990, 36, 1473838208),
(260, 65, 'QUESTION_ANSWER', 5, '问题被回答 #36', 2005, 36, 1473838208),
(261, 63, 'UPLOAD_AVATAR', 20, '上传头像', 2020, 0, 1473838273),
(262, 63, 'NEW_QUESTION', -20, '发起问题 #39', 2000, 39, 1473838434),
(263, 72, 'UPLOAD_AVATAR', 20, '上传头像', 2020, 0, 1473838477),
(264, 72, 'NEW_QUESTION', -20, '发起问题 #40', 2000, 40, 1473838527),
(265, 70, 'UPLOAD_AVATAR', 20, '上传头像', 2020, 0, 1473838575),
(266, 70, 'ANSWER_QUESTION', -5, '回答问题 #40', 2015, 40, 1473838611),
(267, 72, 'QUESTION_ANSWER', 5, '问题被回答 #40', 2005, 40, 1473838611),
(268, 70, 'NEW_QUESTION', -20, '发起问题 #41', 1995, 41, 1473838670),
(269, 71, 'UPLOAD_AVATAR', 20, '上传头像', 2020, 0, 1473838721),
(270, 71, 'ANSWER_QUESTION', -5, '回答问题 #41', 2015, 41, 1473838735),
(271, 70, 'QUESTION_ANSWER', 5, '问题被回答 #41', 2000, 41, 1473838735),
(272, 71, 'ANSWER_QUESTION', -5, '回答问题 #39', 2010, 39, 1473838783),
(273, 63, 'QUESTION_ANSWER', 5, '问题被回答 #39', 2005, 39, 1473838783),
(274, 71, 'NEW_QUESTION', -20, '发起问题 #42', 1990, 42, 1473838819),
(275, 71, 'ANSWER_QUESTION', -5, '回答问题 #35', 1985, 35, 1473838874),
(276, 67, 'QUESTION_ANSWER', 5, '问题被回答 #35', 2000, 35, 1473838874),
(277, 73, 'REGISTER', 2000, '初始资本', 2000, 0, 1473839001),
(278, 73, 'UPDATE_SIGNATURE', 10, '完善一句话介绍', 2010, 0, 1473839097),
(279, 73, 'UPLOAD_AVATAR', 20, '上传头像', 2030, 0, 1473839179),
(280, 73, 'ANSWER_QUESTION', -5, '回答问题 #35', 2025, 35, 1473840106),
(281, 67, 'QUESTION_ANSWER', 5, '问题被回答 #35', 2005, 35, 1473840106),
(282, 74, 'REGISTER', 2000, '初始资本', 2000, 0, 1473840188),
(283, 74, 'UPDATE_SIGNATURE', 10, '完善一句话介绍', 2010, 0, 1473840212),
(284, 74, 'UPLOAD_AVATAR', 20, '上传头像', 2030, 0, 1473840260),
(285, 74, 'ANSWER_QUESTION', -5, '回答问题 #42', 2025, 42, 1473840352),
(286, 71, 'QUESTION_ANSWER', 5, '问题被回答 #42', 1990, 42, 1473840352),
(287, 75, 'REGISTER', 2000, '初始资本', 2000, 0, 1473840527),
(288, 75, 'UPDATE_SIGNATURE', 10, '完善一句话介绍', 2010, 0, 1473840558),
(289, 75, 'UPLOAD_AVATAR', 20, '上传头像', 2030, 0, 1473840649),
(290, 75, 'ANSWER_QUESTION', -5, '回答问题 #36', 2025, 36, 1473840705),
(291, 65, 'QUESTION_ANSWER', 5, '问题被回答 #36', 2010, 36, 1473840705),
(292, 76, 'REGISTER', 2000, '初始资本', 2000, 0, 1473841320),
(293, 76, 'UPDATE_SIGNATURE', 10, '完善一句话介绍', 2010, 0, 1473841354),
(294, 76, 'UPLOAD_AVATAR', 20, '上传头像', 2030, 0, 1473841409),
(295, 76, 'ANSWER_QUESTION', -5, '回答问题 #37', 2025, 37, 1473841450),
(296, 66, 'QUESTION_ANSWER', 5, '问题被回答 #37', 2010, 37, 1473841450),
(297, 77, 'REGISTER', 2000, '初始资本', 2000, 0, 1473841594),
(298, 77, 'UPDATE_SIGNATURE', 10, '完善一句话介绍', 2010, 0, 1473841604),
(299, 77, 'UPLOAD_AVATAR', 20, '上传头像', 2030, 0, 1473841675),
(300, 78, 'REGISTER', 2000, '初始资本', 2000, 0, 1474178595),
(301, 78, 'UPDATE_SIGNATURE', 10, '完善一句话介绍', 2010, 0, 1474178618),
(302, 78, 'UPLOAD_AVATAR', 20, '上传头像', 2030, 0, 1474178712),
(303, 78, 'ANSWER_QUESTION', -5, '回答问题 #37', 2025, 37, 1474178755),
(304, 66, 'QUESTION_ANSWER', 5, '问题被回答 #37', 2015, 37, 1474178755),
(305, 79, 'REGISTER', 2000, '初始资本', 2000, 0, 1474178931),
(306, 79, 'UPDATE_SIGNATURE', 10, '完善一句话介绍', 2010, 0, 1474179150),
(307, 79, 'UPLOAD_AVATAR', 20, '上传头像', 2030, 0, 1474179197),
(308, 79, 'NEW_QUESTION', -20, '发起问题 #43', 2010, 43, 1474179427),
(309, 80, 'REGISTER', 2000, '初始资本', 2000, 0, 1474179585),
(310, 80, 'UPDATE_SIGNATURE', 10, '完善一句话介绍', 2010, 0, 1474179860),
(311, 80, 'UPLOAD_AVATAR', 20, '上传头像', 2030, 0, 1474180250),
(312, 81, 'REGISTER', 2000, '初始资本', 2000, 0, 1474180257),
(313, 82, 'REGISTER', 2000, '初始资本', 2000, 0, 1474180284),
(314, 83, 'REGISTER', 2000, '初始资本', 2000, 0, 1474180324),
(315, 81, 'UPLOAD_AVATAR', 20, '上传头像', 2020, 0, 1474180336),
(316, 84, 'REGISTER', 2000, '初始资本', 2000, 0, 1474180361),
(317, 85, 'REGISTER', 2000, '初始资本', 2000, 0, 1474180367),
(318, 81, 'NEW_QUESTION', -20, '发起问题 #44', 2000, 44, 1474180368),
(319, 85, 'UPDATE_SIGNATURE', 10, '完善一句话介绍', 2010, 0, 1474180373),
(320, 85, 'UPLOAD_AVATAR', 20, '上传头像', 2030, 0, 1474180422),
(321, 85, 'ANSWER_QUESTION', -5, '回答问题 #44', 2025, 44, 1474180455),
(322, 81, 'QUESTION_ANSWER', 5, '问题被回答 #44', 2005, 44, 1474180455),
(323, 86, 'REGISTER', 2000, '初始资本', 2000, 0, 1474180476),
(324, 87, 'REGISTER', 2000, '初始资本', 2000, 0, 1474180518),
(325, 82, 'UPLOAD_AVATAR', 20, '上传头像', 2020, 0, 1474180548),
(326, 88, 'REGISTER', 2000, '初始资本', 2000, 0, 1474180615),
(327, 89, 'REGISTER', 2000, '初始资本', 2000, 0, 1474180688),
(328, 90, 'REGISTER', 2000, '初始资本', 2000, 0, 1474180723),
(329, 91, 'REGISTER', 2000, '初始资本', 2000, 0, 1474180757),
(330, 82, 'NEW_QUESTION', -20, '发起问题 #45', 2000, 45, 1474180920),
(331, 82, 'ANSWER_QUESTION', -5, '回答问题 #43', 1995, 43, 1474180960),
(332, 79, 'QUESTION_ANSWER', 5, '问题被回答 #43', 2015, 43, 1474180960),
(333, 92, 'REGISTER', 2000, '初始资本', 2000, 0, 1474181128),
(334, 92, 'UPDATE_SIGNATURE', 10, '完善一句话介绍', 2010, 0, 1474181160),
(335, 83, 'UPLOAD_AVATAR', 20, '上传头像', 2020, 0, 1474181167),
(336, 91, 'UPLOAD_AVATAR', 20, '上传头像', 2020, 0, 1474181173),
(337, 83, 'NEW_QUESTION', -20, '发起问题 #46', 2000, 46, 1474181235),
(338, 92, 'UPLOAD_AVATAR', 20, '上传头像', 2030, 0, 1474181238),
(339, 91, 'ANSWER_QUESTION', -5, '回答问题 #45', 2015, 45, 1474181294),
(340, 82, 'QUESTION_ANSWER', 5, '问题被回答 #45', 2000, 45, 1474181294),
(341, 92, 'ANSWER_QUESTION', -5, '回答问题 #46', 2025, 46, 1474181333),
(342, 83, 'QUESTION_ANSWER', 5, '问题被回答 #46', 2005, 46, 1474181333),
(343, 93, 'REGISTER', 2000, '初始资本', 2000, 0, 1474181457),
(344, 84, 'UPLOAD_AVATAR', 20, '上传头像', 2020, 0, 1474181459),
(345, 93, 'UPDATE_SIGNATURE', 10, '完善一句话介绍', 2010, 0, 1474181483),
(346, 84, 'NEW_QUESTION', -20, '发起问题 #47', 2000, 47, 1474181639),
(347, 93, 'UPLOAD_AVATAR', 20, '上传头像', 2030, 0, 1474181692),
(348, 86, 'UPLOAD_AVATAR', 20, '上传头像', 2020, 0, 1474181696),
(349, 90, 'UPLOAD_AVATAR', 20, '上传头像', 2020, 0, 1474181706),
(350, 93, 'ANSWER_QUESTION', -5, '回答问题 #47', 2025, 47, 1474181735),
(351, 84, 'QUESTION_ANSWER', 5, '问题被回答 #47', 2005, 47, 1474181735),
(352, 86, 'NEW_QUESTION', -20, '发起问题 #48', 2000, 48, 1474181785),
(353, 87, 'UPLOAD_AVATAR', 20, '上传头像', 2020, 0, 1474181963),
(354, 87, 'NEW_QUESTION', -20, '发起问题 #49', 2000, 49, 1474182099),
(355, 90, 'ANSWER_QUESTION', -5, '回答问题 #47', 2015, 47, 1474182165),
(356, 84, 'QUESTION_ANSWER', 5, '问题被回答 #47', 2010, 47, 1474182165),
(357, 88, 'UPLOAD_AVATAR', 20, '上传头像', 2020, 0, 1474182255),
(358, 89, 'UPLOAD_AVATAR', 20, '上传头像', 2020, 0, 1474182276),
(359, 88, 'NEW_QUESTION', -20, '发起问题 #50', 2000, 50, 1474182516),
(360, 94, 'REGISTER', 2000, '初始资本', 2000, 0, 1474262665),
(361, 95, 'REGISTER', 2000, '初始资本', 2000, 0, 1474262718),
(362, 96, 'REGISTER', 2000, '初始资本', 2000, 0, 1474262827),
(363, 97, 'REGISTER', 2000, '初始资本', 2000, 0, 1474263006),
(364, 98, 'REGISTER', 2000, '初始资本', 2000, 0, 1474263010),
(365, 99, 'REGISTER', 2000, '初始资本', 2000, 0, 1474263110),
(366, 97, 'UPDATE_SIGNATURE', 10, '完善一句话介绍', 2010, 0, 1474263806),
(367, 100, 'REGISTER', 2000, '初始资本', 2000, 0, 1474263820),
(368, 101, 'REGISTER', 2000, '初始资本', 2000, 0, 1474263926),
(369, 97, 'UPLOAD_AVATAR', 20, '上传头像', 2030, 0, 1474264022),
(370, 102, 'REGISTER', 2000, '初始资本', 2000, 0, 1474264942),
(371, 103, 'REGISTER', 2000, '初始资本', 2000, 0, 1474264986),
(372, 104, 'REGISTER', 2000, '初始资本', 2000, 0, 1474265184),
(373, 95, 'UPLOAD_AVATAR', 20, '上传头像', 2020, 0, 1474265231),
(374, 95, 'NEW_QUESTION', -20, '发起问题 #51', 2000, 51, 1474265625),
(375, 96, 'UPLOAD_AVATAR', 20, '上传头像', 2020, 0, 1474265714),
(376, 96, 'NEW_QUESTION', -20, '发起问题 #52', 2000, 52, 1474265852),
(377, 105, 'REGISTER', 2000, '初始资本', 2000, 0, 1474265854),
(378, 105, 'UPDATE_SIGNATURE', 10, '完善一句话介绍', 2010, 0, 1474265886),
(379, 105, 'UPLOAD_AVATAR', 20, '上传头像', 2030, 0, 1474265965),
(380, 94, 'UPLOAD_AVATAR', 20, '上传头像', 2020, 0, 1474265977),
(381, 105, 'ANSWER_QUESTION', -5, '回答问题 #52', 2025, 52, 1474266022),
(382, 96, 'QUESTION_ANSWER', 5, '问题被回答 #52', 2005, 52, 1474266022),
(383, 94, 'NEW_QUESTION', -20, '发起问题 #53', 2000, 53, 1474266033),
(384, 105, 'ANSWER_QUESTION', -5, '回答问题 #51', 2020, 51, 1474266040),
(385, 95, 'QUESTION_ANSWER', 5, '问题被回答 #51', 2005, 51, 1474266040),
(386, 98, 'UPLOAD_AVATAR', 20, '上传头像', 2020, 0, 1474266068),
(387, 98, 'NEW_QUESTION', -20, '发起问题 #54', 2000, 54, 1474266104),
(388, 99, 'UPLOAD_AVATAR', 20, '上传头像', 2020, 0, 1474266860),
(389, 99, 'NEW_QUESTION', -20, '发起问题 #55', 2000, 55, 1474267055),
(390, 101, 'UPLOAD_AVATAR', 20, '上传头像', 2020, 0, 1474267206),
(391, 101, 'NEW_QUESTION', -20, '发起问题 #56', 2000, 56, 1474267271),
(392, 103, 'UPLOAD_AVATAR', 20, '上传头像', 2020, 0, 1474267370),
(393, 103, 'NEW_QUESTION', -20, '发起问题 #57', 2000, 57, 1474267439),
(394, 104, 'UPLOAD_AVATAR', 20, '上传头像', 2020, 0, 1474267496),
(395, 104, 'NEW_QUESTION', -20, '发起问题 #58', 2000, 58, 1474267561),
(396, 106, 'REGISTER', 2000, '初始资本', 2000, 0, 1474270622),
(397, 106, 'UPDATE_SIGNATURE', 10, '完善一句话介绍', 2010, 0, 1474270665),
(398, 106, 'UPLOAD_AVATAR', 20, '上传头像', 2030, 0, 1474270712),
(399, 106, 'ANSWER_QUESTION', -5, '回答问题 #56', 2025, 56, 1474271369),
(400, 101, 'QUESTION_ANSWER', 5, '问题被回答 #56', 2005, 56, 1474271369),
(401, 106, 'ANSWER_QUESTION', -5, '回答问题 #54', 2020, 54, 1474271388),
(402, 98, 'QUESTION_ANSWER', 5, '问题被回答 #54', 2005, 54, 1474271388),
(403, 107, 'REGISTER', 2000, '初始资本', 2000, 0, 1474272627),
(404, 107, 'UPDATE_SIGNATURE', 10, '完善一句话介绍', 2010, 0, 1474272676),
(405, 107, 'UPLOAD_AVATAR', 20, '上传头像', 2030, 0, 1474272784),
(406, 108, 'REGISTER', 2000, '初始资本', 2000, 0, 1474273064),
(407, 109, 'REGISTER', 2000, '初始资本', 2000, 0, 1474350431),
(408, 109, 'UPDATE_SIGNATURE', 10, '完善一句话介绍', 2010, 0, 1474351021),
(409, 109, 'ANSWER_QUESTION', -5, '回答问题 #54', 2005, 54, 1474351766),
(410, 98, 'QUESTION_ANSWER', 5, '问题被回答 #54', 2010, 54, 1474351766),
(411, 109, 'UPLOAD_AVATAR', 20, '上传头像', 2025, 0, 1474351875),
(412, 110, 'REGISTER', 2000, '初始资本', 2000, 0, 1474355172),
(413, 102, 'UPLOAD_AVATAR', 20, '上传头像', 2020, 0, 1474355426),
(414, 102, 'NEW_QUESTION', -20, '发起问题 #59', 2000, 59, 1474355565),
(415, 111, 'REGISTER', 2000, '初始资本', 2000, 0, 1474355578),
(416, 48, 'UPLOAD_AVATAR', 20, '上传头像', 2020, 0, 1474355681),
(417, 112, 'REGISTER', 2000, '初始资本', 2000, 0, 1474355929),
(418, 113, 'REGISTER', 2000, '初始资本', 2000, 0, 1474355938),
(419, 113, 'UPDATE_SIGNATURE', 10, '完善一句话介绍', 2010, 0, 1474355945),
(420, 48, 'NEW_QUESTION', -20, '发起问题 #60', 2000, 60, 1474355945),
(421, 48, 'QUESTION_THANKS', -10, '感谢问题 #59', 1990, 59, 1474355981),
(422, 102, 'THANKS_QUESTION', 10, '问题被感谢 #59', 2010, 59, 1474355981),
(423, 113, 'UPLOAD_AVATAR', 20, '上传头像', 2030, 0, 1474356006),
(424, 113, 'ANSWER_QUESTION', -5, '回答问题 #60', 2025, 60, 1474356043),
(425, 48, 'QUESTION_ANSWER', 5, '问题被回答 #60', 1995, 60, 1474356043),
(426, 100, 'UPLOAD_AVATAR', 20, '上传头像', 2020, 0, 1474356105),
(427, 114, 'REGISTER', 2000, '初始资本', 2000, 0, 1474356123),
(428, 115, 'REGISTER', 2000, '初始资本', 2000, 0, 1474356681),
(429, 100, 'NEW_QUESTION', -20, '发起问题 #61', 2000, 61, 1474356744),
(430, 116, 'REGISTER', 2000, '初始资本', 2000, 0, 1474357583),
(432, 118, 'REGISTER', 2000, '初始资本', 2000, 0, 1474357866),
(433, 118, 'UPDATE_SIGNATURE', 10, '完善一句话介绍', 2010, 0, 1474357880),
(434, 118, 'ANSWER_QUESTION', -5, '回答问题 #61', 2005, 61, 1474357897),
(435, 100, 'QUESTION_ANSWER', 5, '问题被回答 #61', 2005, 61, 1474357897),
(436, 118, 'UPLOAD_AVATAR', 20, '上传头像', 2025, 0, 1474357953),
(437, 112, 'UPLOAD_AVATAR', 20, '上传头像', 2020, 0, 1474358266),
(438, 112, 'NEW_QUESTION', -20, '发起问题 #62', 2000, 62, 1474358480),
(439, 119, 'REGISTER', 2000, '初始资本', 2000, 0, 1474358529),
(440, 111, 'UPLOAD_AVATAR', 20, '上传头像', 2020, 0, 1474358575),
(441, 111, 'NEW_QUESTION', -20, '发起问题 #63', 2000, 63, 1474358884),
(442, 110, 'UPLOAD_AVATAR', 20, '上传头像', 2020, 0, 1474358935),
(443, 120, 'REGISTER', 2000, '初始资本', 2000, 0, 1474359103),
(444, 121, 'REGISTER', 2000, '初始资本', 2000, 0, 1474360193),
(445, 121, 'UPDATE_SIGNATURE', 10, '完善一句话介绍', 2010, 0, 1474360220),
(446, 121, 'UPLOAD_AVATAR', 20, '上传头像', 2030, 0, 1474360263),
(447, 122, 'REGISTER', 2000, '初始资本', 2000, 0, 1474360412),
(448, 123, 'REGISTER', 2000, '初始资本', 2000, 0, 1474360454),
(449, 110, 'NEW_QUESTION', -20, '发起问题 #64', 2000, 64, 1474361180),
(450, 116, 'UPLOAD_AVATAR', 20, '上传头像', 2020, 0, 1474361272),
(451, 116, 'NEW_QUESTION', -20, '发起问题 #65', 2000, 65, 1474361317),
(452, 115, 'UPLOAD_AVATAR', 20, '上传头像', 2020, 0, 1474361452),
(453, 115, 'NEW_QUESTION', -20, '发起问题 #66', 2000, 66, 1474361513),
(454, 114, 'UPLOAD_AVATAR', 20, '上传头像', 2020, 0, 1474361677),
(455, 123, 'UPLOAD_AVATAR', 20, '上传头像', 2020, 0, 1474361785),
(456, 124, 'REGISTER', 2000, '初始资本', 2000, 0, 1474361814),
(457, 114, 'NEW_QUESTION', -20, '发起问题 #67', 2000, 67, 1474361847),
(458, 124, 'UPDATE_SIGNATURE', 10, '完善一句话介绍', 2010, 0, 1474361906),
(459, 123, 'ANSWER_QUESTION', -5, '回答问题 #67', 2015, 67, 1474361970),
(460, 114, 'QUESTION_ANSWER', 5, '问题被回答 #67', 2005, 67, 1474361970),
(461, 124, 'UPLOAD_AVATAR', 20, '上传头像', 2030, 0, 1474361986),
(462, 120, 'UPLOAD_AVATAR', 20, '上传头像', 2020, 0, 1474361988),
(463, 123, 'QUESTION_THANKS', -10, '感谢问题 #67', 2005, 67, 1474361990),
(464, 114, 'THANKS_QUESTION', 10, '问题被感谢 #67', 2015, 67, 1474361990),
(465, 124, 'ANSWER_QUESTION', -5, '回答问题 #67', 2025, 67, 1474362012),
(466, 114, 'QUESTION_ANSWER', 5, '问题被回答 #67', 2020, 67, 1474362012),
(467, 123, 'ANSWER_QUESTION', -5, '回答问题 #66', 2000, 66, 1474362056),
(468, 115, 'QUESTION_ANSWER', 5, '问题被回答 #66', 2005, 66, 1474362056),
(469, 124, 'ANSWER_QUESTION', -5, '回答问题 #66', 2020, 66, 1474362090),
(470, 115, 'QUESTION_ANSWER', 5, '问题被回答 #66', 2010, 66, 1474362090),
(471, 124, 'ANSWER_QUESTION', -5, '回答问题 #65', 2015, 65, 1474362128),
(472, 116, 'QUESTION_ANSWER', 5, '问题被回答 #65', 2005, 65, 1474362128),
(473, 120, 'NEW_QUESTION', -20, '发起问题 #68', 2000, 68, 1474362136),
(474, 122, 'UPLOAD_AVATAR', 20, '上传头像', 2020, 0, 1474362326),
(475, 119, 'UPLOAD_AVATAR', 20, '上传头像', 2020, 0, 1474362345),
(476, 122, 'ANSWER_QUESTION', -5, '回答问题 #68', 2015, 68, 1474362671),
(477, 120, 'QUESTION_ANSWER', 5, '问题被回答 #68', 2005, 68, 1474362671),
(478, 119, 'NEW_QUESTION', -20, '发起问题 #69', 2000, 69, 1474362764),
(479, 119, 'ANSWER_QUESTION', -5, '回答问题 #64', 1995, 64, 1474362795),
(480, 110, 'QUESTION_ANSWER', 5, '问题被回答 #64', 2005, 64, 1474362795),
(481, 119, 'ANSWER_QUESTION', -5, '回答问题 #62', 1990, 62, 1474362828),
(482, 112, 'QUESTION_ANSWER', 5, '问题被回答 #62', 2005, 62, 1474362828),
(483, 108, 'UPDATE_SIGNATURE', 10, '完善一句话介绍', 2010, 0, 1474437765),
(484, 108, 'UPLOAD_AVATAR', 20, '上传头像', 2030, 0, 1474437834),
(485, 108, 'ANSWER_QUESTION', -5, '回答问题 #62', 2025, 62, 1474437873),
(486, 112, 'QUESTION_ANSWER', 5, '问题被回答 #62', 2010, 62, 1474437873),
(487, 125, 'REGISTER', 2000, '初始资本', 2000, 0, 1474438142),
(488, 125, 'UPDATE_SIGNATURE', 10, '完善一句话介绍', 2010, 0, 1474438166),
(489, 125, 'UPLOAD_AVATAR', 20, '上传头像', 2030, 0, 1474438335),
(490, 126, 'REGISTER', 2000, '初始资本', 2000, 0, 1474439229),
(491, 126, 'UPDATE_SIGNATURE', 10, '完善一句话介绍', 2010, 0, 1474439262),
(492, 126, 'UPLOAD_AVATAR', 20, '上传头像', 2030, 0, 1474439354),
(493, 127, 'REGISTER', 2000, '初始资本', 2000, 0, 1474440168),
(494, 127, 'UPDATE_SIGNATURE', 10, '完善一句话介绍', 2010, 0, 1474440380),
(495, 127, 'UPLOAD_AVATAR', 20, '上传头像', 2030, 0, 1474440406),
(496, 128, 'REGISTER', 2000, '初始资本', 2000, 0, 1474447759),
(497, 128, 'UPDATE_SIGNATURE', 10, '完善一句话介绍', 2010, 0, 1474447826),
(498, 128, 'UPLOAD_AVATAR', 20, '上传头像', 2030, 0, 1474447903),
(499, 129, 'REGISTER', 2000, '初始资本', 2000, 0, 1474448026),
(500, 129, 'UPDATE_SIGNATURE', 10, '完善一句话介绍', 2010, 0, 1474448049),
(501, 129, 'UPLOAD_AVATAR', 20, '上传头像', 2030, 0, 1474448089),
(502, 130, 'REGISTER', 2000, '初始资本', 2000, 0, 1474526791),
(503, 130, 'UPDATE_SIGNATURE', 10, '完善一句话介绍', 2010, 0, 1474526850),
(504, 130, 'UPLOAD_AVATAR', 20, '上传头像', 2030, 0, 1474526923),
(505, 131, 'REGISTER', 2000, '初始资本', 2000, 0, 1474529406),
(506, 131, 'UPDATE_SIGNATURE', 10, '完善一句话介绍', 2010, 0, 1474529438),
(507, 132, 'REGISTER', 2000, '初始资本', 2000, 0, 1474529919),
(508, 131, 'UPLOAD_AVATAR', 20, '上传头像', 2030, 0, 1474530343),
(509, 133, 'REGISTER', 2000, '初始资本', 2000, 0, 1474532590),
(510, 133, 'UPDATE_SIGNATURE', 10, '完善一句话介绍', 2010, 0, 1474532621),
(511, 133, 'UPLOAD_AVATAR', 20, '上传头像', 2030, 0, 1474532792),
(512, 134, 'REGISTER', 2000, '初始资本', 2000, 0, 1474532976),
(513, 134, 'UPDATE_SIGNATURE', 10, '完善一句话介绍', 2010, 0, 1474533014),
(514, 134, 'UPLOAD_AVATAR', 20, '上传头像', 2030, 0, 1474533366),
(515, 132, 'UPDATE_SIGNATURE', 10, '完善一句话介绍', 2010, 0, 1474533982),
(516, 132, 'UPLOAD_AVATAR', 20, '上传头像', 2030, 0, 1474534097),
(517, 135, 'REGISTER', 2000, '初始资本', 2000, 0, 1474616034),
(518, 135, 'UPDATE_SIGNATURE', 10, '完善一句话介绍', 2010, 0, 1474616129),
(519, 135, 'UPLOAD_AVATAR', 20, '上传头像', 2030, 0, 1474616237),
(520, 135, 'NEW_QUESTION', -20, '发起问题 #70', 2010, 70, 1474616351),
(521, 136, 'REGISTER', 2000, '初始资本', 2000, 0, 1474617625),
(522, 136, 'UPDATE_SIGNATURE', 10, '完善一句话介绍', 2010, 0, 1474617664),
(523, 136, 'UPLOAD_AVATAR', 20, '上传头像', 2030, 0, 1474618698),
(524, 137, 'REGISTER', 2000, '初始资本', 2000, 0, 1474619849),
(525, 137, 'UPDATE_SIGNATURE', 10, '完善一句话介绍', 2010, 0, 1474619875),
(526, 137, 'UPLOAD_AVATAR', 20, '上传头像', 2030, 0, 1474619963),
(527, 2, 'ANSWER_QUESTION', -5, '回答问题 #31', 2185, 31, 1474868303),
(528, 49, 'QUESTION_ANSWER', 5, '问题被回答 #31', 2035, 31, 1474868303),
(529, 138, 'REGISTER', 2000, '初始资本', 2000, 0, 1474871074),
(530, 138, 'UPDATE_SIGNATURE', 10, '完善一句话介绍', 2010, 0, 1474871750),
(531, 138, 'UPLOAD_AVATAR', 20, '上传头像', 2030, 0, 1474871966),
(532, 139, 'REGISTER', 2000, '初始资本', 2000, 0, 1474872077),
(533, 139, 'UPDATE_SIGNATURE', 10, '完善一句话介绍', 2010, 0, 1474872854),
(534, 139, 'UPLOAD_AVATAR', 20, '上传头像', 2030, 0, 1474872912),
(535, 139, 'NEW_QUESTION', -20, '发起问题 #71', 2010, 71, 1474872971),
(536, 140, 'REGISTER', 2000, '初始资本', 2000, 0, 1474876239),
(537, 140, 'UPDATE_SIGNATURE', 10, '完善一句话介绍', 2010, 0, 1474876275),
(538, 140, 'UPLOAD_AVATAR', 20, '上传头像', 2030, 0, 1474876417),
(539, 141, 'REGISTER', 2000, '初始资本', 2000, 0, 1474881004),
(540, 141, 'UPDATE_SIGNATURE', 10, '完善一句话介绍', 2010, 0, 1474881041),
(541, 141, 'UPLOAD_AVATAR', 20, '上传头像', 2030, 0, 1474881092),
(542, 142, 'REGISTER', 2000, '初始资本', 2000, 0, 1474959222),
(543, 142, 'UPDATE_SIGNATURE', 10, '完善一句话介绍', 2010, 0, 1474959243),
(544, 142, 'UPLOAD_AVATAR', 20, '上传头像', 2030, 0, 1474959610),
(545, 142, 'NEW_QUESTION', -20, '发起问题 #72', 2010, 72, 1474959671),
(546, 143, 'REGISTER', 2000, '初始资本', 2000, 0, 1474959767),
(547, 144, 'REGISTER', 2000, '初始资本', 2000, 0, 1475048838),
(548, 144, 'UPDATE_SIGNATURE', 10, '完善一句话介绍', 2010, 0, 1475048866),
(549, 144, 'UPLOAD_AVATAR', 20, '上传头像', 2030, 0, 1475048964),
(550, 145, 'REGISTER', 2000, '初始资本', 2000, 0, 1475049101),
(551, 145, 'UPDATE_SIGNATURE', 10, '完善一句话介绍', 2010, 0, 1475049128),
(552, 145, 'UPLOAD_AVATAR', 20, '上传头像', 2030, 0, 1475049204),
(553, 146, 'REGISTER', 2000, '初始资本', 2000, 0, 1475049283),
(554, 146, 'UPDATE_SIGNATURE', 10, '完善一句话介绍', 2010, 0, 1475049301),
(555, 146, 'UPLOAD_AVATAR', 20, '上传头像', 2030, 0, 1475049328),
(556, 147, 'REGISTER', 2000, '初始资本', 2000, 0, 1475049403),
(557, 148, 'REGISTER', 2000, '初始资本', 2000, 0, 1475050117),
(558, 147, 'UPDATE_SIGNATURE', 10, '完善一句话介绍', 2010, 0, 1475050175),
(559, 147, 'UPLOAD_AVATAR', 20, '上传头像', 2030, 0, 1475050213),
(560, 148, 'UPDATE_SIGNATURE', 10, '完善一句话介绍', 2010, 0, 1475050254),
(561, 148, 'UPLOAD_AVATAR', 20, '上传头像', 2030, 0, 1475050281),
(562, 149, 'REGISTER', 2000, '初始资本', 2000, 0, 1475050289),
(563, 150, 'REGISTER', 2000, '初始资本', 2000, 0, 1475050335),
(564, 151, 'REGISTER', 2000, '初始资本', 2000, 0, 1475050750),
(565, 152, 'REGISTER', 2000, '初始资本', 2000, 0, 1475051231),
(566, 153, 'REGISTER', 2000, '初始资本', 2000, 0, 1475051331),
(567, 149, 'UPLOAD_AVATAR', 20, '上传头像', 2020, 0, 1475052038),
(568, 154, 'REGISTER', 2000, '初始资本', 2000, 0, 1475217234),
(569, 154, 'UPDATE_SIGNATURE', 10, '完善一句话介绍', 2010, 0, 1475217265),
(570, 154, 'UPLOAD_AVATAR', 20, '上传头像', 2030, 0, 1475217405),
(571, 155, 'REGISTER', 2000, '初始资本', 2000, 0, 1475217688),
(572, 155, 'UPDATE_SIGNATURE', 10, '完善一句话介绍', 2010, 0, 1475217756),
(573, 156, 'REGISTER', 2000, '初始资本', 2000, 0, 1475218553),
(574, 155, 'UPLOAD_AVATAR', 20, '上传头像', 2030, 0, 1475218691),
(575, 156, 'UPDATE_SIGNATURE', 10, '完善一句话介绍', 2010, 0, 1475219245),
(576, 156, 'UPLOAD_AVATAR', 20, '上传头像', 2030, 0, 1475219326),
(577, 157, 'REGISTER', 2000, '初始资本', 2000, 0, 1475221273),
(578, 157, 'UPDATE_SIGNATURE', 10, '完善一句话介绍', 2010, 0, 1475221320),
(579, 1, 'BEST_ANSWER', 200, '问题 #29 最佳回复', 2200, 0, 1475974574);

-- --------------------------------------------------------

--
-- 表的结构 `xh_invitation`
--

CREATE TABLE IF NOT EXISTS `xh_invitation` (
  `invitation_id` int(10) unsigned NOT NULL AUTO_INCREMENT COMMENT '激活ID',
  `uid` int(11) DEFAULT '0' COMMENT '用户ID',
  `invitation_code` varchar(32) DEFAULT NULL COMMENT '激活码',
  `invitation_email` varchar(255) DEFAULT NULL COMMENT '激活email',
  `add_time` int(10) DEFAULT NULL COMMENT '添加时间',
  `add_ip` bigint(12) DEFAULT NULL COMMENT '添加IP',
  `active_expire` tinyint(1) DEFAULT '0' COMMENT '激活过期',
  `active_time` int(10) DEFAULT NULL COMMENT '激活时间',
  `active_ip` bigint(12) DEFAULT NULL COMMENT '激活IP',
  `active_status` tinyint(4) DEFAULT '0' COMMENT '1已使用0未使用-1已删除',
  `active_uid` int(11) DEFAULT NULL,
  PRIMARY KEY (`invitation_id`),
  KEY `uid` (`uid`),
  KEY `invitation_code` (`invitation_code`),
  KEY `invitation_email` (`invitation_email`),
  KEY `active_time` (`active_time`),
  KEY `active_ip` (`active_ip`),
  KEY `active_status` (`active_status`)
) ENGINE=InnoDB DEFAULT CHARSET=utf8 AUTO_INCREMENT=1 ;

-- --------------------------------------------------------

--
-- 表的结构 `xh_jobs`
--

CREATE TABLE IF NOT EXISTS `xh_jobs` (
  `id` int(11) NOT NULL AUTO_INCREMENT,
  `job_name` varchar(64) DEFAULT NULL COMMENT '职位名',
  PRIMARY KEY (`id`)
) ENGINE=InnoDB  DEFAULT CHARSET=utf8 AUTO_INCREMENT=39 ;

--
-- 转存表中的数据 `xh_jobs`
--

INSERT INTO `xh_jobs` (`id`, `job_name`) VALUES
(1, '销售'),
(2, '市场/市场拓展/公关'),
(3, '商务/采购/贸易'),
(4, '计算机软、硬件/互联网/IT'),
(5, '电子/半导体/仪表仪器'),
(6, '通信技术'),
(7, '客户服务/技术支持'),
(8, '行政/后勤'),
(9, '人力资源'),
(10, '高级管理'),
(11, '生产/加工/制造'),
(12, '质控/安检'),
(13, '工程机械'),
(14, '技工'),
(15, '财会/审计/统计'),
(16, '金融/银行/保险/证券/投资'),
(17, '建筑/房地产/装修/物业'),
(18, '交通/仓储/物流'),
(19, '普通劳动力/家政服务'),
(20, '零售业'),
(21, '教育/培训'),
(22, '咨询/顾问'),
(23, '学术/科研'),
(24, '法律'),
(25, '美术/设计/创意'),
(26, '编辑/文案/传媒/影视/新闻'),
(27, '酒店/餐饮/旅游/娱乐'),
(28, '化工'),
(29, '能源/矿产/地质勘查'),
(30, '医疗/护理/保健/美容'),
(31, '生物/制药/医疗器械'),
(32, '翻译（口译与笔译）'),
(33, '公务员'),
(34, '环境科学/环保'),
(35, '农/林/牧/渔业'),
(36, '兼职/临时/培训生/储备干部'),
(37, '在校学生'),
(38, '其他');

-- --------------------------------------------------------

--
-- 表的结构 `xh_mail_queue`
--

CREATE TABLE IF NOT EXISTS `xh_mail_queue` (
  `id` int(11) NOT NULL AUTO_INCREMENT,
  `send_to` varchar(255) NOT NULL,
  `subject` varchar(255) NOT NULL,
  `message` text NOT NULL,
  `is_error` tinyint(1) NOT NULL DEFAULT '0',
  `error_message` varchar(255) DEFAULT NULL,
  PRIMARY KEY (`id`),
  KEY `is_error` (`is_error`),
  KEY `send_to` (`send_to`)
) ENGINE=InnoDB DEFAULT CHARSET=utf8 AUTO_INCREMENT=1 ;

-- --------------------------------------------------------

--
-- 表的结构 `xh_nav_menu`
--

CREATE TABLE IF NOT EXISTS `xh_nav_menu` (
  `id` int(11) unsigned NOT NULL AUTO_INCREMENT,
  `title` varchar(128) DEFAULT NULL,
  `description` varchar(255) DEFAULT NULL,
  `type` varchar(16) DEFAULT NULL,
  `type_id` int(11) DEFAULT '0',
  `link` varchar(255) DEFAULT NULL COMMENT '链接',
  `icon` varchar(255) DEFAULT NULL COMMENT '图标',
  `sort` smallint(6) DEFAULT '0' COMMENT '排序',
  PRIMARY KEY (`id`),
  KEY `parent_id` (`link`)
) ENGINE=InnoDB  DEFAULT CHARSET=utf8 AUTO_INCREMENT=17 ;

--
-- 转存表中的数据 `xh_nav_menu`
--

INSERT INTO `xh_nav_menu` (`id`, `title`, `description`, `type`, `type_id`, `link`, `icon`, `sort`) VALUES
(13, '嘻哈号外', '', 'category', 11, NULL, '13.jpg', 99),
(14, '学员圈', '', 'category', 5, NULL, '14.jpg', 99),
(15, '教练圈', '', 'category', 6, NULL, '15.jpg', 99),
(16, '自学直考', '', 'category', 10, NULL, '16.jpg', 99);

-- --------------------------------------------------------

--
-- 表的结构 `xh_notification`
--

CREATE TABLE IF NOT EXISTS `xh_notification` (
  `notification_id` int(11) NOT NULL AUTO_INCREMENT COMMENT '自增ID',
  `sender_uid` int(11) DEFAULT NULL COMMENT '发送者ID',
  `recipient_uid` int(11) DEFAULT '0' COMMENT '接收者ID',
  `action_type` int(4) DEFAULT NULL COMMENT '操作类型',
  `model_type` smallint(11) NOT NULL DEFAULT '0',
  `source_id` varchar(16) NOT NULL DEFAULT '0' COMMENT '关联 ID',
  `add_time` int(10) DEFAULT NULL COMMENT '添加时间',
  `read_flag` tinyint(1) DEFAULT '0' COMMENT '阅读状态',
  PRIMARY KEY (`notification_id`),
  KEY `recipient_read_flag` (`recipient_uid`,`read_flag`),
  KEY `sender_uid` (`sender_uid`),
  KEY `model_type` (`model_type`),
  KEY `source_id` (`source_id`),
  KEY `action_type` (`action_type`),
  KEY `add_time` (`add_time`)
) ENGINE=InnoDB  DEFAULT CHARSET=utf8 COMMENT='系统通知' AUTO_INCREMENT=195 ;

--
-- 转存表中的数据 `xh_notification`
--

INSERT INTO `xh_notification` (`notification_id`, `sender_uid`, `recipient_uid`, `action_type`, `model_type`, `source_id`, `add_time`, `read_flag`) VALUES
(4, 6, 5, 106, 1, '3', 1472713647, 0),
(5, 1, 5, 107, 1, '1', 1472713759, 0),
(6, 1, 5, 102, 1, '3', 1472713851, 0),
(8, 7, 6, 102, 1, '4', 1472714850, 0),
(10, 7, 5, 102, 1, '3', 1472714892, 0),
(11, 4, 7, 102, 1, '5', 1472715181, 0),
(13, 9, 5, 102, 1, '3', 1472715798, 0),
(14, 9, 7, 102, 1, '3', 1472715798, 0),
(17, 10, 9, 102, 1, '8', 1472716247, 0),
(18, 11, 5, 107, 1, '1', 1472717407, 0),
(19, 11, 4, 107, 1, '5', 1472717421, 0),
(20, 11, 10, 107, 1, '8', 1472718950, 0),
(21, 11, 10, 107, 1, '8', 1472718953, 0),
(22, 11, 10, 107, 1, '8', 1472718954, 0),
(23, 11, 10, 107, 1, '8', 1472718957, 0),
(24, 1, 7, 101, 4, '1', 1472742167, 0),
(25, 1, 7, 107, 1, '4', 1472742404, 0),
(26, 1, 7, 107, 1, '4', 1472742406, 0),
(27, 1, 7, 107, 1, '4', 1472742408, 0),
(28, 1, 9, 102, 1, '8', 1473064312, 0),
(29, 1, 10, 102, 1, '8', 1473064312, 0),
(30, 1, 10, 107, 1, '8', 1473064314, 0),
(31, 13, 12, 102, 1, '10', 1473149638, 0),
(32, 14, 12, 102, 1, '10', 1473150029, 0),
(33, 14, 13, 102, 1, '10', 1473150029, 0),
(35, 15, 14, 102, 1, '11', 1473150320, 0),
(36, 15, 14, 107, 1, '11', 1473150323, 0),
(37, 18, 17, 102, 1, '12', 1473150752, 0),
(38, 20, 12, 101, 4, '20', 1473151188, 0),
(39, 28, 27, 102, 1, '16', 1473214518, 0),
(41, 29, 31, 102, 1, '18', 1473225883, 0),
(42, 1, 29, 107, 1, '18', 1473227953, 0),
(43, 21, 29, 102, 1, '17', 1473231124, 0),
(44, 34, 29, 114, 1, '17', 1473231480, 0),
(45, 35, 34, 102, 1, '20', 1473232135, 0),
(46, 37, 24, 102, 1, '15', 1473232534, 0),
(48, 1, 39, 107, 1, '23', 1473237677, 0),
(50, 43, 35, 107, 1, '20', 1473318873, 0),
(51, 43, 35, 101, 4, '43', 1473318875, 0),
(52, 1, 7, 107, 1, '4', 1473413489, 0),
(53, 1, 42, 102, 1, '29', 1473665857, 0),
(54, 41, 1, 117, 8, '5', 1473666167, 1),
(55, 41, 1, 102, 1, '29', 1473666199, 1),
(56, 41, 42, 102, 1, '29', 1473666199, 0),
(57, 41, 1, 117, 8, '7', 1473666231, 1),
(58, 41, 40, 102, 1, '30', 1473666296, 1),
(59, 12, 41, 107, 1, '29', 1473671371, 0),
(60, 12, 1, 107, 1, '29', 1473671372, 1),
(61, 12, 1, 102, 1, '29', 1473671385, 1),
(62, 12, 41, 102, 1, '29', 1473671385, 0),
(63, 12, 42, 102, 1, '29', 1473671385, 0),
(64, 12, 40, 102, 1, '30', 1473671476, 1),
(65, 12, 41, 102, 1, '30', 1473671476, 0),
(66, 12, 49, 102, 1, '31', 1473671594, 0),
(67, 12, 42, 101, 4, '12', 1473671649, 0),
(68, 12, 40, 101, 4, '12', 1473671667, 1),
(69, 12, 49, 101, 4, '12', 1473671675, 0),
(70, 12, 44, 102, 1, '25', 1473671739, 0),
(71, 12, 44, 101, 4, '12', 1473671751, 0),
(72, 12, 35, 102, 1, '21', 1473671798, 1),
(73, 12, 35, 101, 4, '12', 1473671807, 0),
(74, 14, 12, 107, 1, '21', 1473671870, 0),
(75, 14, 12, 107, 1, '25', 1473671878, 0),
(76, 14, 12, 107, 1, '30', 1473671894, 0),
(77, 14, 12, 107, 1, '21', 1473671987, 0),
(78, 14, 12, 102, 1, '21', 1473671995, 0),
(79, 14, 35, 102, 1, '21', 1473671995, 1),
(80, 18, 12, 107, 1, '21', 1473672027, 0),
(81, 18, 14, 107, 1, '21', 1473672029, 0),
(82, 18, 12, 102, 1, '21', 1473672053, 0),
(83, 18, 14, 102, 1, '21', 1473672053, 0),
(84, 18, 35, 102, 1, '21', 1473672053, 1),
(85, 18, 12, 107, 1, '25', 1473672058, 0),
(86, 18, 12, 107, 1, '31', 1473672091, 0),
(87, 18, 12, 102, 1, '31', 1473672128, 0),
(88, 18, 49, 102, 1, '31', 1473672128, 0),
(89, 18, 12, 107, 1, '30', 1473672137, 0),
(90, 18, 41, 107, 1, '30', 1473672138, 0),
(91, 18, 1, 102, 1, '29', 1473672188, 1),
(92, 18, 12, 102, 1, '29', 1473672188, 0),
(93, 18, 41, 102, 1, '29', 1473672188, 0),
(94, 18, 42, 102, 1, '29', 1473672188, 0),
(95, 18, 1, 107, 1, '29', 1473672190, 1),
(96, 18, 41, 107, 1, '29', 1473672191, 0),
(97, 18, 12, 107, 1, '29', 1473672192, 0),
(98, 20, 1, 107, 1, '29', 1473672225, 1),
(99, 20, 41, 107, 1, '29', 1473672226, 0),
(100, 20, 18, 107, 1, '29', 1473672229, 0),
(101, 20, 18, 105, 1, '29', 1473672247, 0),
(102, 20, 12, 107, 1, '31', 1473672255, 0),
(103, 20, 12, 107, 1, '21', 1473672262, 0),
(104, 20, 12, 107, 1, '30', 1473672269, 0),
(105, 21, 1, 107, 1, '29', 1473672296, 1),
(106, 21, 12, 107, 1, '29', 1473672299, 0),
(107, 21, 18, 105, 1, '29', 1473672314, 0),
(108, 21, 18, 105, 1, '29', 1473672342, 0),
(109, 21, 12, 107, 1, '30', 1473672354, 0),
(110, 21, 12, 107, 1, '31', 1473672376, 0),
(111, 21, 12, 107, 1, '21', 1473672383, 0),
(112, 21, 12, 107, 1, '25', 1473672388, 0),
(113, 35, 1, 107, 1, '29', 1473672453, 1),
(114, 35, 42, 101, 4, '35', 1473672455, 0),
(115, 35, 12, 107, 1, '31', 1473672464, 0),
(116, 35, 12, 107, 1, '21', 1473673039, 0),
(117, 35, 12, 105, 1, '21', 1473673062, 0),
(118, 36, 1, 107, 1, '29', 1473673258, 1),
(119, 36, 12, 107, 1, '31', 1473673265, 0),
(120, 36, 12, 107, 1, '31', 1473673315, 0),
(121, 36, 1, 107, 1, '29', 1473673321, 1),
(122, 36, 12, 107, 1, '21', 1473673326, 0),
(123, 36, 12, 107, 1, '25', 1473673330, 0),
(124, 36, 12, 107, 1, '31', 1473673807, 0),
(125, 36, 12, 107, 1, '25', 1473673816, 0),
(126, 2, 1, 107, 1, '29', 1473739044, 1),
(127, 2, 12, 107, 1, '29', 1473739050, 0),
(128, 2, 42, 101, 4, '2', 1473739060, 0),
(129, 2, 12, 102, 1, '31', 1473739349, 0),
(130, 2, 18, 102, 1, '31', 1473739349, 0),
(131, 2, 49, 102, 1, '31', 1473739349, 0),
(132, 61, 2, 102, 1, '31', 1473746778, 1),
(133, 61, 12, 102, 1, '31', 1473746778, 0),
(134, 61, 18, 102, 1, '31', 1473746778, 0),
(135, 61, 49, 102, 1, '31', 1473746778, 0),
(136, 2, 12, 107, 1, '31', 1473751015, 0),
(137, 1, 41, 107, 1, '29', 1473755718, 0),
(138, 1, 12, 107, 1, '29', 1473755720, 0),
(139, 1, 61, 107, 1, '31', 1473755903, 0),
(140, 67, 68, 102, 1, '34', 1473837594, 1),
(141, 64, 66, 102, 1, '37', 1473838115, 0),
(142, 64, 65, 102, 1, '36', 1473838208, 0),
(143, 70, 72, 102, 1, '40', 1473838611, 0),
(144, 71, 70, 102, 1, '41', 1473838735, 0),
(145, 71, 63, 102, 1, '39', 1473838783, 0),
(146, 71, 67, 102, 1, '35', 1473838874, 0),
(147, 73, 67, 102, 1, '35', 1473840106, 0),
(148, 73, 71, 102, 1, '35', 1473840106, 0),
(149, 74, 71, 102, 1, '42', 1473840352, 0),
(150, 75, 71, 107, 1, '39', 1473840674, 0),
(151, 75, 64, 102, 1, '36', 1473840705, 0),
(152, 75, 65, 102, 1, '36', 1473840705, 0),
(153, 76, 64, 102, 1, '37', 1473841450, 0),
(154, 76, 66, 102, 1, '37', 1473841450, 0),
(155, 78, 64, 102, 1, '37', 1474178755, 0),
(156, 78, 66, 102, 1, '37', 1474178755, 0),
(157, 78, 76, 102, 1, '37', 1474178755, 0),
(158, 85, 81, 102, 1, '44', 1474180455, 0),
(159, 82, 79, 102, 1, '43', 1474180960, 0),
(160, 82, 66, 101, 4, '82', 1474180994, 0),
(161, 91, 82, 102, 1, '45', 1474181294, 0),
(162, 92, 83, 102, 1, '46', 1474181333, 0),
(163, 93, 84, 102, 1, '47', 1474181735, 0),
(164, 90, 84, 102, 1, '47', 1474182165, 0),
(165, 90, 93, 102, 1, '47', 1474182165, 1),
(166, 89, 90, 107, 1, '47', 1474182509, 0),
(167, 89, 90, 105, 1, '47', 1474182546, 0),
(168, 105, 96, 102, 1, '52', 1474266022, 0),
(169, 105, 95, 102, 1, '51', 1474266040, 0),
(170, 106, 101, 102, 1, '56', 1474271369, 0),
(171, 106, 98, 102, 1, '54', 1474271388, 0),
(172, 109, 98, 102, 1, '54', 1474351766, 0),
(173, 109, 106, 102, 1, '54', 1474351766, 0),
(174, 48, 102, 114, 1, '59', 1474355981, 0),
(175, 113, 48, 102, 1, '60', 1474356043, 0),
(176, 118, 100, 102, 1, '61', 1474357897, 0),
(177, 123, 114, 102, 1, '67', 1474361970, 0),
(178, 123, 114, 114, 1, '67', 1474361990, 0),
(179, 124, 114, 102, 1, '67', 1474362012, 0),
(180, 124, 123, 102, 1, '67', 1474362012, 0),
(181, 123, 115, 102, 1, '66', 1474362056, 0),
(182, 124, 115, 102, 1, '66', 1474362090, 0),
(183, 124, 123, 102, 1, '66', 1474362090, 0),
(184, 124, 116, 102, 1, '65', 1474362128, 0),
(185, 122, 120, 102, 1, '68', 1474362671, 0),
(186, 119, 110, 102, 1, '64', 1474362795, 0),
(187, 119, 112, 102, 1, '62', 1474362828, 0),
(188, 108, 112, 102, 1, '62', 1474437873, 0),
(189, 108, 119, 102, 1, '62', 1474437873, 0),
(190, 2, 61, 107, 1, '31', 1474868282, 0),
(191, 2, 12, 102, 1, '31', 1474868303, 0),
(192, 2, 18, 102, 1, '31', 1474868303, 0),
(193, 2, 49, 102, 1, '31', 1474868303, 0),
(194, 2, 61, 102, 1, '31', 1474868303, 0);

-- --------------------------------------------------------

--
-- 表的结构 `xh_notification_data`
--

CREATE TABLE IF NOT EXISTS `xh_notification_data` (
  `notification_id` int(11) unsigned NOT NULL,
  `data` text,
  PRIMARY KEY (`notification_id`)
) ENGINE=InnoDB DEFAULT CHARSET=utf8 COMMENT='系统通知数据表';

--
-- 转存表中的数据 `xh_notification_data`
--

INSERT INTO `xh_notification_data` (`notification_id`, `data`) VALUES
(4, 'a:3:{s:8:"from_uid";i:6;s:11:"question_id";i:3;s:10:"comment_id";s:1:"1";}'),
(5, 'a:3:{s:8:"from_uid";i:1;s:11:"question_id";i:1;s:7:"item_id";s:1:"2";}'),
(6, 'a:4:{s:11:"question_id";i:3;s:8:"from_uid";i:1;s:7:"item_id";s:1:"3";s:9:"anonymous";i:0;}'),
(8, 'a:4:{s:11:"question_id";i:4;s:8:"from_uid";i:7;s:7:"item_id";s:1:"5";s:9:"anonymous";i:0;}'),
(10, 'a:4:{s:11:"question_id";i:3;s:8:"from_uid";i:7;s:7:"item_id";s:1:"6";s:9:"anonymous";i:0;}'),
(11, 'a:4:{s:11:"question_id";i:5;s:8:"from_uid";i:4;s:7:"item_id";s:1:"7";s:9:"anonymous";i:0;}'),
(13, 'a:4:{s:11:"question_id";i:3;s:8:"from_uid";i:9;s:7:"item_id";s:1:"8";s:9:"anonymous";i:0;}'),
(14, 'a:4:{s:11:"question_id";i:3;s:8:"from_uid";i:9;s:7:"item_id";s:1:"8";s:9:"anonymous";i:0;}'),
(17, 'a:4:{s:11:"question_id";i:8;s:8:"from_uid";i:10;s:7:"item_id";s:2:"10";s:9:"anonymous";i:0;}'),
(18, 'a:3:{s:8:"from_uid";i:11;s:11:"question_id";i:1;s:7:"item_id";s:1:"2";}'),
(19, 'a:3:{s:8:"from_uid";i:11;s:11:"question_id";i:5;s:7:"item_id";s:1:"7";}'),
(20, 'a:3:{s:8:"from_uid";i:11;s:11:"question_id";i:8;s:7:"item_id";s:2:"10";}'),
(21, 'a:3:{s:8:"from_uid";i:11;s:11:"question_id";i:8;s:7:"item_id";s:2:"10";}'),
(22, 'a:3:{s:8:"from_uid";i:11;s:11:"question_id";i:8;s:7:"item_id";s:2:"10";}'),
(23, 'a:3:{s:8:"from_uid";i:11;s:11:"question_id";i:8;s:7:"item_id";s:2:"10";}'),
(24, 'a:1:{s:8:"from_uid";i:1;}'),
(25, 'a:3:{s:8:"from_uid";i:1;s:11:"question_id";i:4;s:7:"item_id";s:1:"5";}'),
(26, 'a:3:{s:8:"from_uid";i:1;s:11:"question_id";i:4;s:7:"item_id";s:1:"5";}'),
(27, 'a:3:{s:8:"from_uid";i:1;s:11:"question_id";i:4;s:7:"item_id";s:1:"5";}'),
(28, 'a:4:{s:11:"question_id";i:8;s:8:"from_uid";i:1;s:7:"item_id";s:2:"11";s:9:"anonymous";i:0;}'),
(29, 'a:4:{s:11:"question_id";i:8;s:8:"from_uid";i:1;s:7:"item_id";s:2:"11";s:9:"anonymous";i:0;}'),
(30, 'a:3:{s:8:"from_uid";i:1;s:11:"question_id";i:8;s:7:"item_id";s:2:"10";}'),
(31, 'a:4:{s:11:"question_id";i:10;s:8:"from_uid";i:13;s:7:"item_id";s:2:"12";s:9:"anonymous";i:0;}'),
(32, 'a:4:{s:11:"question_id";i:10;s:8:"from_uid";i:14;s:7:"item_id";s:2:"13";s:9:"anonymous";i:0;}'),
(33, 'a:4:{s:11:"question_id";i:10;s:8:"from_uid";i:14;s:7:"item_id";s:2:"13";s:9:"anonymous";i:0;}'),
(35, 'a:4:{s:11:"question_id";i:11;s:8:"from_uid";i:15;s:7:"item_id";s:2:"15";s:9:"anonymous";i:0;}'),
(36, 'a:3:{s:8:"from_uid";i:15;s:11:"question_id";i:11;s:7:"item_id";s:2:"14";}'),
(37, 'a:4:{s:11:"question_id";i:12;s:8:"from_uid";i:18;s:7:"item_id";s:2:"16";s:9:"anonymous";i:0;}'),
(38, 'a:1:{s:8:"from_uid";i:20;}'),
(39, 'a:4:{s:11:"question_id";i:16;s:8:"from_uid";i:28;s:7:"item_id";s:2:"17";s:9:"anonymous";i:0;}'),
(41, 'a:4:{s:11:"question_id";i:18;s:8:"from_uid";i:29;s:7:"item_id";s:2:"18";s:9:"anonymous";i:0;}'),
(42, 'a:3:{s:8:"from_uid";i:1;s:11:"question_id";i:18;s:7:"item_id";s:2:"18";}'),
(43, 'a:4:{s:11:"question_id";i:17;s:8:"from_uid";i:21;s:7:"item_id";s:2:"19";s:9:"anonymous";i:0;}'),
(44, 'a:2:{s:11:"question_id";i:17;s:8:"from_uid";i:34;}'),
(45, 'a:4:{s:11:"question_id";i:20;s:8:"from_uid";i:35;s:7:"item_id";s:2:"20";s:9:"anonymous";i:0;}'),
(46, 'a:4:{s:11:"question_id";i:15;s:8:"from_uid";i:37;s:7:"item_id";s:2:"21";s:9:"anonymous";i:0;}'),
(48, 'a:3:{s:8:"from_uid";i:1;s:11:"question_id";i:23;s:7:"item_id";s:2:"22";}'),
(50, 'a:3:{s:8:"from_uid";i:43;s:11:"question_id";i:20;s:7:"item_id";s:2:"20";}'),
(51, 'a:1:{s:8:"from_uid";i:43;}'),
(52, 'a:3:{s:8:"from_uid";i:1;s:11:"question_id";i:4;s:7:"item_id";s:1:"5";}'),
(53, 'a:4:{s:11:"question_id";i:29;s:8:"from_uid";i:1;s:7:"item_id";s:2:"23";s:9:"anonymous";i:0;}'),
(54, 'a:3:{s:8:"from_uid";i:41;s:10:"article_id";i:5;s:7:"item_id";s:1:"3";}'),
(55, 'a:4:{s:11:"question_id";i:29;s:8:"from_uid";i:41;s:7:"item_id";s:2:"24";s:9:"anonymous";i:0;}'),
(56, 'a:4:{s:11:"question_id";i:29;s:8:"from_uid";i:41;s:7:"item_id";s:2:"24";s:9:"anonymous";i:0;}'),
(57, 'a:3:{s:8:"from_uid";i:41;s:10:"article_id";i:7;s:7:"item_id";s:1:"4";}'),
(58, 'a:4:{s:11:"question_id";i:30;s:8:"from_uid";i:41;s:7:"item_id";s:2:"25";s:9:"anonymous";i:0;}'),
(59, 'a:3:{s:8:"from_uid";i:12;s:11:"question_id";i:29;s:7:"item_id";s:2:"24";}'),
(60, 'a:3:{s:8:"from_uid";i:12;s:11:"question_id";i:29;s:7:"item_id";s:2:"23";}'),
(61, 'a:4:{s:11:"question_id";i:29;s:8:"from_uid";i:12;s:7:"item_id";s:2:"26";s:9:"anonymous";i:0;}'),
(62, 'a:4:{s:11:"question_id";i:29;s:8:"from_uid";i:12;s:7:"item_id";s:2:"26";s:9:"anonymous";i:0;}'),
(63, 'a:4:{s:11:"question_id";i:29;s:8:"from_uid";i:12;s:7:"item_id";s:2:"26";s:9:"anonymous";i:0;}'),
(64, 'a:4:{s:11:"question_id";i:30;s:8:"from_uid";i:12;s:7:"item_id";s:2:"27";s:9:"anonymous";i:0;}'),
(65, 'a:4:{s:11:"question_id";i:30;s:8:"from_uid";i:12;s:7:"item_id";s:2:"27";s:9:"anonymous";i:0;}'),
(66, 'a:4:{s:11:"question_id";i:31;s:8:"from_uid";i:12;s:7:"item_id";s:2:"28";s:9:"anonymous";i:0;}'),
(67, 'a:1:{s:8:"from_uid";i:12;}'),
(68, 'a:1:{s:8:"from_uid";i:12;}'),
(69, 'a:1:{s:8:"from_uid";i:12;}'),
(70, 'a:4:{s:11:"question_id";i:25;s:8:"from_uid";i:12;s:7:"item_id";s:2:"29";s:9:"anonymous";i:0;}'),
(71, 'a:1:{s:8:"from_uid";i:12;}'),
(72, 'a:4:{s:11:"question_id";i:21;s:8:"from_uid";i:12;s:7:"item_id";s:2:"30";s:9:"anonymous";i:0;}'),
(73, 'a:1:{s:8:"from_uid";i:12;}'),
(74, 'a:3:{s:8:"from_uid";i:14;s:11:"question_id";i:21;s:7:"item_id";s:2:"30";}'),
(75, 'a:3:{s:8:"from_uid";i:14;s:11:"question_id";i:25;s:7:"item_id";s:2:"29";}'),
(76, 'a:3:{s:8:"from_uid";i:14;s:11:"question_id";i:30;s:7:"item_id";s:2:"27";}'),
(77, 'a:3:{s:8:"from_uid";i:14;s:11:"question_id";i:21;s:7:"item_id";s:2:"30";}'),
(78, 'a:4:{s:11:"question_id";i:21;s:8:"from_uid";i:14;s:7:"item_id";s:2:"31";s:9:"anonymous";i:0;}'),
(79, 'a:4:{s:11:"question_id";i:21;s:8:"from_uid";i:14;s:7:"item_id";s:2:"31";s:9:"anonymous";i:0;}'),
(80, 'a:3:{s:8:"from_uid";i:18;s:11:"question_id";i:21;s:7:"item_id";s:2:"30";}'),
(81, 'a:3:{s:8:"from_uid";i:18;s:11:"question_id";i:21;s:7:"item_id";s:2:"31";}'),
(82, 'a:4:{s:11:"question_id";i:21;s:8:"from_uid";i:18;s:7:"item_id";s:2:"32";s:9:"anonymous";i:0;}'),
(83, 'a:4:{s:11:"question_id";i:21;s:8:"from_uid";i:18;s:7:"item_id";s:2:"32";s:9:"anonymous";i:0;}'),
(84, 'a:4:{s:11:"question_id";i:21;s:8:"from_uid";i:18;s:7:"item_id";s:2:"32";s:9:"anonymous";i:0;}'),
(85, 'a:3:{s:8:"from_uid";i:18;s:11:"question_id";i:25;s:7:"item_id";s:2:"29";}'),
(86, 'a:3:{s:8:"from_uid";i:18;s:11:"question_id";i:31;s:7:"item_id";s:2:"28";}'),
(87, 'a:4:{s:11:"question_id";i:31;s:8:"from_uid";i:18;s:7:"item_id";s:2:"33";s:9:"anonymous";i:0;}'),
(88, 'a:4:{s:11:"question_id";i:31;s:8:"from_uid";i:18;s:7:"item_id";s:2:"33";s:9:"anonymous";i:0;}'),
(89, 'a:3:{s:8:"from_uid";i:18;s:11:"question_id";i:30;s:7:"item_id";s:2:"27";}'),
(90, 'a:3:{s:8:"from_uid";i:18;s:11:"question_id";i:30;s:7:"item_id";s:2:"25";}'),
(91, 'a:4:{s:11:"question_id";i:29;s:8:"from_uid";i:18;s:7:"item_id";s:2:"34";s:9:"anonymous";i:0;}'),
(92, 'a:4:{s:11:"question_id";i:29;s:8:"from_uid";i:18;s:7:"item_id";s:2:"34";s:9:"anonymous";i:0;}'),
(93, 'a:4:{s:11:"question_id";i:29;s:8:"from_uid";i:18;s:7:"item_id";s:2:"34";s:9:"anonymous";i:0;}'),
(94, 'a:4:{s:11:"question_id";i:29;s:8:"from_uid";i:18;s:7:"item_id";s:2:"34";s:9:"anonymous";i:0;}'),
(95, 'a:3:{s:8:"from_uid";i:18;s:11:"question_id";i:29;s:7:"item_id";s:2:"23";}'),
(96, 'a:3:{s:8:"from_uid";i:18;s:11:"question_id";i:29;s:7:"item_id";s:2:"24";}'),
(97, 'a:3:{s:8:"from_uid";i:18;s:11:"question_id";i:29;s:7:"item_id";s:2:"26";}'),
(98, 'a:3:{s:8:"from_uid";i:20;s:11:"question_id";i:29;s:7:"item_id";s:2:"23";}'),
(99, 'a:3:{s:8:"from_uid";i:20;s:11:"question_id";i:29;s:7:"item_id";s:2:"24";}'),
(100, 'a:3:{s:8:"from_uid";i:20;s:11:"question_id";i:29;s:7:"item_id";s:2:"34";}'),
(101, 'a:4:{s:8:"from_uid";i:20;s:11:"question_id";i:29;s:7:"item_id";i:34;s:10:"comment_id";s:1:"1";}'),
(102, 'a:3:{s:8:"from_uid";i:20;s:11:"question_id";i:31;s:7:"item_id";s:2:"28";}'),
(103, 'a:3:{s:8:"from_uid";i:20;s:11:"question_id";i:21;s:7:"item_id";s:2:"30";}'),
(104, 'a:3:{s:8:"from_uid";i:20;s:11:"question_id";i:30;s:7:"item_id";s:2:"27";}'),
(105, 'a:3:{s:8:"from_uid";i:21;s:11:"question_id";i:29;s:7:"item_id";s:2:"23";}'),
(106, 'a:3:{s:8:"from_uid";i:21;s:11:"question_id";i:29;s:7:"item_id";s:2:"26";}'),
(107, 'a:4:{s:8:"from_uid";i:21;s:11:"question_id";i:29;s:7:"item_id";i:34;s:10:"comment_id";s:1:"2";}'),
(108, 'a:4:{s:8:"from_uid";i:21;s:11:"question_id";i:29;s:7:"item_id";i:34;s:10:"comment_id";s:1:"3";}'),
(109, 'a:3:{s:8:"from_uid";i:21;s:11:"question_id";i:30;s:7:"item_id";s:2:"27";}'),
(110, 'a:3:{s:8:"from_uid";i:21;s:11:"question_id";i:31;s:7:"item_id";s:2:"28";}'),
(111, 'a:3:{s:8:"from_uid";i:21;s:11:"question_id";i:21;s:7:"item_id";s:2:"30";}'),
(112, 'a:3:{s:8:"from_uid";i:21;s:11:"question_id";i:25;s:7:"item_id";s:2:"29";}'),
(113, 'a:3:{s:8:"from_uid";i:35;s:11:"question_id";i:29;s:7:"item_id";s:2:"23";}'),
(114, 'a:1:{s:8:"from_uid";i:35;}'),
(115, 'a:3:{s:8:"from_uid";i:35;s:11:"question_id";i:31;s:7:"item_id";s:2:"28";}'),
(116, 'a:3:{s:8:"from_uid";i:35;s:11:"question_id";i:21;s:7:"item_id";s:2:"30";}'),
(117, 'a:4:{s:8:"from_uid";i:35;s:11:"question_id";i:21;s:7:"item_id";i:30;s:10:"comment_id";s:1:"4";}'),
(118, 'a:3:{s:8:"from_uid";i:36;s:11:"question_id";i:29;s:7:"item_id";s:2:"23";}'),
(119, 'a:3:{s:8:"from_uid";i:36;s:11:"question_id";i:31;s:7:"item_id";s:2:"28";}'),
(120, 'a:3:{s:8:"from_uid";i:36;s:11:"question_id";i:31;s:7:"item_id";s:2:"28";}'),
(121, 'a:3:{s:8:"from_uid";i:36;s:11:"question_id";i:29;s:7:"item_id";s:2:"23";}'),
(122, 'a:3:{s:8:"from_uid";i:36;s:11:"question_id";i:21;s:7:"item_id";s:2:"30";}'),
(123, 'a:3:{s:8:"from_uid";i:36;s:11:"question_id";i:25;s:7:"item_id";s:2:"29";}'),
(124, 'a:3:{s:8:"from_uid";i:36;s:11:"question_id";i:31;s:7:"item_id";s:2:"28";}'),
(125, 'a:3:{s:8:"from_uid";i:36;s:11:"question_id";i:25;s:7:"item_id";s:2:"29";}'),
(126, 'a:3:{s:8:"from_uid";i:2;s:11:"question_id";i:29;s:7:"item_id";s:2:"23";}'),
(127, 'a:3:{s:8:"from_uid";i:2;s:11:"question_id";i:29;s:7:"item_id";s:2:"26";}'),
(128, 'a:1:{s:8:"from_uid";i:2;}'),
(129, 'a:4:{s:11:"question_id";i:31;s:8:"from_uid";i:2;s:7:"item_id";s:2:"35";s:9:"anonymous";i:0;}'),
(130, 'a:4:{s:11:"question_id";i:31;s:8:"from_uid";i:2;s:7:"item_id";s:2:"35";s:9:"anonymous";i:0;}'),
(131, 'a:4:{s:11:"question_id";i:31;s:8:"from_uid";i:2;s:7:"item_id";s:2:"35";s:9:"anonymous";i:0;}'),
(132, 'a:4:{s:11:"question_id";i:31;s:8:"from_uid";i:61;s:7:"item_id";s:2:"36";s:9:"anonymous";i:0;}'),
(133, 'a:4:{s:11:"question_id";i:31;s:8:"from_uid";i:61;s:7:"item_id";s:2:"36";s:9:"anonymous";i:0;}'),
(134, 'a:4:{s:11:"question_id";i:31;s:8:"from_uid";i:61;s:7:"item_id";s:2:"36";s:9:"anonymous";i:0;}'),
(135, 'a:4:{s:11:"question_id";i:31;s:8:"from_uid";i:61;s:7:"item_id";s:2:"36";s:9:"anonymous";i:0;}'),
(136, 'a:3:{s:8:"from_uid";i:2;s:11:"question_id";i:31;s:7:"item_id";s:2:"28";}'),
(137, 'a:3:{s:8:"from_uid";i:1;s:11:"question_id";i:29;s:7:"item_id";s:2:"24";}'),
(138, 'a:3:{s:8:"from_uid";i:1;s:11:"question_id";i:29;s:7:"item_id";s:2:"26";}'),
(139, 'a:3:{s:8:"from_uid";i:1;s:11:"question_id";i:31;s:7:"item_id";s:2:"36";}'),
(140, 'a:4:{s:11:"question_id";i:34;s:8:"from_uid";i:67;s:7:"item_id";s:2:"37";s:9:"anonymous";i:0;}'),
(141, 'a:4:{s:11:"question_id";i:37;s:8:"from_uid";i:64;s:7:"item_id";s:2:"38";s:9:"anonymous";i:0;}'),
(142, 'a:4:{s:11:"question_id";i:36;s:8:"from_uid";i:64;s:7:"item_id";s:2:"39";s:9:"anonymous";i:0;}'),
(143, 'a:4:{s:11:"question_id";i:40;s:8:"from_uid";i:70;s:7:"item_id";s:2:"40";s:9:"anonymous";i:0;}'),
(144, 'a:4:{s:11:"question_id";i:41;s:8:"from_uid";i:71;s:7:"item_id";s:2:"41";s:9:"anonymous";i:0;}'),
(145, 'a:4:{s:11:"question_id";i:39;s:8:"from_uid";i:71;s:7:"item_id";s:2:"42";s:9:"anonymous";i:0;}'),
(146, 'a:4:{s:11:"question_id";i:35;s:8:"from_uid";i:71;s:7:"item_id";s:2:"43";s:9:"anonymous";i:0;}'),
(147, 'a:4:{s:11:"question_id";i:35;s:8:"from_uid";i:73;s:7:"item_id";s:2:"44";s:9:"anonymous";i:0;}'),
(148, 'a:4:{s:11:"question_id";i:35;s:8:"from_uid";i:73;s:7:"item_id";s:2:"44";s:9:"anonymous";i:0;}'),
(149, 'a:4:{s:11:"question_id";i:42;s:8:"from_uid";i:74;s:7:"item_id";s:2:"45";s:9:"anonymous";i:0;}'),
(150, 'a:3:{s:8:"from_uid";i:75;s:11:"question_id";i:39;s:7:"item_id";s:2:"42";}'),
(151, 'a:4:{s:11:"question_id";i:36;s:8:"from_uid";i:75;s:7:"item_id";s:2:"46";s:9:"anonymous";i:0;}'),
(152, 'a:4:{s:11:"question_id";i:36;s:8:"from_uid";i:75;s:7:"item_id";s:2:"46";s:9:"anonymous";i:0;}'),
(153, 'a:4:{s:11:"question_id";i:37;s:8:"from_uid";i:76;s:7:"item_id";s:2:"47";s:9:"anonymous";i:0;}'),
(154, 'a:4:{s:11:"question_id";i:37;s:8:"from_uid";i:76;s:7:"item_id";s:2:"47";s:9:"anonymous";i:0;}'),
(155, 'a:4:{s:11:"question_id";i:37;s:8:"from_uid";i:78;s:7:"item_id";s:2:"48";s:9:"anonymous";i:0;}'),
(156, 'a:4:{s:11:"question_id";i:37;s:8:"from_uid";i:78;s:7:"item_id";s:2:"48";s:9:"anonymous";i:0;}'),
(157, 'a:4:{s:11:"question_id";i:37;s:8:"from_uid";i:78;s:7:"item_id";s:2:"48";s:9:"anonymous";i:0;}'),
(158, 'a:4:{s:11:"question_id";i:44;s:8:"from_uid";i:85;s:7:"item_id";s:2:"49";s:9:"anonymous";i:0;}'),
(159, 'a:4:{s:11:"question_id";i:43;s:8:"from_uid";i:82;s:7:"item_id";s:2:"50";s:9:"anonymous";i:0;}'),
(160, 'a:1:{s:8:"from_uid";i:82;}'),
(161, 'a:4:{s:11:"question_id";i:45;s:8:"from_uid";i:91;s:7:"item_id";s:2:"51";s:9:"anonymous";i:0;}'),
(162, 'a:4:{s:11:"question_id";i:46;s:8:"from_uid";i:92;s:7:"item_id";s:2:"52";s:9:"anonymous";i:0;}'),
(163, 'a:4:{s:11:"question_id";i:47;s:8:"from_uid";i:93;s:7:"item_id";s:2:"53";s:9:"anonymous";i:0;}'),
(164, 'a:4:{s:11:"question_id";i:47;s:8:"from_uid";i:90;s:7:"item_id";s:2:"54";s:9:"anonymous";i:0;}'),
(165, 'a:4:{s:11:"question_id";i:47;s:8:"from_uid";i:90;s:7:"item_id";s:2:"54";s:9:"anonymous";i:0;}'),
(166, 'a:3:{s:8:"from_uid";i:89;s:11:"question_id";i:47;s:7:"item_id";s:2:"54";}'),
(167, 'a:4:{s:8:"from_uid";i:89;s:11:"question_id";i:47;s:7:"item_id";i:54;s:10:"comment_id";s:1:"5";}'),
(168, 'a:4:{s:11:"question_id";i:52;s:8:"from_uid";i:105;s:7:"item_id";s:2:"55";s:9:"anonymous";i:0;}'),
(169, 'a:4:{s:11:"question_id";i:51;s:8:"from_uid";i:105;s:7:"item_id";s:2:"56";s:9:"anonymous";i:0;}'),
(170, 'a:4:{s:11:"question_id";i:56;s:8:"from_uid";i:106;s:7:"item_id";s:2:"57";s:9:"anonymous";i:0;}'),
(171, 'a:4:{s:11:"question_id";i:54;s:8:"from_uid";i:106;s:7:"item_id";s:2:"58";s:9:"anonymous";i:0;}'),
(172, 'a:4:{s:11:"question_id";i:54;s:8:"from_uid";i:109;s:7:"item_id";s:2:"59";s:9:"anonymous";i:0;}'),
(173, 'a:4:{s:11:"question_id";i:54;s:8:"from_uid";i:109;s:7:"item_id";s:2:"59";s:9:"anonymous";i:0;}'),
(174, 'a:2:{s:11:"question_id";i:59;s:8:"from_uid";i:48;}'),
(175, 'a:4:{s:11:"question_id";i:60;s:8:"from_uid";i:113;s:7:"item_id";s:2:"60";s:9:"anonymous";i:0;}'),
(176, 'a:4:{s:11:"question_id";i:61;s:8:"from_uid";i:118;s:7:"item_id";s:2:"61";s:9:"anonymous";i:0;}'),
(177, 'a:4:{s:11:"question_id";i:67;s:8:"from_uid";i:123;s:7:"item_id";s:2:"62";s:9:"anonymous";i:0;}'),
(178, 'a:2:{s:11:"question_id";i:67;s:8:"from_uid";i:123;}'),
(179, 'a:4:{s:11:"question_id";i:67;s:8:"from_uid";i:124;s:7:"item_id";s:2:"63";s:9:"anonymous";i:0;}'),
(180, 'a:4:{s:11:"question_id";i:67;s:8:"from_uid";i:124;s:7:"item_id";s:2:"63";s:9:"anonymous";i:0;}'),
(181, 'a:4:{s:11:"question_id";i:66;s:8:"from_uid";i:123;s:7:"item_id";s:2:"64";s:9:"anonymous";i:0;}'),
(182, 'a:4:{s:11:"question_id";i:66;s:8:"from_uid";i:124;s:7:"item_id";s:2:"65";s:9:"anonymous";i:0;}'),
(183, 'a:4:{s:11:"question_id";i:66;s:8:"from_uid";i:124;s:7:"item_id";s:2:"65";s:9:"anonymous";i:0;}'),
(184, 'a:4:{s:11:"question_id";i:65;s:8:"from_uid";i:124;s:7:"item_id";s:2:"66";s:9:"anonymous";i:0;}'),
(185, 'a:4:{s:11:"question_id";i:68;s:8:"from_uid";i:122;s:7:"item_id";s:2:"67";s:9:"anonymous";i:0;}'),
(186, 'a:4:{s:11:"question_id";i:64;s:8:"from_uid";i:119;s:7:"item_id";s:2:"68";s:9:"anonymous";i:0;}'),
(187, 'a:4:{s:11:"question_id";i:62;s:8:"from_uid";i:119;s:7:"item_id";s:2:"69";s:9:"anonymous";i:0;}'),
(188, 'a:4:{s:11:"question_id";i:62;s:8:"from_uid";i:108;s:7:"item_id";s:2:"70";s:9:"anonymous";i:0;}'),
(189, 'a:4:{s:11:"question_id";i:62;s:8:"from_uid";i:108;s:7:"item_id";s:2:"70";s:9:"anonymous";i:0;}'),
(190, 'a:3:{s:8:"from_uid";i:2;s:11:"question_id";i:31;s:7:"item_id";s:2:"36";}'),
(191, 'a:4:{s:11:"question_id";i:31;s:8:"from_uid";i:2;s:7:"item_id";s:2:"71";s:9:"anonymous";i:0;}'),
(192, 'a:4:{s:11:"question_id";i:31;s:8:"from_uid";i:2;s:7:"item_id";s:2:"71";s:9:"anonymous";i:0;}'),
(193, 'a:4:{s:11:"question_id";i:31;s:8:"from_uid";i:2;s:7:"item_id";s:2:"71";s:9:"anonymous";i:0;}'),
(194, 'a:4:{s:11:"question_id";i:31;s:8:"from_uid";i:2;s:7:"item_id";s:2:"71";s:9:"anonymous";i:0;}');

-- --------------------------------------------------------

--
-- 表的结构 `xh_pages`
--

CREATE TABLE IF NOT EXISTS `xh_pages` (
  `id` int(10) NOT NULL AUTO_INCREMENT,
  `url_token` varchar(32) NOT NULL,
  `title` varchar(255) DEFAULT NULL,
  `keywords` varchar(255) DEFAULT NULL,
  `description` varchar(255) DEFAULT NULL,
  `contents` text,
  `enabled` tinyint(1) NOT NULL DEFAULT '0',
  PRIMARY KEY (`id`),
  UNIQUE KEY `url_token` (`url_token`),
  KEY `enabled` (`enabled`)
) ENGINE=InnoDB DEFAULT CHARSET=utf8 AUTO_INCREMENT=1 ;

-- --------------------------------------------------------

--
-- 表的结构 `xh_posts_index`
--

CREATE TABLE IF NOT EXISTS `xh_posts_index` (
  `id` int(10) NOT NULL AUTO_INCREMENT,
  `post_id` int(10) NOT NULL,
  `post_type` varchar(16) NOT NULL DEFAULT '',
  `add_time` int(10) NOT NULL,
  `update_time` int(10) DEFAULT '0',
  `category_id` int(10) DEFAULT '0',
  `is_recommend` tinyint(1) DEFAULT '0',
  `view_count` int(10) DEFAULT '0',
  `anonymous` tinyint(1) DEFAULT '0',
  `popular_value` int(10) DEFAULT '0',
  `uid` int(10) NOT NULL,
  `lock` tinyint(1) DEFAULT '0',
  `agree_count` int(10) DEFAULT '0',
  `answer_count` int(10) DEFAULT '0',
  PRIMARY KEY (`id`),
  KEY `post_id` (`post_id`),
  KEY `post_type` (`post_type`),
  KEY `add_time` (`add_time`),
  KEY `update_time` (`update_time`),
  KEY `category_id` (`category_id`),
  KEY `is_recommend` (`is_recommend`),
  KEY `anonymous` (`anonymous`),
  KEY `popular_value` (`popular_value`),
  KEY `uid` (`uid`),
  KEY `lock` (`lock`),
  KEY `agree_count` (`agree_count`),
  KEY `answer_count` (`answer_count`),
  KEY `view_count` (`view_count`)
) ENGINE=InnoDB  DEFAULT CHARSET=utf8 AUTO_INCREMENT=200 ;

--
-- 转存表中的数据 `xh_posts_index`
--

INSERT INTO `xh_posts_index` (`id`, `post_id`, `post_type`, `add_time`, `update_time`, `category_id`, `is_recommend`, `view_count`, `anonymous`, `popular_value`, `uid`, `lock`, `agree_count`, `answer_count`) VALUES
(1, 1, 'question', 1472707611, 1472713229, 1, 0, 6, 0, 2, 2, 0, 0, 1),
(2, 2, 'question', 1472708596, 1472715849, 4, 0, 8, 0, 3, 2, 0, 1, 2),
(3, 1, 'article', 1472710346, 1472710346, 1, 0, 27, 0, 0, 1, 0, 0, 0),
(4, 3, 'question', 1472713346, 1472715798, 2, 0, 9, 0, 4, 5, 0, 1, 3),
(5, 4, 'question', 1472714055, 1472714850, 2, 0, 2, 0, 1, 6, 0, 0, 2),
(6, 5, 'question', 1472714701, 1472715181, 2, 0, 3, 0, 1, 7, 0, 0, 1),
(7, 6, 'question', 1472715152, 1472715152, 2, 0, 0, 0, 0, 4, 0, 0, 0),
(8, 7, 'question', 1472715495, 1472715495, 1, 0, 0, 0, 0, 8, 0, 0, 0),
(9, 8, 'question', 1472715779, 1473064312, 3, 0, 19, 0, 4, 9, 0, 1, 2),
(10, 9, 'question', 1472717178, 1472717178, 2, 0, 0, 0, 0, 10, 0, 0, 0),
(11, 10, 'question', 1473149295, 1473150029, 2, 0, 4, 0, 2, 12, 0, 0, 2),
(12, 11, 'question', 1473150110, 1473150320, 2, 0, 7, 0, 0, 15, 0, 0, 2),
(13, 12, 'question', 1473150545, 1473150752, 2, 0, 3, 0, 0, 17, 0, 0, 1),
(14, 13, 'question', 1473151050, 1473151050, 2, 0, 0, 0, 0, 20, 0, 0, 0),
(15, 14, 'question', 1473153250, 1473153250, 1, 0, 0, 0, 0, 21, 0, 0, 0),
(16, 15, 'question', 1473212374, 1473232534, 2, 0, 4, 0, 1, 24, 0, 0, 1),
(17, 16, 'question', 1473214297, 1473214518, 2, 0, 2, 0, 0, 27, 0, 0, 1),
(18, 17, 'question', 1473215894, 1473231124, 2, 0, 5, 0, 2, 29, 0, 0, 1),
(19, 18, 'question', 1473225820, 1473225883, 2, 0, 1, 0, 0, 31, 0, 0, 1),
(20, 19, 'question', 1473229550, 1473229550, 2, 0, 0, 0, 0, 32, 0, 0, 0),
(21, 20, 'question', 1473231623, 1473232135, 2, 0, 3, 0, 1, 34, 0, 0, 1),
(22, 21, 'question', 1473232095, 1473672053, 2, 0, 6, 0, 1, 35, 0, 3, 3),
(23, 22, 'question', 1473232435, 1473232435, 2, 0, 0, 0, 0, 37, 0, 0, 0),
(24, 23, 'question', 1473233235, 1473233287, 2, 0, 2, 0, 0, 38, 0, 0, 1),
(25, 2, 'article', 1473236803, 1473236803, 12, 0, 0, 0, 0, 1, 0, 0, 0),
(26, 3, 'article', 1473236991, 1473236991, 13, 0, 9, 0, 0, 1, 0, 1, 1),
(27, 4, 'article', 1473237106, 1473237106, 13, 0, 14, 0, 0, 1, 0, 0, 1),
(28, 24, 'question', 1473318480, 1473318480, 5, 0, 3, 0, 1, 43, 0, 0, 0),
(29, 25, 'question', 1473321486, 1473671739, 2, 0, 5, 0, 1, 44, 0, 0, 1),
(30, 26, 'question', 1473321608, 1473321608, 2, 0, 0, 0, 0, 45, 0, 0, 0),
(31, 27, 'question', 1473321811, 1473321811, 2, 0, 0, 0, 0, 46, 0, 0, 0),
(32, 28, 'question', 1473322090, 1473322090, 2, 0, 0, 0, 0, 47, 0, 0, 0),
(33, 29, 'question', 1473322155, 1473672188, 2, 0, 12, 0, 6, 42, 0, 2, 4),
(34, 30, 'question', 1473322303, 1473671476, 2, 0, 10, 0, 3, 40, 0, 0, 2),
(35, 31, 'question', 1473660033, 1474868303, 13, 0, 18, 0, 12, 49, 0, 8, 5),
(36, 5, 'article', 1473662818, 1473662818, 13, 0, 4, 0, 0, 1, 0, 0, 1),
(37, 6, 'article', 1473663902, 1473663902, 13, 0, 1, 0, 0, 1, 0, 0, 0),
(38, 7, 'article', 1473664829, 1473664829, 13, 0, 2, 0, 0, 1, 0, 0, 1),
(39, 8, 'article', 1473665143, 1473665143, 13, 0, 0, 0, 0, 1, 0, 0, 0),
(40, 9, 'article', 1473665287, 1473665287, 14, 0, 0, 0, 0, 1, 0, 0, 0),
(41, 10, 'article', 1473665502, 1473665502, 14, 0, 0, 0, 0, 1, 0, 0, 0),
(42, 11, 'article', 1473666586, 1473666586, 16, 0, 0, 0, 0, 1, 0, 0, 0),
(43, 12, 'article', 1473667004, 1473667004, 17, 0, 1, 0, 0, 1, 0, 0, 0),
(44, 32, 'question', 1473746855, 1473746855, 13, 0, 0, 0, 0, 61, 0, 0, 0),
(45, 33, 'question', 1473837348, 1473837348, 2, 0, 0, 0, 0, 69, 0, 0, 0),
(46, 34, 'question', 1473837404, 1473837594, 2, 0, 3, 0, 0, 68, 0, 0, 1),
(47, 35, 'question', 1473837528, 1473840106, 2, 0, 4, 0, 2, 67, 0, 0, 2),
(48, 36, 'question', 1473837857, 1473840705, 2, 0, 5, 0, 3, 65, 0, 0, 2),
(49, 37, 'question', 1473838007, 1474178755, 2, 0, 7, 0, 4, 66, 0, 0, 3),
(50, 38, 'question', 1473838165, 1473838165, 2, 0, 0, 0, 0, 64, 0, 0, 0),
(51, 39, 'question', 1473838434, 1473838783, 2, 0, 3, 0, 1, 63, 0, 0, 1),
(52, 40, 'question', 1473838527, 1473838611, 2, 0, 2, 0, 0, 72, 0, 0, 1),
(53, 41, 'question', 1473838670, 1473838735, 2, 0, 1, 0, 0, 70, 0, 0, 1),
(54, 42, 'question', 1473838819, 1473840352, 2, 0, 3, 0, 1, 71, 0, 0, 1),
(55, 43, 'question', 1474179427, 1474180960, 2, 0, 4, 0, 1, 79, 0, 0, 1),
(56, 44, 'question', 1474180368, 1474180455, 2, 0, 2, 0, 0, 81, 0, 0, 1),
(57, 45, 'question', 1474180920, 1474181294, 5, 0, 3, 0, 1, 82, 0, 0, 1),
(58, 46, 'question', 1474181235, 1474181333, 5, 0, 3, 0, 0, 83, 0, 0, 1),
(59, 47, 'question', 1474181639, 1474182165, 5, 0, 5, 0, 0, 84, 0, 0, 2),
(60, 48, 'question', 1474181785, 1474181785, 2, 0, 0, 0, 0, 86, 0, 0, 0),
(61, 49, 'question', 1474182099, 1474182099, 2, 0, 0, 0, 0, 87, 0, 0, 0),
(62, 50, 'question', 1474182516, 1474182516, 2, 0, 0, 0, 0, 88, 0, 0, 0),
(63, 51, 'question', 1474265625, 1474266040, 2, 0, 2, 0, 1, 95, 0, 0, 1),
(64, 52, 'question', 1474265852, 1474266022, 2, 0, 2, 0, 0, 96, 0, 0, 1),
(65, 53, 'question', 1474266033, 1474266033, 2, 0, 0, 0, 0, 94, 0, 0, 0),
(66, 54, 'question', 1474266103, 1474351766, 2, 0, 4, 0, 2, 98, 0, 0, 2),
(67, 55, 'question', 1474267054, 1474267054, 2, 0, 0, 0, 0, 99, 0, 0, 0),
(68, 56, 'question', 1474267271, 1474271369, 2, 0, 2, 0, 1, 101, 0, 0, 1),
(69, 57, 'question', 1474267439, 1474267439, 2, 0, 0, 0, 0, 103, 0, 0, 0),
(70, 58, 'question', 1474267560, 1474267560, 2, 0, 0, 0, 0, 104, 0, 0, 0),
(71, 59, 'question', 1474355565, 1474355565, 2, 0, 0, 0, 0, 102, 0, 0, 0),
(72, 60, 'question', 1474355945, 1474356043, 2, 0, 2, 0, 0, 48, 0, 0, 1),
(73, 61, 'question', 1474356743, 1474357897, 2, 0, 2, 0, 1, 100, 0, 0, 1),
(74, 62, 'question', 1474358480, 1474437873, 2, 0, 3, 0, 2, 112, 0, 0, 2),
(75, 63, 'question', 1474358884, 1474358884, 2, 0, 0, 0, 0, 111, 0, 0, 0),
(76, 64, 'question', 1474361180, 1474362795, 2, 0, 2, 0, 1, 110, 0, 0, 1),
(77, 65, 'question', 1474361317, 1474362128, 2, 0, 2, 0, 1, 116, 0, 0, 1),
(78, 66, 'question', 1474361513, 1474362090, 2, 0, 3, 0, 1, 115, 0, 0, 2),
(79, 67, 'question', 1474361847, 1474362012, 2, 0, 3, 0, 0, 114, 0, 0, 2),
(80, 68, 'question', 1474362136, 1474362671, 2, 0, 2, 0, 0, 120, 0, 0, 1),
(81, 69, 'question', 1474362764, 1474362764, 2, 0, 0, 0, 0, 119, 0, 0, 0),
(82, 70, 'question', 1474616351, 1474616351, 2, 0, 0, 0, 0, 135, 0, 0, 0),
(83, 71, 'question', 1474872971, 1474872971, 2, 0, 0, 0, 0, 139, 0, 0, 0),
(84, 72, 'question', 1474959671, 1474959671, 2, 0, 0, 0, 0, 142, 0, 0, 0),
(85, 13, 'article', 1475135592, 1475135592, 19, 0, 3, 0, 0, 1, 0, 0, 0),
(86, 14, 'article', 1475138138, 1475138138, 19, 0, 0, 0, 0, 1, 0, 0, 0),
(87, 15, 'article', 1475140220, 1475140220, 19, 0, 0, 0, 0, 1, 0, 0, 0),
(88, 16, 'article', 1475140799, 1475140799, 19, 0, 1, 0, 0, 1, 0, 0, 0),
(89, 17, 'article', 1475141189, 1475141189, 19, 0, 0, 0, 0, 1, 0, 0, 0),
(90, 18, 'article', 1475221725, 1475221725, 20, 0, 0, 0, 0, 1, 0, 0, 0),
(91, 19, 'article', 1475221795, 1475221795, 20, 0, 0, 0, 0, 1, 0, 0, 0),
(92, 20, 'article', 1475221842, 1475221842, 20, 0, 0, 0, 0, 1, 0, 0, 0),
(93, 21, 'article', 1475221881, 1475221881, 20, 0, 0, 0, 0, 1, 0, 0, 0),
(94, 22, 'article', 1475221910, 1475221910, 20, 0, 0, 0, 0, 1, 0, 0, 0),
(95, 23, 'article', 1475221912, 1475221912, 19, 0, 0, 0, 0, 1, 0, 0, 0),
(96, 24, 'article', 1475221944, 1475221944, 20, 0, 0, 0, 0, 1, 0, 0, 0),
(97, 25, 'article', 1475221985, 1475221985, 20, 0, 0, 0, 0, 1, 0, 0, 0),
(98, 26, 'article', 1475222039, 1475222039, 19, 0, 0, 0, 0, 1, 0, 0, 0),
(99, 27, 'article', 1475222095, 1475222095, 20, 0, 0, 0, 0, 1, 0, 0, 0),
(100, 28, 'article', 1475222137, 1475222137, 20, 0, 0, 0, 0, 1, 0, 0, 0),
(101, 29, 'article', 1475222174, 1475222174, 20, 0, 0, 0, 0, 1, 0, 0, 0),
(102, 30, 'article', 1475222204, 1475222204, 20, 0, 0, 0, 0, 1, 0, 0, 0),
(103, 31, 'article', 1475222205, 1475222205, 19, 0, 1, 0, 0, 1, 0, 0, 0),
(104, 32, 'article', 1475222248, 1475222248, 20, 0, 0, 0, 0, 1, 0, 0, 0),
(105, 33, 'article', 1475222304, 1475222304, 20, 0, 1, 0, 0, 1, 0, 0, 0),
(106, 34, 'article', 1475222310, 1475222310, 20, 0, 0, 0, 0, 1, 0, 0, 0),
(107, 35, 'article', 1475222356, 1475222356, 20, 0, 0, 0, 0, 1, 0, 0, 0),
(108, 36, 'article', 1475222392, 1475222392, 20, 0, 0, 0, 0, 1, 0, 0, 0),
(109, 37, 'article', 1475222454, 1475222454, 19, 0, 2, 0, 0, 1, 0, 0, 0),
(110, 38, 'article', 1475222457, 1475222457, 20, 0, 0, 0, 0, 1, 0, 0, 0),
(111, 39, 'article', 1475222508, 1475222508, 20, 0, 0, 0, 0, 1, 0, 0, 0),
(112, 40, 'article', 1475222576, 1475222576, 20, 0, 0, 0, 0, 1, 0, 0, 0),
(113, 41, 'article', 1475222623, 1475222623, 20, 0, 0, 0, 0, 1, 0, 0, 0),
(114, 42, 'article', 1475222690, 1475222690, 20, 0, 0, 0, 0, 1, 0, 0, 0),
(115, 43, 'article', 1475222766, 1475222766, 20, 0, 0, 0, 0, 1, 0, 0, 0),
(116, 44, 'article', 1475222797, 1475222797, 20, 0, 0, 0, 0, 1, 0, 0, 0),
(117, 45, 'article', 1475222845, 1475222845, 20, 0, 0, 0, 0, 1, 0, 0, 0),
(118, 46, 'article', 1475222894, 1475222894, 20, 0, 0, 0, 0, 1, 0, 0, 0),
(119, 47, 'article', 1475222925, 1475222925, 20, 0, 0, 0, 0, 1, 0, 0, 0),
(120, 48, 'article', 1475222953, 1475222953, 20, 0, 0, 0, 0, 1, 0, 0, 0),
(121, 49, 'article', 1475223013, 1475223013, 20, 0, 2, 0, 0, 1, 0, 0, 0),
(122, 50, 'article', 1475223032, 1475223032, 20, 0, 2, 0, 0, 1, 0, 0, 0),
(123, 51, 'article', 1475223052, 1475223052, 20, 0, 2, 0, 0, 1, 0, 0, 0),
(124, 52, 'article', 1475223101, 1475223101, 20, 0, 2, 0, 0, 1, 0, 0, 0),
(125, 53, 'article', 1475223155, 1475223155, 20, 0, 2, 0, 0, 1, 0, 0, 0),
(126, 54, 'article', 1475223204, 1475223204, 20, 0, 2, 0, 0, 1, 0, 0, 0),
(127, 55, 'article', 1475223220, 1475223220, 19, 0, 2, 0, 0, 1, 0, 0, 0),
(128, 56, 'article', 1475223230, 1475223230, 20, 0, 2, 0, 0, 1, 0, 0, 0),
(129, 57, 'article', 1475223279, 1475223279, 20, 0, 2, 0, 0, 1, 0, 0, 0),
(130, 58, 'article', 1475223310, 1475223310, 20, 0, 2, 0, 0, 1, 0, 0, 0),
(131, 59, 'article', 1475223335, 1475223335, 20, 0, 2, 0, 0, 1, 0, 0, 0),
(132, 60, 'article', 1475223383, 1475223383, 20, 0, 2, 0, 0, 1, 0, 0, 0),
(133, 61, 'article', 1475223442, 1475223442, 20, 0, 2, 0, 0, 1, 0, 0, 0),
(134, 62, 'article', 1475223442, 1475223442, 19, 0, 2, 0, 0, 1, 0, 0, 0),
(135, 63, 'article', 1475223522, 1475223522, 20, 0, 0, 0, 0, 1, 0, 0, 0),
(136, 64, 'article', 1475223551, 1475223551, 20, 0, 2, 0, 0, 1, 0, 0, 0),
(137, 65, 'article', 1475223560, 1475223560, 20, 0, 2, 0, 0, 1, 0, 0, 0),
(138, 66, 'article', 1475223582, 1475223582, 20, 0, 2, 0, 0, 1, 0, 0, 0),
(139, 67, 'article', 1475223614, 1475223614, 19, 0, 3, 0, 0, 1, 0, 0, 0),
(140, 68, 'article', 1475223630, 1475223630, 20, 0, 2, 0, 0, 1, 0, 0, 0),
(141, 69, 'article', 1475223664, 1475223664, 20, 0, 2, 0, 0, 1, 0, 0, 0),
(142, 70, 'article', 1475223700, 1475223700, 20, 0, 2, 0, 0, 1, 0, 0, 0),
(143, 71, 'article', 1475223747, 1475223747, 20, 0, 2, 0, 0, 1, 0, 0, 0),
(144, 72, 'article', 1475223776, 1475223776, 20, 0, 0, 0, 0, 1, 0, 0, 0),
(145, 73, 'article', 1475223788, 1475223788, 19, 0, 2, 0, 0, 1, 0, 0, 0),
(146, 74, 'article', 1475223821, 1475223821, 20, 0, 2, 0, 0, 1, 0, 0, 0),
(148, 76, 'article', 1475223893, 1475223893, 19, 0, 2, 0, 0, 1, 0, 0, 0),
(149, 77, 'article', 1475223914, 1475223914, 20, 0, 2, 0, 0, 1, 0, 0, 0),
(150, 78, 'article', 1475223954, 1475223954, 20, 0, 2, 0, 0, 1, 0, 0, 0),
(151, 79, 'article', 1475224026, 1475224026, 20, 0, 2, 0, 0, 1, 0, 0, 0),
(152, 80, 'article', 1475224105, 1475224105, 20, 0, 2, 0, 0, 1, 0, 0, 0),
(153, 81, 'article', 1475224120, 1475224120, 19, 0, 2, 0, 0, 1, 0, 0, 0),
(154, 82, 'article', 1475224158, 1475224158, 20, 0, 2, 0, 0, 1, 0, 0, 0),
(155, 83, 'article', 1475224208, 1475224208, 20, 0, 0, 0, 0, 1, 0, 0, 0),
(156, 84, 'article', 1475224267, 1475224267, 19, 0, 3, 0, 0, 1, 0, 0, 0),
(157, 85, 'article', 1475224269, 1475224269, 20, 0, 3, 0, 0, 1, 0, 0, 0),
(158, 86, 'article', 1475224497, 1475224497, 20, 0, 0, 0, 0, 1, 0, 0, 0),
(159, 87, 'article', 1475224531, 1475224531, 20, 0, 0, 0, 0, 1, 0, 0, 0),
(160, 88, 'article', 1475224587, 1475224587, 20, 0, 0, 0, 0, 1, 0, 0, 0),
(161, 89, 'article', 1475224613, 1475224613, 20, 0, 0, 0, 0, 1, 0, 0, 0),
(162, 90, 'article', 1475224645, 1475224645, 20, 0, 0, 0, 0, 1, 0, 0, 0),
(163, 91, 'article', 1475224685, 1475224685, 19, 0, 1, 0, 0, 1, 0, 0, 0),
(164, 92, 'article', 1475224710, 1475224710, 19, 0, 1, 0, 0, 1, 0, 0, 0),
(165, 93, 'article', 1475224748, 1475224748, 20, 0, 0, 0, 0, 1, 0, 0, 0),
(166, 94, 'article', 1475224862, 1475224862, 19, 0, 0, 0, 0, 1, 0, 0, 0),
(167, 95, 'article', 1475225026, 1475225026, 19, 0, 1, 0, 0, 1, 0, 0, 0),
(168, 96, 'article', 1475225216, 1475225216, 19, 0, 0, 0, 0, 1, 0, 0, 0),
(169, 97, 'article', 1475225316, 1475225316, 19, 0, 2, 0, 0, 1, 0, 0, 0),
(170, 98, 'article', 1475225459, 1475225459, 19, 0, 0, 0, 0, 1, 0, 0, 0),
(171, 99, 'article', 1475225515, 1475225515, 19, 0, 1, 0, 0, 1, 0, 0, 0),
(172, 100, 'article', 1475225578, 1475225578, 19, 0, 1, 0, 0, 1, 0, 0, 0),
(173, 101, 'article', 1475225647, 1475225647, 19, 0, 0, 0, 0, 1, 0, 0, 0),
(174, 102, 'article', 1475225871, 1475225871, 19, 0, 1, 0, 0, 1, 0, 0, 0),
(175, 103, 'article', 1475225907, 1475225907, 19, 0, 0, 0, 0, 1, 0, 0, 0),
(176, 104, 'article', 1475225918, 1475225918, 20, 0, 0, 0, 0, 1, 0, 0, 0),
(177, 105, 'article', 1475225947, 1475225947, 20, 0, 0, 0, 0, 1, 0, 0, 0),
(178, 106, 'article', 1475225976, 1475225976, 20, 0, 0, 0, 0, 1, 0, 0, 0),
(179, 107, 'article', 1475226067, 1475226067, 20, 0, 0, 0, 0, 1, 0, 0, 0),
(180, 108, 'article', 1475226101, 1475226101, 20, 0, 0, 0, 0, 1, 0, 0, 0),
(181, 109, 'article', 1475226107, 1475226107, 19, 0, 0, 0, 0, 1, 0, 0, 0),
(182, 110, 'article', 1475226111, 1475226111, 19, 0, 1, 0, 0, 1, 0, 0, 0),
(183, 111, 'article', 1475226130, 1475226130, 19, 0, 0, 0, 0, 1, 0, 0, 0),
(184, 112, 'article', 1475226137, 1475226137, 20, 0, 0, 0, 0, 1, 0, 0, 0),
(185, 113, 'article', 1475226197, 1475226197, 20, 0, 0, 0, 0, 1, 0, 0, 0),
(186, 114, 'article', 1475226243, 1475226243, 19, 0, 0, 0, 0, 1, 0, 0, 0),
(187, 115, 'article', 1475226310, 1475226310, 19, 0, 2, 0, 0, 1, 0, 0, 0),
(188, 116, 'article', 1475226378, 1475226378, 19, 0, 0, 0, 0, 1, 0, 0, 0),
(189, 117, 'article', 1475226675, 1475226675, 19, 0, 1, 0, 0, 1, 0, 0, 0),
(190, 118, 'article', 1475226684, 1475226684, 20, 0, 0, 0, 0, 1, 0, 0, 0),
(191, 119, 'article', 1475226709, 1475226709, 19, 0, 0, 0, 0, 1, 0, 0, 0),
(192, 120, 'article', 1475226892, 1475226892, 19, 0, 0, 0, 0, 1, 0, 0, 0),
(193, 121, 'article', 1475226997, 1475226997, 19, 0, 0, 0, 0, 1, 0, 0, 0),
(194, 122, 'article', 1475227048, 1475227048, 19, 0, 1, 0, 0, 1, 0, 0, 0),
(195, 123, 'article', 1475227107, 1475227107, 19, 0, 0, 0, 0, 1, 0, 0, 0),
(196, 124, 'article', 1475227197, 1475227197, 19, 0, 0, 0, 0, 1, 0, 0, 0),
(197, 125, 'article', 1475227307, 1475227307, 19, 0, 1, 0, 0, 1, 0, 0, 0),
(198, 126, 'article', 1475227360, 1475227360, 19, 0, 1, 0, 0, 1, 0, 0, 0),
(199, 127, 'article', 1475227418, 1475227418, 19, 0, 1, 0, 0, 1, 0, 0, 0);

-- --------------------------------------------------------

--
-- 表的结构 `xh_question`
--

CREATE TABLE IF NOT EXISTS `xh_question` (
  `question_id` int(11) NOT NULL AUTO_INCREMENT,
  `question_content` varchar(255) NOT NULL DEFAULT '' COMMENT '问题内容',
  `question_detail` text COMMENT '问题说明',
  `add_time` int(11) NOT NULL COMMENT '添加时间',
  `update_time` int(11) DEFAULT NULL,
  `published_uid` int(11) DEFAULT NULL COMMENT '发布用户UID',
  `answer_count` int(11) NOT NULL DEFAULT '0' COMMENT '回答计数',
  `answer_users` int(11) NOT NULL DEFAULT '0' COMMENT '回答人数',
  `view_count` int(11) NOT NULL DEFAULT '0' COMMENT '浏览次数',
  `focus_count` int(11) NOT NULL DEFAULT '0' COMMENT '关注数',
  `comment_count` int(11) NOT NULL DEFAULT '0' COMMENT '评论数',
  `action_history_id` int(11) NOT NULL DEFAULT '0' COMMENT '动作的记录表的关连id',
  `category_id` int(11) NOT NULL DEFAULT '0' COMMENT '分类 ID',
  `agree_count` int(11) NOT NULL DEFAULT '0' COMMENT '回复赞同数总和',
  `against_count` int(11) NOT NULL DEFAULT '0' COMMENT '回复反对数总和',
  `best_answer` int(11) NOT NULL DEFAULT '0' COMMENT '最佳回复 ID',
  `has_attach` tinyint(1) NOT NULL DEFAULT '0' COMMENT '是否存在附件',
  `unverified_modify` text,
  `unverified_modify_count` int(10) NOT NULL DEFAULT '0',
  `ip` bigint(11) DEFAULT NULL,
  `last_answer` int(11) NOT NULL DEFAULT '0' COMMENT '最后回答 ID',
  `popular_value` double NOT NULL DEFAULT '0',
  `popular_value_update` int(10) NOT NULL DEFAULT '0',
  `lock` tinyint(1) NOT NULL DEFAULT '0' COMMENT '是否锁定',
  `anonymous` tinyint(1) NOT NULL DEFAULT '0',
  `thanks_count` int(10) NOT NULL DEFAULT '0',
  `question_content_fulltext` text,
  `is_recommend` tinyint(1) NOT NULL DEFAULT '0',
  `weibo_msg_id` bigint(20) DEFAULT NULL,
  `received_email_id` int(10) DEFAULT NULL,
  `chapter_id` int(10) unsigned DEFAULT NULL,
  `sort` tinyint(2) unsigned NOT NULL DEFAULT '0',
  PRIMARY KEY (`question_id`),
  KEY `category_id` (`category_id`),
  KEY `update_time` (`update_time`),
  KEY `add_time` (`add_time`),
  KEY `published_uid` (`published_uid`),
  KEY `answer_count` (`answer_count`),
  KEY `agree_count` (`agree_count`),
  KEY `question_content` (`question_content`),
  KEY `lock` (`lock`),
  KEY `thanks_count` (`thanks_count`),
  KEY `anonymous` (`anonymous`),
  KEY `popular_value` (`popular_value`),
  KEY `best_answer` (`best_answer`),
  KEY `popular_value_update` (`popular_value_update`),
  KEY `against_count` (`against_count`),
  KEY `is_recommend` (`is_recommend`),
  KEY `weibo_msg_id` (`weibo_msg_id`),
  KEY `received_email_id` (`received_email_id`),
  KEY `unverified_modify_count` (`unverified_modify_count`),
  KEY `chapter_id` (`chapter_id`),
  KEY `sort` (`sort`),
  FULLTEXT KEY `question_content_fulltext` (`question_content_fulltext`)
) ENGINE=MyISAM  DEFAULT CHARSET=utf8 COMMENT='问题列表' AUTO_INCREMENT=73 ;

--
-- 转存表中的数据 `xh_question`
--

INSERT INTO `xh_question` (`question_id`, `question_content`, `question_detail`, `add_time`, `update_time`, `published_uid`, `answer_count`, `answer_users`, `view_count`, `focus_count`, `comment_count`, `action_history_id`, `category_id`, `agree_count`, `against_count`, `best_answer`, `has_attach`, `unverified_modify`, `unverified_modify_count`, `ip`, `last_answer`, `popular_value`, `popular_value_update`, `lock`, `anonymous`, `thanks_count`, `question_content_fulltext`, `is_recommend`, `weibo_msg_id`, `received_email_id`, `chapter_id`, `sort`) VALUES
(1, '科目一，考试求过', '科目一，考试求过', 1472707611, 1472713229, 2, 1, 1, 13, 2, 0, 0, 1, 2, 0, 0, 0, NULL, 0, 606148727, 2, 4.412514579381, 1473093432, 0, 0, 0, '3118530446 3277135797 2771436807', 0, NULL, NULL, NULL, 0),
(2, '学车有晒黑的吗', '学车有晒黑的吗', 1472708596, 1472715849, 2, 2, 2, 15, 3, 0, 0, 4, 1, 0, 0, 0, NULL, 0, 606148727, 9, 4.6461280356782, 1473738666, 0, 0, 0, '2339836710', 0, NULL, NULL, NULL, 0),
(3, '三题错了两题，求安慰', '刚刚考驾照，啊啊啊，做了三题错了2题，啊啊啊', 1472713346, 1472715798, 5, 3, 3, 14, 4, 1, 0, 2, 1, 0, 0, 0, NULL, 0, 606148727, 8, 5.6139433523068, 1473132312, 0, 0, 0, '1997739064 2000439064 2343324944', 0, NULL, NULL, NULL, 0),
(4, '明天就考试了，好紧张', '', 1472714055, 1472714850, 6, 2, 2, 5, 2, 0, 0, 2, 1, 0, 0, 0, NULL, 0, 606148727, 5, 3.102059991328, 1473658640, 0, 0, 0, '2612622825 3277135797 3203924352', 0, NULL, NULL, NULL, 0),
(5, '谢谢嘻哈，科一过了。耶耶耶！！！', '', 1472714701, 1472715181, 7, 1, 1, 9, 2, 0, 0, 2, 1, 0, 0, 0, NULL, 0, 606148727, 7, 3.4030899869919, 1473086952, 0, 0, 0, '3587435874 2207521704 3282232822', 0, NULL, NULL, NULL, 0),
(6, '下个星期一要考可以了，有点鸡冻啊', '', 1472715152, 1472715152, 4, 0, 0, 2, 1, 0, 0, 2, 0, 0, 0, 0, NULL, 0, 606148727, 0, 1, 1472715885, 0, 0, 0, '1997920010 261432639919968 4048120923', 0, NULL, NULL, NULL, 0),
(7, '科目一过啦，科目二ing', '', 1472715495, 1472715495, 8, 0, 0, 3, 1, 0, 0, 1, 0, 0, 0, 0, NULL, 0, 606148727, 0, 1.301029995664, 1473123672, 0, 0, 0, '3118530446 1996836807 ing', 0, NULL, NULL, NULL, 0),
(8, '我在嘻哈上模式了几轮，每一次都是95分以上', '', 1472715779, 1473064312, 9, 2, 2, 23, 3, 0, 0, 3, 2, 0, 0, 0, NULL, 0, 606148727, 11, 5.6757560141555, 1473129543, 0, 0, 0, '2207521704 2716924335 2096036718 1996827425 3711726159 9520998 2019719978', 0, NULL, NULL, NULL, 0),
(9, '新人 新人 ', '', 1472717178, 1472717178, 10, 0, 0, 10, 1, 0, 0, 2, 0, 0, 0, 0, NULL, 0, 606148727, 0, 1.9542425094393, 1473317571, 0, 0, 0, '2603220154', 0, NULL, NULL, NULL, 0),
(10, '科目二考试的时候进库左右距离差别太大怎么办', '', 1473149295, 1473150029, 12, 2, 2, 7, 3, 0, 0, 2, 1, 0, 0, 1, NULL, 0, 606148727, 13, 4.2781512503836, 1473671936, 0, 0, 0, '3118530446 3277135797 3682724211 2403821491 3631731163 2404621035 2282622823', 0, NULL, NULL, NULL, 0),
(11, '请问可以通过什么方式报名嘻哈学车呢，天气凉爽了，有考驾照的打算了~', '', 1473150110, 1473150320, 15, 2, 2, 10, 2, 0, 0, 2, 1, 0, 0, 0, NULL, 0, 606148727, 15, 3.4542425094393, 1473597042, 0, 0, 0, '3583138382 21487201973689036807 2604124335 2525321517 2207521704 2339836710 2282527668 2093729245 3955029031', 0, NULL, NULL, NULL, 0),
(12, '用嘻哈学车app真的可以合理安排自己的时间吗', '', 1473150545, 1473150752, 17, 1, 1, 5, 2, 0, 0, 2, 0, 0, 0, 0, NULL, 0, 606148727, 16, 2.602059991328, 1474053530, 0, 0, 0, '2207521704 2339836710 app 2151229702 2343325490 2610238388', 0, NULL, NULL, NULL, 0),
(13, '用这个怎么报名', '', 1473151050, 1473151050, 20, 0, 0, 6, 1, 0, 0, 2, 0, 0, 0, 0, NULL, 0, 606148727, 0, 1.698970004336, 1474053992, 0, 0, 0, '2525321517', 0, NULL, NULL, NULL, 0),
(14, '科目一我都是看这个app上面的，过了', '', 1473153250, 1473153250, 21, 0, 0, 5, 1, 0, 0, 1, 0, 0, 0, 0, NULL, 0, 606148727, 0, 1.602059991328, 1473588942, 0, 0, 0, '3118530446 1996825105 3711726159 app', 0, NULL, NULL, NULL, 0),
(15, '嘻哈学车app直接下载就可以用了吗？', '', 1473212374, 1473232534, 24, 1, 1, 7, 2, 0, 0, 2, 0, 0, 0, 0, NULL, 0, 606148727, 21, 2.7781512503836, 1474056132, 0, 0, 0, '2207521704 2339836710 app 3045225509 1997936733 236012148720197', 0, NULL, NULL, NULL, 0),
(16, '嘻哈学车真的好用吗？没听说过啊，我刚考完科目一，现在学还来得及吗？', '', 1473214297, 1473214518, 27, 1, 1, 4, 2, 0, 0, 2, 0, 0, 0, 0, NULL, 0, 606148727, 17, 2.4771212547197, 1473594342, 0, 0, 0, '2207521704 2339836710 2290929992 2780921548 3582836807 2510521018 3277123436 3118530446 2231223398 264692447121450', 0, NULL, NULL, NULL, 0),
(17, '谁能告诉我怎么用这个学车啊？', '', 1473215894, 1473231124, 29, 1, 1, 8, 2, 0, 0, 2, 0, 0, 0, 0, NULL, 0, 606148727, 19, 2.8450980400143, 1474056116, 0, 0, 1, '3584133021 2157835785 2339836710', 0, NULL, NULL, NULL, 0),
(18, '之前在网上看过你们嘻哈学车电子教练 合肥有哪些驾校用了呢', '', 1473225820, 1473225883, 31, 1, 1, 5, 2, 0, 0, 2, 1, 0, 0, 0, NULL, 0, 606148727, 18, 3.102059991328, 1474056101, 0, 0, 0, '2004321069 3259319978 3047536807 2207521704 2339836710 3000523376 2594532451 2151232933 3955026657', 0, NULL, NULL, NULL, 0),
(19, '嘻哈学车真的很不错 学车必须选择嘻哈学车', '', 1473229550, 1473229550, 32, 0, 0, 4, 2, 0, 0, 2, 0, 0, 0, 0, NULL, 0, 606148727, 0, 2.4771212547197, 1474056101, 0, 0, 0, '2207521704 2339836710 1998138169 2451739035 3687325321', 0, NULL, NULL, NULL, 0),
(20, '我们驾校就在用这个app，我现在是用app在看可以，很好用', '', 1473231623, 1473232135, 34, 1, 1, 6, 2, 0, 0, 2, 1, 0, 0, 0, NULL, 0, 606148727, 20, 3.198970004336, 1474056116, 0, 0, 0, '3955026657 2231229992 app 2961622312 2231230475 2290929992', 0, NULL, NULL, NULL, 0),
(21, '考试考过啦，哈哈~', '', 1473232095, 1473672053, 35, 3, 3, 11, 4, 0, 0, 2, 7, 0, 0, 0, NULL, 0, 606148727, 32, 11.125, 1474053038, 0, 0, 0, '3277135797 3277136807', 0, NULL, NULL, NULL, 0),
(22, '赶紧考科三，好想拿驾照', '', 1473232435, 1473232435, 37, 0, 0, 4, 1, 0, 0, 2, 0, 0, 0, 0, NULL, 0, 606148727, 0, 1.4771212547197, 1473591642, 0, 0, 0, '3621432039 3277131185 2290924819 3955029031', 0, NULL, NULL, NULL, 0),
(23, '用app约车，真的可以向什么时候去就什么时候去吗', '', 1473233235, 1473233287, 38, 1, 1, 7, 2, 0, 0, 2, 1, 0, 0, 0, NULL, 0, 606148727, 22, 3.2781512503836, 1474055870, 0, 0, 0, 'app 3242236710 214872019721521 20160200402610220505 2143523601 2143521527', 0, NULL, NULL, NULL, 0),
(24, '科目三好难啊', '科目三，教练好可怕，怎么办？？？我是女孩子求带', 1473318480, 1473318480, 43, 0, 0, 44, 2, 0, 0, 5, 0, 0, 0, 0, NULL, 0, 606148727, 0, 3.6334684555796, 1473671692, 0, 0, 0, '3118530446 1997722909 3859021834', 0, NULL, NULL, NULL, 0),
(25, '怎么用这个app', '', 1473321486, 1473671739, 44, 1, 1, 11, 2, 0, 0, 2, 4, 0, 0, 0, NULL, 0, 606148727, 29, 6.2, 1473763146, 0, 0, 0, 'app', 0, NULL, NULL, NULL, 0),
(26, '科目三考试合格标准是什么', '', 1473321608, 1473321608, 45, 0, 0, 3, 1, 0, 0, 2, 0, 0, 0, 0, NULL, 0, 606148727, 0, 1.301029995664, 1473499842, 0, 0, 0, '3118530446 3277135797 2151226684 2663120934 261592016020040', 0, NULL, NULL, NULL, 0),
(27, '科目三都有哪些啊', '', 1473321811, 1473321811, 46, 0, 0, 2, 1, 0, 0, 2, 0, 0, 0, 0, NULL, 0, 606148727, 0, 1, 1473666311, 0, 0, 0, '3118530446', 0, NULL, NULL, NULL, 0),
(28, '科三注意哪些不容易挂', '', 1473322090, 1473322090, 47, 0, 0, 3, 1, 0, 0, 2, 0, 0, 0, 0, NULL, 0, 606148727, 0, 1.301029995664, 1473548442, 0, 0, 0, '2788024847 199812348126131', 0, NULL, NULL, NULL, 0),
(29, '科三过了，多注意细节', '', 1473322155, 1473672188, 42, 4, 4, 22, 5, 0, 0, 2, 16, 0, 23, 0, NULL, 0, 606148727, 34, 21.381042824146, 1473756965, 0, 0, 0, '2788024847 3245433410', 0, NULL, NULL, NULL, 0),
(30, '谁能告诉我倒库有什么技巧啊', '', 1473322303, 1473671476, 40, 2, 2, 16, 3, 0, 0, 2, 5, 0, 0, 0, NULL, 0, 606148727, 27, 8.3427579257223, 1474357904, 0, 0, 0, '3584133021 2157835785 2510520498 2521624039', 0, NULL, NULL, NULL, 0),
(31, '起步经常熄火，是什么原因啊！', '问题背景、条件等详细信息...', 1473660033, 1474868303, 49, 5, 5, 18, 5, 0, 0, 13, 8, 0, 35, 0, NULL, 0, 606148727, 71, 12.355448921378, 1474868269, 0, 0, 0, '3621527493 3246324120 2906028779 261592016020040 2140722240', 0, NULL, NULL, NULL, 0),
(32, '挂挡容易挂不上是怎么个情况 啊？', '', 1473746855, 1473746855, 61, 0, 0, 13, 1, 0, 0, 13, 0, 0, 0, 0, NULL, 0, 606148727, 0, 1.9542425094393, 1474222899, 0, 0, 0, '2534625377 2348126131 1998119978 2477320917', 0, NULL, NULL, NULL, 0),
(33, '倒库好难，有什么技巧吗', '', 1473837348, 1473837348, 69, 0, 0, 3, 1, 0, 0, 2, 0, 0, 0, 0, NULL, 0, 606148727, 0, 1.301029995664, 1474051791, 0, 0, 0, '2049824211 2290938590 2521624039', 0, NULL, NULL, NULL, 0),
(34, '怎么用app报名', '', 1473837404, 1473837594, 68, 1, 1, 6, 2, 0, 0, 2, 0, 0, 0, 0, NULL, 0, 606148727, 37, 2.698970004336, 1474357840, 0, 0, 0, 'app 2525321517', 0, NULL, NULL, NULL, 0),
(35, '自动挡档位在等红灯或者短暂停车的时候，该挂D挡还是N挡', '', 1473837528, 1473840106, 67, 2, 2, 6, 3, 0, 0, 2, 0, 0, 0, 0, NULL, 0, 606148727, 44, 3.698970004336, 1474052037, 0, 0, 0, '332582116025377 2672320301 2231231561 3241828783 3070126242 2057236710 3581325346', 0, NULL, NULL, NULL, 0),
(36, '现在报名都什么价格', '', 1473837857, 1473840705, 65, 2, 2, 6, 3, 0, 0, 2, 0, 0, 0, 0, NULL, 0, 606148727, 46, 3.698970004336, 1474051776, 0, 0, 0, '2961622312 2151737117 2021526684', 0, NULL, NULL, NULL, 0),
(37, '听说以后考试越来越难是吗', '', 1473838007, 1474178755, 66, 3, 3, 7, 4, 0, 0, 2, 0, 0, 0, 0, NULL, 0, 606148727, 48, 3.7781512503836, 1474178738, 0, 0, 0, '2154835828 2019721518 3277135797 362342646936234 2615921527', 0, NULL, NULL, NULL, 0),
(38, '终于拿上驾照了，没拿驾照的赶紧考，我感觉越来越难', '', 1473838165, 1473838165, 64, 0, 0, 3, 1, 0, 0, 2, 0, 0, 0, 0, NULL, 0, 606148727, 0, 1.301029995664, 1474051637, 0, 0, 0, '3245620110 2534319978 3955029031 2780925343 3621432039 2486335273 362342646936234', 0, NULL, NULL, NULL, 0),
(39, '用app怎么学车啊', '', 1473838434, 1473838783, 63, 1, 1, 6, 2, 0, 0, 2, 1, 0, 0, 0, NULL, 0, 606148727, 42, 3.198970004336, 1474051637, 0, 0, 0, 'app 2339836710', 0, NULL, NULL, NULL, 0),
(40, '用这个app真的可以不被教练骂吗', '', 1473838527, 1473838611, 72, 1, 1, 6, 2, 0, 0, 2, 0, 0, 0, 0, NULL, 0, 606148727, 40, 2.698970004336, 1474051683, 0, 0, 0, 'app 1998134987 2594532451 3955421527', 0, NULL, NULL, NULL, 0),
(41, '每当到驾校，感觉智商为零', '', 1473838670, 1473838735, 70, 1, 1, 3, 2, 0, 0, 2, 0, 0, 0, 0, NULL, 0, 606148727, 41, 2.301029995664, 1474051806, 0, 0, 0, '3955026657 2486335273 2623421830 2002638646', 0, NULL, NULL, NULL, 0),
(42, '考完试一身轻松，终于解放了', '', 1473838819, 1473840352, 71, 1, 1, 4, 2, 0, 0, 2, 0, 0, 0, 0, NULL, 0, 606148727, 45, 2.4771212547197, 1474051699, 0, 0, 0, '3277123436 1996836523 3673126494 3245620110', 0, NULL, NULL, NULL, 0),
(43, '我朋友有用嘻哈学车哎  这个到底好用吗', '', 1474179427, 1474180960, 79, 1, 1, 6, 2, 0, 0, 2, 0, 0, 0, 0, NULL, 0, 606148727, 50, 2.698970004336, 1474205927, 0, 0, 0, '2637921451 2207521704 2339836710 2104024213 2290929992', 0, NULL, NULL, NULL, 0),
(44, '科目一要考多少分才行啊', '', 1474180368, 1474180455, 81, 1, 1, 4, 2, 0, 0, 2, 0, 0, 0, 0, NULL, 0, 606148727, 49, 2.4771212547197, 1474195086, 0, 0, 0, '3118530446 2516534892', 0, NULL, NULL, NULL, 0),
(45, '我个人觉得我还是比较喜欢用嘻哈学车app约车，这样我在公司请假的概率都低了，而且还能有效的多练，不用等，推荐在学车和要学车的朋友们可以使用一下', '', 1474180920, 1474181294, 82, 1, 1, 5, 2, 0, 0, 5, 0, 0, 0, 0, NULL, 0, 606148727, 51, 2.602059991328, 1474248968, 0, 0, 0, '2001020154 3527324471 2760436739 2191627426 2207521704 2339836710 app 3242236710 2084421496 2701029575 3682433021 2281032451 1998129992 2551233616 263792145120204 2035129992 1996819979', 0, NULL, NULL, NULL, 0),
(46, '什么时候可以考科三，考完科二还要等那么久', '', 1474181235, 1474181333, 83, 1, 1, 8, 2, 0, 0, 5, 0, 0, 0, 0, NULL, 0, 606148727, 52, 2.8450980400143, 1474195266, 0, 0, 0, '20160200402610220505 3277131185 3277123436 3520131561', 0, NULL, NULL, NULL, 0),
(47, '科目二难吗', '', 1474181639, 1474182165, 84, 2, 2, 33, 3, 0, 0, 5, 1, 0, 0, 0, NULL, 0, 606148727, 54, 4.5, 1474309687, 0, 0, 0, '3118530446 2010838590', 0, NULL, NULL, NULL, 0),
(48, '现在都说要增加科目五，真的假的', '', 1474181785, 1474181785, 86, 0, 0, 3, 1, 0, 0, 2, 0, 0, 0, 0, NULL, 0, 606148727, 0, 1.301029995664, 1474195266, 0, 0, 0, '2961622312 3711735828 2268621152 3118530446', 0, NULL, NULL, NULL, 0),
(49, '听说10月份以后会改考驾照的要求是吗', '', 1474182099, 1474182099, 87, 0, 0, 3, 1, 0, 0, 2, 0, 0, 0, 0, NULL, 0, 606148727, 0, 1.301029995664, 1474194906, 0, 0, 0, '2154835828 102637620221 2019721518 2025025913 3955029031 3520127714 2615921527', 0, NULL, NULL, NULL, 0),
(50, '谁能告诉我怎么才能把倒库练好', '', 1474182516, 1474182516, 88, 0, 0, 6, 1, 0, 0, 2, 0, 0, 0, 0, NULL, 0, 606148727, 0, 1.698970004336, 1474267162, 0, 0, 0, '3584133021 2157835785 3302125226 2049824211 3245122909', 0, NULL, NULL, NULL, 0),
(51, '刚报名驾校，用APP做科目一，不用看书', '', 1474265625, 1474266040, 95, 1, 1, 4, 2, 0, 0, 2, 0, 0, 0, 1, NULL, 0, 606148727, 56, 2.4771212547197, 1474482001, 0, 0, 0, '2525321517 3955026657 app 3118530446 1998129992 3047520070', 0, NULL, NULL, NULL, 0),
(52, '科目二考试挂两次了。还能不能再继续考？平时练的都挺好的，教练考试没有问题，模拟也都及格', '', 1474265852, 1474266022, 96, 1, 1, 3, 2, 0, 0, 2, 0, 0, 0, 1, NULL, 0, 606148727, 55, 2.301029995664, 1474266185, 0, 0, 0, '3118530446 3277135797 2000427425 330211998133021 208773248732493 2417926102 2594532451 2716925311 2006337117 2145026684', 0, NULL, NULL, NULL, 0),
(53, '科目三调头一档，在什么时候用二挡？', '', 1474266033, 1474266033, 94, 0, 0, 1, 1, 0, 0, 2, 0, 0, 0, 0, NULL, 0, 606148727, 0, 0, 1474266033, 0, 0, 0, '3118530446 3584322836 1996826723 20160200402610220505 2010825377', 0, NULL, NULL, NULL, 0),
(54, '科目二考过了，真的很幸运', '', 1474266103, 1474351766, 98, 2, 2, 5, 3, 0, 0, 2, 0, 0, 0, 0, NULL, 0, 606148727, 59, 3.602059991328, 1474494422, 0, 0, 0, '3118530446 2010832771 2418436816', 0, NULL, NULL, NULL, 0),
(55, '科目二终于考过了，给打击分享考试经验，在未考试之前的晚上睡好觉，精神好会成功', '', 1474267054, 1474267054, 99, 0, 0, 2, 1, 0, 0, 2, 0, 0, 0, 1, NULL, 0, 606148727, 0, 1, 1474920674, 0, 0, 0, '3118530446 3245620110 2517120987 2099820139 3277135797 3246339564 2004321069 2620219978 3056122909 319343107022909 2510421151', 0, NULL, NULL, NULL, 0),
(56, '第二天练车，好热', '', 1474267271, 1474271369, 101, 1, 1, 4, 2, 0, 0, 2, 0, 0, 0, 0, NULL, 0, 606148727, 57, 2.4771212547197, 1474475841, 0, 0, 0, '315322010822825 3245136710 2290928909', 0, NULL, NULL, NULL, 0),
(57, '的了好长时间，才考科三，一次就过了', '', 1474267439, 1474267439, 103, 0, 0, 3, 1, 0, 0, 2, 0, 0, 0, 0, NULL, 0, 606148727, 0, 1.301029995664, 1474920210, 0, 0, 0, '382712610238388 3277131185 1996827425', 0, NULL, NULL, NULL, 0),
(58, '紧急求助，侧方位停车右打死方向看哪个点？', '', 1474267560, 1474267560, 104, 0, 0, 2, 1, 0, 0, 2, 0, 0, 0, 0, NULL, 0, 606148727, 0, 1, 1474920674, 0, 0, 0, '3203924613 2771421161 2604120301 2057236710 2517127515 2604121521', 0, NULL, NULL, NULL, 0),
(59, '过啦过啦，本本拿到手了，大家考试一定不要紧张', '', 1474355565, 1474355565, 102, 0, 0, 3, 1, 0, 0, 2, 0, 0, 0, 0, NULL, 0, 606148727, 0, 1.301029995664, 1474920442, 0, 0, 1, '3680721862 2641226412 2104025163 2282323478 3277135797 1996823450 1998135201 3203924352', 0, NULL, NULL, NULL, 0),
(60, '看看我的练车场地', '', 1474355945, 1474356043, 48, 1, 1, 4, 2, 0, 0, 2, 0, 0, 0, 1, NULL, 0, 606148727, 60, 2.4771212547197, 1474920210, 0, 0, 0, '3047530475 3245136710 2233022320', 0, NULL, NULL, NULL, 0),
(61, '驾照在手，说走就走', '', 1474356743, 1474357897, 100, 1, 1, 4, 2, 0, 0, 2, 0, 0, 0, 1, NULL, 0, 606148727, 61, 2.4771212547197, 1474469361, 0, 0, 0, '3955029031 2231225163 2360136208', 0, NULL, NULL, NULL, 0),
(62, '用app做题方便，还有注解', '', 1474358480, 1474437873, 112, 2, 2, 5, 3, 0, 0, 2, 0, 0, 0, 1, NULL, 0, 606148727, 70, 3.602059991328, 1474510374, 0, 0, 0, 'app 2057039064 2604120415 2788035299', 0, NULL, NULL, NULL, 0),
(63, '科目二怎么那么难，倒库老是倒不对', '', 1474358884, 1474358884, 111, 0, 0, 2, 1, 0, 0, 2, 0, 0, 0, 1, NULL, 0, 606148727, 0, 1, 1474646249, 0, 0, 0, '3118530446 2049824211 3276926159 1998123545', 0, NULL, NULL, NULL, 0),
(64, '马上要考科三了，祝我顺利吧', '', 1474361180, 1474362795, 110, 1, 1, 4, 2, 0, 0, 2, 0, 0, 0, 0, NULL, 0, 606148727, 68, 2.4771212547197, 1474868247, 0, 0, 0, '3953219978 3277131185 3106925105 3903421033', 0, NULL, NULL, NULL, 0),
(65, '现在报名都多少钱，有包过的吗？', '', 1474361317, 1474362128, 116, 1, 1, 4, 2, 0, 0, 2, 0, 0, 0, 0, NULL, 0, 606148727, 66, 2.4771212547197, 1474486001, 0, 0, 0, '2961622312 2151737117 2356938065 2125336807', 0, NULL, NULL, NULL, 0),
(66, '练车好辛苦啊', '', 1474361513, 1474362090, 115, 2, 2, 5, 3, 0, 0, 2, 0, 0, 0, 1, NULL, 0, 606148727, 65, 3.602059991328, 1474480001, 0, 0, 0, '3245136710 3676333510', 0, NULL, NULL, NULL, 0),
(67, '练车练了好几天了，感觉还是有点车感的，棒棒哒', '', 1474361847, 1474362012, 114, 2, 2, 4, 3, 0, 0, 2, 0, 0, 0, 0, NULL, 0, 606148727, 63, 3.4771212547197, 1474646115, 0, 0, 1, '3245136710 2096022825 2486335273 3671024863 2683426834', 0, NULL, NULL, NULL, 0),
(68, '今天考了两次都没过，有的被教练说，倒库好难啊，怎么才能考过啊', '', 1474362136, 1474362671, 120, 1, 1, 3, 2, 0, 0, 2, 0, 0, 0, 0, NULL, 0, 606148727, 67, 2.301029995664, 1474646249, 0, 0, 0, '2017022825 2000427425 3711727809 2594532451 2049824211 2290938590 2516533021 3277136807', 0, NULL, NULL, NULL, 0),
(69, '现在科目三还考不考夜考了？', '', 1474362764, 1474362764, 119, 0, 0, 2, 1, 0, 0, 2, 0, 0, 0, 0, NULL, 0, 606148727, 0, 1, 1474645982, 0, 0, 0, '2961622312 3118530446 3277119981 3277122812', 0, NULL, NULL, NULL, 0),
(70, '听说在合肥用嘻哈学车app报名驾校有优惠是吗', '', 1474616351, 1474616351, 135, 0, 0, 4, 1, 0, 0, 2, 0, 0, 0, 0, NULL, 0, 606148727, 0, 1.4771212547197, 1474868239, 0, 0, 0, '2154835828 2151232933 2207521704 2339836710 app 2525321517 3955026657 2024824800 2615921527', 0, NULL, NULL, NULL, 0),
(71, '压离合器老是熄火怎么办啊？', '', 1474872971, 1474872971, 139, 0, 0, 3, 1, 0, 0, 2, 0, 0, 0, 0, NULL, 0, 1018033988, 0, 1.301029995664, 1474894609, 0, 0, 0, '311632151222120 3276926159 2906028779', 0, NULL, NULL, NULL, 0),
(72, '今天刚刚报名驾照了 希望都能顺利通过吧', '', 1474959671, 1474959671, 142, 0, 0, 6, 1, 0, 0, 2, 0, 0, 0, 0, NULL, 0, 1018033988, 0, 1.698970004336, 1475218982, 0, 0, 0, '2017022825 2101821018 2525321517 3955029031 2407626395 3711733021 3903421033', 0, NULL, NULL, NULL, 0);

-- --------------------------------------------------------

--
-- 表的结构 `xh_question_comments`
--

CREATE TABLE IF NOT EXISTS `xh_question_comments` (
  `id` int(11) unsigned NOT NULL AUTO_INCREMENT,
  `question_id` int(11) DEFAULT '0',
  `uid` int(11) DEFAULT '0',
  `message` text,
  `time` int(10) DEFAULT NULL,
  PRIMARY KEY (`id`),
  KEY `question_id` (`question_id`),
  KEY `time` (`time`)
) ENGINE=InnoDB  DEFAULT CHARSET=utf8 AUTO_INCREMENT=2 ;

--
-- 转存表中的数据 `xh_question_comments`
--

INSERT INTO `xh_question_comments` (`id`, `question_id`, `uid`, `message`, `time`) VALUES
(1, 3, 6, '智商够着急的啊，这题也能错', 1472713647);

-- --------------------------------------------------------

--
-- 表的结构 `xh_question_focus`
--

CREATE TABLE IF NOT EXISTS `xh_question_focus` (
  `focus_id` int(11) NOT NULL AUTO_INCREMENT COMMENT '自增ID',
  `question_id` int(11) DEFAULT NULL COMMENT '话题ID',
  `uid` int(11) DEFAULT NULL COMMENT '用户UID',
  `add_time` int(10) DEFAULT NULL,
  PRIMARY KEY (`focus_id`),
  KEY `question_id` (`question_id`),
  KEY `question_uid` (`question_id`,`uid`)
) ENGINE=InnoDB  DEFAULT CHARSET=utf8 COMMENT='问题关注表' AUTO_INCREMENT=144 ;

--
-- 转存表中的数据 `xh_question_focus`
--

INSERT INTO `xh_question_focus` (`focus_id`, `question_id`, `uid`, `add_time`) VALUES
(1, 1, 2, 1472707611),
(2, 2, 2, 1472708596),
(3, 2, 1, 1472709295),
(4, 1, 5, 1472713229),
(5, 3, 5, 1472713346),
(6, 3, 1, 1472713851),
(8, 4, 6, 1472714185),
(9, 5, 7, 1472714701),
(10, 4, 7, 1472714850),
(11, 3, 7, 1472714892),
(12, 6, 4, 1472715152),
(13, 5, 4, 1472715181),
(14, 7, 8, 1472715495),
(15, 8, 9, 1472715779),
(16, 3, 9, 1472715798),
(17, 2, 9, 1472715849),
(18, 8, 10, 1472716247),
(19, 9, 10, 1472717178),
(20, 8, 1, 1473064312),
(21, 10, 12, 1473149295),
(22, 10, 13, 1473149638),
(23, 10, 14, 1473150029),
(24, 11, 15, 1473150110),
(25, 11, 14, 1473150242),
(26, 12, 17, 1473150545),
(27, 12, 18, 1473150752),
(28, 13, 20, 1473151050),
(29, 14, 21, 1473153250),
(30, 15, 24, 1473212374),
(31, 16, 27, 1473214297),
(32, 16, 28, 1473214518),
(33, 17, 29, 1473215894),
(34, 18, 31, 1473225820),
(35, 18, 29, 1473225883),
(36, 19, 32, 1473229550),
(37, 17, 21, 1473231124),
(38, 20, 34, 1473231623),
(39, 21, 35, 1473232095),
(40, 20, 35, 1473232135),
(41, 22, 37, 1473232435),
(42, 19, 37, 1473232482),
(43, 15, 37, 1473232534),
(44, 23, 38, 1473233235),
(45, 23, 39, 1473233287),
(46, 24, 43, 1473318480),
(47, 24, 1, 1473318709),
(48, 25, 44, 1473321486),
(49, 26, 45, 1473321608),
(50, 27, 46, 1473321811),
(51, 28, 47, 1473322090),
(52, 29, 42, 1473322155),
(53, 30, 40, 1473322303),
(54, 31, 49, 1473660033),
(55, 29, 1, 1473665856),
(56, 29, 41, 1473666199),
(57, 30, 41, 1473666296),
(58, 29, 12, 1473671385),
(59, 30, 12, 1473671476),
(60, 31, 12, 1473671594),
(61, 25, 12, 1473671739),
(62, 21, 12, 1473671798),
(63, 21, 14, 1473671995),
(64, 21, 18, 1473672053),
(65, 31, 18, 1473672128),
(66, 29, 18, 1473672188),
(67, 31, 2, 1473739349),
(68, 31, 61, 1473746778),
(69, 32, 61, 1473746855),
(70, 33, 69, 1473837348),
(71, 34, 68, 1473837404),
(72, 35, 67, 1473837528),
(73, 34, 67, 1473837594),
(74, 36, 65, 1473837857),
(75, 37, 66, 1473838007),
(76, 37, 64, 1473838115),
(77, 38, 64, 1473838165),
(78, 36, 64, 1473838208),
(79, 39, 63, 1473838434),
(80, 40, 72, 1473838527),
(81, 40, 70, 1473838611),
(82, 41, 70, 1473838670),
(83, 41, 71, 1473838735),
(84, 39, 71, 1473838783),
(85, 42, 71, 1473838819),
(86, 35, 71, 1473838874),
(87, 35, 73, 1473840106),
(88, 42, 74, 1473840352),
(89, 36, 75, 1473840705),
(90, 37, 76, 1473841450),
(91, 37, 78, 1474178755),
(92, 43, 79, 1474179427),
(93, 44, 81, 1474180368),
(94, 44, 85, 1474180455),
(95, 45, 82, 1474180920),
(96, 43, 82, 1474180960),
(97, 46, 83, 1474181235),
(98, 45, 91, 1474181294),
(99, 46, 92, 1474181333),
(100, 47, 84, 1474181639),
(101, 47, 93, 1474181735),
(102, 48, 86, 1474181785),
(103, 49, 87, 1474182099),
(104, 47, 90, 1474182165),
(105, 50, 88, 1474182516),
(106, 51, 95, 1474265625),
(107, 52, 96, 1474265852),
(108, 52, 105, 1474266022),
(109, 53, 94, 1474266033),
(110, 51, 105, 1474266040),
(111, 54, 98, 1474266103),
(112, 55, 99, 1474267055),
(113, 56, 101, 1474267271),
(114, 57, 103, 1474267439),
(115, 58, 104, 1474267561),
(116, 56, 106, 1474271369),
(117, 54, 106, 1474271388),
(118, 54, 109, 1474351766),
(119, 59, 102, 1474355565),
(120, 60, 48, 1474355945),
(121, 60, 113, 1474356043),
(122, 61, 100, 1474356744),
(123, 61, 118, 1474357897),
(124, 62, 112, 1474358480),
(125, 63, 111, 1474358884),
(126, 64, 110, 1474361180),
(127, 65, 116, 1474361317),
(128, 66, 115, 1474361513),
(129, 67, 114, 1474361847),
(130, 67, 123, 1474361970),
(131, 67, 124, 1474362012),
(132, 66, 123, 1474362056),
(133, 66, 124, 1474362090),
(134, 65, 124, 1474362128),
(135, 68, 120, 1474362136),
(136, 68, 122, 1474362671),
(137, 69, 119, 1474362764),
(138, 64, 119, 1474362795),
(139, 62, 119, 1474362828),
(140, 62, 108, 1474437873),
(141, 70, 135, 1474616351),
(142, 71, 139, 1474872971),
(143, 72, 142, 1474959671);

-- --------------------------------------------------------

--
-- 表的结构 `xh_question_invite`
--

CREATE TABLE IF NOT EXISTS `xh_question_invite` (
  `question_invite_id` int(11) NOT NULL AUTO_INCREMENT COMMENT '自增ID',
  `question_id` int(11) NOT NULL COMMENT '问题ID',
  `sender_uid` int(11) NOT NULL,
  `recipients_uid` int(11) DEFAULT NULL,
  `email` varchar(255) DEFAULT NULL COMMENT '受邀Email',
  `add_time` int(10) DEFAULT '0' COMMENT '添加时间',
  `available_time` int(10) DEFAULT '0' COMMENT '生效时间',
  PRIMARY KEY (`question_invite_id`),
  KEY `question_id` (`question_id`),
  KEY `sender_uid` (`sender_uid`),
  KEY `recipients_uid` (`recipients_uid`),
  KEY `add_time` (`add_time`)
) ENGINE=InnoDB DEFAULT CHARSET=utf8 COMMENT='邀请问答' AUTO_INCREMENT=1 ;

-- --------------------------------------------------------

--
-- 表的结构 `xh_question_thanks`
--

CREATE TABLE IF NOT EXISTS `xh_question_thanks` (
  `id` int(11) unsigned NOT NULL AUTO_INCREMENT,
  `uid` int(11) DEFAULT '0',
  `question_id` int(11) DEFAULT '0',
  `user_name` varchar(255) DEFAULT NULL,
  `time` int(10) DEFAULT '0',
  PRIMARY KEY (`id`),
  KEY `question_id` (`question_id`)
) ENGINE=InnoDB  DEFAULT CHARSET=utf8 AUTO_INCREMENT=4 ;

--
-- 转存表中的数据 `xh_question_thanks`
--

INSERT INTO `xh_question_thanks` (`id`, `uid`, `question_id`, `user_name`, `time`) VALUES
(1, 34, 17, '内双美少女', 0),
(2, 48, 59, '北京人在纽约', 0),
(3, 123, 67, '疯狂的依恋', 0);

-- --------------------------------------------------------

--
-- 表的结构 `xh_question_uninterested`
--

CREATE TABLE IF NOT EXISTS `xh_question_uninterested` (
  `interested_id` int(11) NOT NULL AUTO_INCREMENT COMMENT '自增ID',
  `question_id` int(11) DEFAULT NULL COMMENT '话题ID',
  `uid` int(11) DEFAULT NULL COMMENT '用户UID',
  `add_time` int(10) DEFAULT NULL,
  PRIMARY KEY (`interested_id`),
  KEY `uid` (`uid`)
) ENGINE=InnoDB DEFAULT CHARSET=utf8 COMMENT='问题不感兴趣表' AUTO_INCREMENT=1 ;

-- --------------------------------------------------------

--
-- 表的结构 `xh_received_email`
--

CREATE TABLE IF NOT EXISTS `xh_received_email` (
  `id` int(10) NOT NULL AUTO_INCREMENT,
  `uid` int(10) NOT NULL,
  `config_id` int(10) NOT NULL,
  `message_id` varchar(255) NOT NULL,
  `date` int(10) NOT NULL,
  `from` varchar(255) NOT NULL,
  `subject` varchar(255) DEFAULT NULL,
  `content` text,
  `question_id` int(11) DEFAULT NULL,
  `ticket_id` int(11) DEFAULT NULL,
  PRIMARY KEY (`id`),
  KEY `uid` (`uid`),
  KEY `config_id` (`config_id`),
  KEY `message_id` (`message_id`),
  KEY `date` (`date`),
  KEY `ticket_id` (`ticket_id`)
) ENGINE=InnoDB DEFAULT CHARSET=utf8 COMMENT='已导入邮件列表' AUTO_INCREMENT=1 ;

-- --------------------------------------------------------

--
-- 表的结构 `xh_receiving_email_config`
--

CREATE TABLE IF NOT EXISTS `xh_receiving_email_config` (
  `id` int(10) NOT NULL AUTO_INCREMENT,
  `protocol` varchar(10) NOT NULL,
  `server` varchar(255) NOT NULL,
  `ssl` tinyint(1) NOT NULL DEFAULT '0',
  `port` smallint(5) DEFAULT NULL,
  `username` varchar(255) NOT NULL DEFAULT '',
  `password` varchar(255) NOT NULL DEFAULT '',
  `uid` int(10) NOT NULL,
  `access_key` varchar(32) NOT NULL,
  `has_attach` tinyint(1) NOT NULL DEFAULT '0',
  PRIMARY KEY (`id`),
  KEY `uid` (`uid`),
  KEY `server` (`server`)
) ENGINE=InnoDB DEFAULT CHARSET=utf8 COMMENT='邮件账号列表' AUTO_INCREMENT=1 ;

-- --------------------------------------------------------

--
-- 表的结构 `xh_redirect`
--

CREATE TABLE IF NOT EXISTS `xh_redirect` (
  `id` int(11) unsigned NOT NULL AUTO_INCREMENT,
  `item_id` int(11) DEFAULT '0',
  `target_id` int(11) DEFAULT '0',
  `time` int(10) DEFAULT NULL,
  `uid` int(11) DEFAULT NULL,
  PRIMARY KEY (`id`),
  KEY `item_id` (`item_id`),
  KEY `uid` (`uid`)
) ENGINE=InnoDB DEFAULT CHARSET=utf8 AUTO_INCREMENT=1 ;

-- --------------------------------------------------------

--
-- 表的结构 `xh_related_links`
--

CREATE TABLE IF NOT EXISTS `xh_related_links` (
  `id` int(10) NOT NULL AUTO_INCREMENT,
  `uid` int(10) NOT NULL,
  `item_type` varchar(32) NOT NULL,
  `item_id` int(10) NOT NULL,
  `link` varchar(255) NOT NULL,
  `add_time` int(10) DEFAULT '0',
  PRIMARY KEY (`id`),
  KEY `uid` (`uid`),
  KEY `item_type` (`item_type`),
  KEY `item_id` (`item_id`),
  KEY `add_time` (`add_time`)
) ENGINE=InnoDB DEFAULT CHARSET=utf8 AUTO_INCREMENT=1 ;

-- --------------------------------------------------------

--
-- 表的结构 `xh_related_topic`
--

CREATE TABLE IF NOT EXISTS `xh_related_topic` (
  `id` int(11) unsigned NOT NULL AUTO_INCREMENT,
  `topic_id` int(11) DEFAULT '0' COMMENT '话题 ID',
  `related_id` int(11) DEFAULT '0' COMMENT '相关话题 ID',
  PRIMARY KEY (`id`),
  KEY `topic_id` (`topic_id`),
  KEY `related_id` (`related_id`)
) ENGINE=InnoDB DEFAULT CHARSET=utf8 AUTO_INCREMENT=1 ;

-- --------------------------------------------------------

--
-- 表的结构 `xh_report`
--

CREATE TABLE IF NOT EXISTS `xh_report` (
  `id` int(11) NOT NULL AUTO_INCREMENT,
  `uid` int(11) DEFAULT '0' COMMENT '举报用户id',
  `type` varchar(50) DEFAULT NULL COMMENT '类别',
  `target_id` int(11) DEFAULT '0' COMMENT 'ID',
  `reason` varchar(255) DEFAULT NULL COMMENT '举报理由',
  `url` varchar(255) DEFAULT NULL,
  `add_time` int(11) DEFAULT '0' COMMENT '举报时间',
  `status` tinyint(1) NOT NULL DEFAULT '0' COMMENT '是否处理',
  PRIMARY KEY (`id`),
  KEY `add_time` (`add_time`),
  KEY `status` (`status`)
) ENGINE=InnoDB DEFAULT CHARSET=utf8 AUTO_INCREMENT=1 ;

-- --------------------------------------------------------

--
-- 表的结构 `xh_reputation_category`
--

CREATE TABLE IF NOT EXISTS `xh_reputation_category` (
  `auto_id` int(10) unsigned NOT NULL AUTO_INCREMENT,
  `uid` int(10) DEFAULT '0',
  `category_id` smallint(4) DEFAULT '0',
  `update_time` int(10) DEFAULT '0',
  `reputation` int(10) DEFAULT '0',
  `thanks_count` int(10) DEFAULT '0',
  `agree_count` int(10) DEFAULT '0',
  `question_count` int(10) DEFAULT '0',
  PRIMARY KEY (`auto_id`),
  UNIQUE KEY `uid_category_id` (`uid`,`category_id`)
) ENGINE=InnoDB  DEFAULT CHARSET=utf8 AUTO_INCREMENT=52 ;

--
-- 转存表中的数据 `xh_reputation_category`
--

INSERT INTO `xh_reputation_category` (`auto_id`, `uid`, `category_id`, `update_time`, `reputation`, `thanks_count`, `agree_count`, `question_count`) VALUES
(1, 1, 4, 1475974718, 2, 0, 1, 1),
(2, 5, 1, 1475974718, 1, 0, 2, 1),
(3, 1, 2, 1475974718, 3, 0, 8, 2),
(4, 6, 2, 1475974718, 0, 0, 0, 1),
(5, 7, 2, 1475974718, 0, 0, 1, 2),
(6, 4, 2, 1475974718, 0, 0, 1, 1),
(7, 9, 2, 1475974718, 0, 0, 0, 1),
(8, 9, 4, 1475974718, 0, 0, 0, 1),
(9, 10, 3, 1475974718, 1, 0, 2, 1),
(10, 1, 3, 1475974718, 0, 0, 0, 1),
(11, 13, 2, 1475974718, 0, 0, 0, 1),
(12, 14, 2, 1475974718, 3, 0, 3, 3),
(13, 15, 2, 1475974718, 0, 0, 0, 1),
(14, 18, 2, 1475974718, 0, 0, 1, 3),
(15, 28, 2, 1475974718, 0, 0, 0, 1),
(16, 29, 2, 1475974718, 0, 0, 1, 1),
(17, 21, 2, 1475974718, 0, 0, 0, 1),
(18, 35, 2, 1475974718, 0, 0, 1, 1),
(19, 37, 2, 1475974718, 0, 0, 0, 1),
(20, 39, 2, 1475974718, 0, 0, 1, 1),
(21, 41, 2, 1475974718, 2, 0, 5, 2),
(22, 12, 2, 1475974718, 7, 0, 18, 4),
(23, 12, 13, 1475974718, 2, 0, 6, 1),
(24, 18, 13, 1475974718, 0, 0, 0, 1),
(25, 2, 13, 1475974718, 3, 0, 0, 1),
(26, 61, 13, 1475974718, 1, 0, 2, 1),
(27, 67, 2, 1475974718, 0, 0, 0, 1),
(28, 64, 2, 1475974718, 0, 0, 0, 2),
(29, 70, 2, 1475974718, 0, 0, 0, 1),
(30, 71, 2, 1475974719, 0, 0, 1, 3),
(31, 73, 2, 1475974719, 0, 0, 0, 1),
(32, 74, 2, 1475974719, 0, 0, 0, 1),
(33, 75, 2, 1475974719, 0, 0, 0, 1),
(34, 76, 2, 1475974719, 0, 0, 0, 1),
(35, 78, 2, 1475974719, 0, 0, 0, 1),
(36, 85, 2, 1475974719, 0, 0, 0, 1),
(37, 82, 2, 1475974719, 0, 0, 0, 1),
(38, 91, 5, 1475974719, 0, 0, 0, 1),
(39, 92, 5, 1475974719, 0, 0, 0, 1),
(40, 93, 5, 1475974719, 0, 0, 0, 1),
(41, 90, 5, 1475974719, 0, 0, 1, 1),
(42, 105, 2, 1475974781, 0, 0, 0, 2),
(43, 106, 2, 1475974781, 0, 0, 0, 2),
(44, 109, 2, 1475974781, 0, 0, 0, 1),
(45, 113, 2, 1475974781, 0, 0, 0, 1),
(46, 118, 2, 1475974781, 0, 0, 0, 1),
(47, 123, 2, 1475974781, 0, 0, 0, 2),
(48, 124, 2, 1475974781, 0, 0, 0, 3),
(49, 122, 2, 1475974781, 0, 0, 0, 1),
(50, 119, 2, 1475974781, 0, 0, 0, 2),
(51, 108, 2, 1475974781, 0, 0, 0, 1);

-- --------------------------------------------------------

--
-- 表的结构 `xh_reputation_topic`
--

CREATE TABLE IF NOT EXISTS `xh_reputation_topic` (
  `auto_id` int(11) unsigned NOT NULL AUTO_INCREMENT,
  `uid` int(11) DEFAULT '0',
  `topic_id` int(11) DEFAULT '0' COMMENT '话题ID',
  `topic_count` int(10) DEFAULT '0' COMMENT '威望问题话题计数',
  `update_time` int(10) DEFAULT NULL COMMENT '更新时间',
  `agree_count` int(10) DEFAULT '0' COMMENT '赞成',
  `thanks_count` int(10) DEFAULT '0' COMMENT '感谢',
  `reputation` int(10) DEFAULT '0',
  PRIMARY KEY (`auto_id`),
  KEY `topic_count` (`topic_count`),
  KEY `uid` (`uid`),
  KEY `topic_id` (`topic_id`),
  KEY `reputation` (`reputation`)
) ENGINE=InnoDB  DEFAULT CHARSET=utf8 AUTO_INCREMENT=6 ;

--
-- 转存表中的数据 `xh_reputation_topic`
--

INSERT INTO `xh_reputation_topic` (`auto_id`, `uid`, `topic_id`, `topic_count`, `update_time`, `agree_count`, `thanks_count`, `reputation`) VALUES
(1, 1, 9, 1, 1473319497, 0, 0, 1),
(2, 1, 11, 1, 1473662671, 0, 0, 1),
(3, 12, 12, 1, 1475974718, 6, 0, 2),
(4, 2, 12, 1, 1475974718, 0, 0, 3),
(5, 61, 12, 1, 1475974718, 2, 0, 1);

-- --------------------------------------------------------

--
-- 表的结构 `xh_school`
--

CREATE TABLE IF NOT EXISTS `xh_school` (
  `school_id` int(11) NOT NULL COMMENT '自增ID',
  `school_type` tinyint(4) DEFAULT NULL COMMENT '学校类型ID',
  `school_code` int(11) DEFAULT NULL COMMENT '学校编码',
  `school_name` varchar(64) DEFAULT NULL COMMENT '学校名称',
  `area_code` int(11) DEFAULT NULL COMMENT '地区代码',
  PRIMARY KEY (`school_id`)
) ENGINE=InnoDB DEFAULT CHARSET=utf8 COMMENT='学校';

-- --------------------------------------------------------

--
-- 表的结构 `xh_search_cache`
--

CREATE TABLE IF NOT EXISTS `xh_search_cache` (
  `id` int(10) NOT NULL AUTO_INCREMENT,
  `hash` varchar(32) NOT NULL,
  `data` mediumtext NOT NULL,
  `time` int(10) NOT NULL,
  PRIMARY KEY (`id`),
  KEY `hash` (`hash`),
  KEY `time` (`time`)
) ENGINE=InnoDB  DEFAULT CHARSET=utf8 AUTO_INCREMENT=911 ;

-- --------------------------------------------------------

--
-- 表的结构 `xh_sessions`
--

CREATE TABLE IF NOT EXISTS `xh_sessions` (
  `id` varchar(32) NOT NULL,
  `modified` int(10) NOT NULL,
  `data` text NOT NULL,
  `lifetime` int(10) NOT NULL,
  PRIMARY KEY (`id`),
  KEY `modified` (`modified`),
  KEY `lifetime` (`lifetime`)
) ENGINE=InnoDB DEFAULT CHARSET=utf8;

--
-- 转存表中的数据 `xh_sessions`
--

INSERT INTO `xh_sessions` (`id`, `modified`, `data`, `lifetime`) VALUES
('inotvr06q9vbivb68gbmocnvl7', 1475974789, 'fgr__Anwsion|a:3:{s:11:"client_info";a:3:{s:12:"__CLIENT_UID";i:1;s:18:"__CLIENT_USER_NAME";s:5:"admin";s:17:"__CLIENT_PASSWORD";s:32:"9191a12cefff26f94f99352539a1cdfe";}s:10:"permission";a:15:{s:16:"is_administortar";s:1:"1";s:12:"is_moderator";s:1:"1";s:16:"publish_question";s:1:"1";s:21:"publish_approval_time";a:2:{s:5:"start";s:0:"";s:3:"end";s:0:"";}s:13:"edit_question";s:1:"1";s:10:"edit_topic";s:1:"1";s:12:"manage_topic";s:1:"1";s:12:"create_topic";s:1:"1";s:17:"redirect_question";s:1:"1";s:13:"upload_attach";s:1:"1";s:11:"publish_url";s:1:"1";s:15:"publish_article";s:1:"1";s:12:"edit_article";s:1:"1";s:19:"edit_question_topic";s:1:"1";s:15:"publish_comment";s:1:"1";}s:11:"admin_login";s:329:"cast-256|EBB6093C3A67B900A77115FD7CE838A6246FC2AFFF845FB4CE7BE248751BB3E676ABA26DCE78414A2DCE7ACD693565255FC395E3EEFA7978E20A3B6CD3DA92B2A51687C513FA3C4271BFE1EA7DE0F1E82652D56B06E1F20DF76682F8EE79D1A330CAD1C4B3F27B3E2A2F0ED27AD349367467E70E337C07EC7D361F6562AE877A6ACB1FC594BE051EE4F57EA4E0636F723B0A24BBAB1257404244D7F56DB3ACB9";}fgr__Captcha|a:1:{s:4:"word";s:4:"8ysu";}', 1800);

-- --------------------------------------------------------

--
-- 表的结构 `xh_system_setting`
--

CREATE TABLE IF NOT EXISTS `xh_system_setting` (
  `id` int(11) NOT NULL AUTO_INCREMENT COMMENT 'id',
  `varname` varchar(255) NOT NULL COMMENT '字段名',
  `value` text COMMENT '变量值',
  PRIMARY KEY (`id`),
  UNIQUE KEY `varname` (`varname`)
) ENGINE=InnoDB  DEFAULT CHARSET=utf8 COMMENT='系统设置' AUTO_INCREMENT=130 ;

--
-- 转存表中的数据 `xh_system_setting`
--

INSERT INTO `xh_system_setting` (`id`, `varname`, `value`) VALUES
(1, 'db_engine', 's:6:"InnoDB";'),
(2, 'site_name', 's:12:"嘻哈头条";'),
(3, 'description', 's:34:"嘻哈头条 社交化知识社区";'),
(4, 'keywords', 's:51:"嘻哈头条,知识社区,社交社区,问答社区";'),
(5, 'sensitive_words', 's:0:"";'),
(6, 'def_focus_uids', 's:1:"1";'),
(7, 'answer_edit_time', 's:2:"30";'),
(8, 'cache_level_high', 's:2:"60";'),
(9, 'cache_level_normal', 's:3:"600";'),
(10, 'cache_level_low', 's:4:"1800";'),
(11, 'unread_flush_interval', 's:3:"100";'),
(12, 'newer_invitation_num', 's:1:"5";'),
(13, 'index_per_page', 's:2:"20";'),
(14, 'from_email', 's:18:"xihaxueche@163.com";'),
(15, 'img_url', 's:0:"";'),
(16, 'upload_url', 's:42:"http://toutiao.xihaxueche.com:8001/uploads";'),
(17, 'upload_dir', 's:33:"/data/www/service/toutiao/uploads";'),
(18, 'ui_style', 's:7:"default";'),
(19, 'uninterested_fold', 's:1:"5";'),
(20, 'sina_akey', NULL),
(21, 'sina_skey', NULL),
(22, 'sina_weibo_enabled', 's:1:"N";'),
(23, 'answer_unique', 's:1:"N";'),
(24, 'notifications_per_page', 's:2:"10";'),
(25, 'contents_per_page', 's:2:"10";'),
(26, 'hot_question_period', 's:1:"7";'),
(27, 'category_display_mode', 's:4:"icon";'),
(28, 'recommend_users_number', 's:1:"6";'),
(29, 'ucenter_enabled', 's:1:"N";'),
(30, 'register_valid_type', 's:5:"email";'),
(31, 'best_answer_day', 's:2:"30";'),
(32, 'answer_self_question', 's:1:"Y";'),
(33, 'censoruser', 's:5:"admin";'),
(34, 'best_answer_min_count', 's:1:"3";'),
(35, 'reputation_function', 's:78:"[最佳答案]*3+[赞同]*1-[反对]*1+[发起者赞同]*2-[发起者反对]*1";'),
(36, 'db_version', 's:8:"20160523";'),
(37, 'statistic_code', 's:0:"";'),
(38, 'upload_enable', 's:1:"Y";'),
(39, 'answer_length_lower', 's:1:"2";'),
(40, 'quick_publish', 's:1:"Y";'),
(41, 'register_type', 's:4:"open";'),
(42, 'question_title_limit', 's:3:"100";'),
(43, 'register_seccode', 's:1:"Y";'),
(44, 'admin_login_seccode', 's:1:"Y";'),
(45, 'comment_limit', 's:1:"0";'),
(46, 'backup_dir', ''),
(47, 'best_answer_reput', 's:2:"20";'),
(48, 'publisher_reputation_factor', 's:2:"10";'),
(49, 'request_route_custom', 's:0:"";'),
(50, 'upload_size_limit', 's:3:"512";'),
(51, 'upload_avatar_size_limit', 's:3:"512";'),
(52, 'topic_title_limit', 's:2:"12";'),
(53, 'url_rewrite_enable', 's:1:"N";'),
(54, 'best_agree_min_count', 's:1:"3";'),
(55, 'site_close', 's:1:"N";'),
(56, 'close_notice', 's:39:"站点已关闭，管理员请登录。";'),
(57, 'qq_login_enabled', 's:1:"N";'),
(58, 'qq_login_app_id', ''),
(59, 'qq_login_app_key', ''),
(60, 'integral_system_enabled', 's:1:"N";'),
(61, 'integral_system_config_register', 's:4:"2000";'),
(62, 'integral_system_config_profile', 's:3:"100";'),
(63, 'integral_system_config_invite', 's:3:"200";'),
(64, 'integral_system_config_best_answer', 's:3:"200";'),
(65, 'integral_system_config_answer_fold', 's:3:"-50";'),
(66, 'integral_system_config_new_question', 's:3:"-20";'),
(67, 'integral_system_config_new_answer', 's:2:"-5";'),
(68, 'integral_system_config_thanks', 's:3:"-10";'),
(69, 'integral_system_config_invite_answer', 's:3:"-10";'),
(70, 'username_rule', 's:1:"1";'),
(71, 'username_length_min', 's:1:"2";'),
(72, 'username_length_max', 's:2:"14";'),
(73, 'category_enable', 's:1:"Y";'),
(74, 'integral_unit', 's:6:"金币";'),
(75, 'nav_menu_show_child', 's:1:"Y";'),
(76, 'anonymous_enable', 's:1:"Y";'),
(77, 'report_reason', 's:50:"广告/SPAM\n违规内容\n文不对题\n重复发问";'),
(78, 'allowed_upload_types', 's:41:"jpg,jpeg,png,gif,zip,doc,docx,rar,pdf,psd";'),
(79, 'site_announce', 's:0:"";'),
(80, 'icp_beian', 's:0:"";'),
(81, 'report_message_uid', 's:1:"1";'),
(82, 'today_topics', 's:0:"";'),
(83, 'welcome_recommend_users', 's:0:"";'),
(84, 'welcome_message_pm', 's:180:"尊敬的{username}，您已经注册成为{sitename}的会员，请您在发表言论时，遵守当地法律法规。\n如果您有什么疑问可以联系管理员。\n\n{sitename}";'),
(85, 'time_style', 's:1:"Y";'),
(86, 'reputation_log_factor', 's:1:"3";'),
(87, 'advanced_editor_enable', 's:1:"Y";'),
(88, 'auto_question_lock_day', 's:1:"0";'),
(89, 'default_timezone', 's:9:"Etc/GMT-8";'),
(90, 'reader_questions_last_days', 's:2:"30";'),
(91, 'reader_questions_agree_count', 's:2:"10"'),
(92, 'weixin_mp_token', 's:0:"";'),
(93, 'new_user_email_setting', 'a:2:{s:9:"FOLLOW_ME";s:1:"N";s:10:"NEW_ANSWER";s:1:"N";}'),
(94, 'new_user_notification_setting', 'a:0:{}'),
(95, 'user_action_history_fresh_upgrade', 's:1:"Y";'),
(96, 'cache_dir', 's:0:"";'),
(97, 'ucenter_charset', 's:5:"UTF-8";'),
(98, 'question_topics_limit', 's:2:"10";'),
(99, 'mail_config', 'a:7:{s:9:"transport";s:8:"sendmail";s:7:"charset";s:5:"UTF-8";s:6:"server";s:0:"";s:3:"ssl";s:1:"0";s:4:"port";s:0:"";s:8:"username";s:0:"";s:8:"password";s:0:"";}'),
(100, 'auto_create_social_topics', 's:1:"N";'),
(101, 'weixin_subscribe_message_key', 's:0:"";'),
(102, 'weixin_no_result_message_key', 's:0:"";'),
(103, 'weixin_mp_menu', 'a:0:{}'),
(104, 'new_question_force_add_topic', 's:1:"N";'),
(105, 'unfold_question_comments', 's:1:"N";'),
(106, 'report_diagnostics', 's:1:"Y";'),
(107, 'weixin_app_id', 's:0:"";'),
(108, 'weixin_app_secret', 's:0:"";'),
(109, 'weixin_account_role', 's:7:"base";'),
(110, 'weibo_msg_enabled', 's:1:"N";'),
(111, 'weibo_msg_published_user', 'a:0:"";'),
(112, 'admin_notifications', 'a:11:{s:15:"answer_approval";i:0;s:17:"question_approval";i:0;s:16:"article_approval";i:0;s:24:"article_comment_approval";i:0;s:23:"unverified_modify_count";i:0;s:11:"user_report";i:0;s:17:"register_approval";i:2;s:15:"verify_approval";i:0;s:12:"last_version";a:2:{s:7:"version";s:5:"3.1.9";s:9:"build_day";s:8:"20160523";}s:10:"sina_users";N;s:19:"receive_email_error";N;}'),
(113, 'slave_mail_config', 's:0:"";'),
(114, 'receiving_email_global_config', 'a:2:{s:7:"enabled";s:1:"N";s:12:"publish_user";N;}'),
(115, 'last_sent_valid_email_id', 'i:2;'),
(116, 'google_login_enabled', 's:1:"N";'),
(117, 'google_client_id', 's:0:"";'),
(118, 'google_client_secret', 's:0:"";'),
(119, 'facebook_login_enabled', 's:1:"N";'),
(120, 'facebook_app_id', 's:0:"";'),
(121, 'facebook_app_secret', 's:0:"";'),
(122, 'twitter_login_enabled', 's:1:"N";'),
(123, 'twitter_consumer_key', 's:0:"";'),
(124, 'twitter_consumer_secret', 's:0:"";'),
(125, 'weixin_encoding_aes_key', 's:0:"";'),
(126, 'integral_system_config_answer_change_source', 's:1:"Y";'),
(127, 'enable_help_center', 's:1:"N";'),
(128, 'ucenter_path', 's:0:"";'),
(129, 'register_agreement', 's:1626:"当您申请用户时，表示您已经同意遵守本规章。\r\n欢迎您加入本站点参与交流和讨论，本站点为社区，为维护网上公共秩序和社会稳定，请您自觉遵守以下条款：\r\n\r\n一、不得利用本站危害国家安全、泄露国家秘密，不得侵犯国家社会集体的和公民的合法权益，不得利用本站制作、复制和传播下列信息：\r\n　（一）煽动抗拒、破坏宪法和法律、行政法规实施的；\r\n　（二）煽动颠覆国家政权，推翻社会主义制度的；\r\n　（三）煽动分裂国家、破坏国家统一的；\r\n　（四）煽动民族仇恨、民族歧视，破坏民族团结的；\r\n　（五）捏造或者歪曲事实，散布谣言，扰乱社会秩序的；\r\n　（六）宣扬封建迷信、淫秽、色情、赌博、暴力、凶杀、恐怖、教唆犯罪的；\r\n　（七）公然侮辱他人或者捏造事实诽谤他人的，或者进行其他恶意攻击的；\r\n　（八）损害国家机关信誉的；\r\n　（九）其他违反宪法和法律行政法规的；\r\n　（十）进行商业广告行为的。\r\n\r\n二、互相尊重，对自己的言论和行为负责。\r\n三、禁止在申请用户时使用相关本站的词汇，或是带有侮辱、毁谤、造谣类的或是有其含义的各种语言进行注册用户，否则我们会将其删除。\r\n四、禁止以任何方式对本站进行各种破坏行为。\r\n五、如果您有违反国家相关法律法规的行为，本站概不负责，您的登录信息均被记录无疑，必要时，我们会向相关的国家管理部门提供此类信息。";');

-- --------------------------------------------------------

--
-- 表的结构 `xh_topic`
--

CREATE TABLE IF NOT EXISTS `xh_topic` (
  `topic_id` int(11) NOT NULL AUTO_INCREMENT COMMENT '话题id',
  `topic_title` varchar(64) DEFAULT NULL COMMENT '话题标题',
  `add_time` int(10) DEFAULT NULL COMMENT '添加时间',
  `discuss_count` int(11) DEFAULT '0' COMMENT '讨论计数',
  `topic_description` text COMMENT '话题描述',
  `topic_pic` varchar(255) DEFAULT NULL COMMENT '话题图片',
  `topic_lock` tinyint(2) NOT NULL DEFAULT '0' COMMENT '话题是否锁定 1 锁定 0 未锁定',
  `focus_count` int(11) DEFAULT '0' COMMENT '关注计数',
  `user_related` tinyint(1) DEFAULT '0' COMMENT '是否被用户关联',
  `url_token` varchar(32) DEFAULT NULL,
  `merged_id` int(11) DEFAULT '0',
  `seo_title` varchar(255) DEFAULT NULL,
  `parent_id` int(10) DEFAULT '0',
  `is_parent` tinyint(1) DEFAULT '0',
  `discuss_count_last_week` int(10) DEFAULT '0',
  `discuss_count_last_month` int(10) DEFAULT '0',
  `discuss_count_update` int(10) DEFAULT '0',
  PRIMARY KEY (`topic_id`),
  UNIQUE KEY `topic_title` (`topic_title`),
  KEY `url_token` (`url_token`),
  KEY `merged_id` (`merged_id`),
  KEY `discuss_count` (`discuss_count`),
  KEY `add_time` (`add_time`),
  KEY `user_related` (`user_related`),
  KEY `focus_count` (`focus_count`),
  KEY `topic_lock` (`topic_lock`),
  KEY `parent_id` (`parent_id`),
  KEY `is_parent` (`is_parent`),
  KEY `discuss_count_last_week` (`discuss_count_last_week`),
  KEY `discuss_count_last_month` (`discuss_count_last_month`),
  KEY `discuss_count_update` (`discuss_count_update`)
) ENGINE=InnoDB  DEFAULT CHARSET=utf8 COMMENT='话题' AUTO_INCREMENT=13 ;

--
-- 转存表中的数据 `xh_topic`
--

INSERT INTO `xh_topic` (`topic_id`, `topic_title`, `add_time`, `discuss_count`, `topic_description`, `topic_pic`, `topic_lock`, `focus_count`, `user_related`, `url_token`, `merged_id`, `seo_title`, `parent_id`, `is_parent`, `discuss_count_last_week`, `discuss_count_last_month`, `discuss_count_update`) VALUES
(8, '有科目二没有考过的吗，出来举个手', 1473237989, 0, '有过的吗', NULL, 0, 1, 0, NULL, 0, NULL, 0, 0, 0, 0, 0),
(9, '科目一', 1473239832, 1, '', NULL, 1, 2, 0, NULL, 0, NULL, 0, 0, 1, 1, 1473317760),
(10, '科目二', 1473317792, 1, '', NULL, 0, 1, 0, NULL, 0, NULL, 0, 0, 1, 1, 1473317792),
(11, 's路技巧', 1473320009, 1, '', NULL, 0, 1, 0, NULL, 0, NULL, 0, 0, 1, 1, 1473328595),
(12, '创建或搜索添加新话题...', 1473660033, 1, '', NULL, 0, 1, 0, NULL, 0, NULL, 0, 0, 1, 1, 1473660033);

-- --------------------------------------------------------

--
-- 表的结构 `xh_topic_focus`
--

CREATE TABLE IF NOT EXISTS `xh_topic_focus` (
  `focus_id` int(11) NOT NULL AUTO_INCREMENT COMMENT '自增ID',
  `topic_id` int(11) DEFAULT NULL COMMENT '话题ID',
  `uid` int(11) DEFAULT NULL COMMENT '用户UID',
  `add_time` int(10) DEFAULT NULL COMMENT '添加时间',
  PRIMARY KEY (`focus_id`),
  KEY `uid` (`uid`),
  KEY `topic_id` (`topic_id`),
  KEY `topic_uid` (`topic_id`,`uid`)
) ENGINE=InnoDB  DEFAULT CHARSET=utf8 COMMENT='话题关注表' AUTO_INCREMENT=21 ;

--
-- 转存表中的数据 `xh_topic_focus`
--

INSERT INTO `xh_topic_focus` (`focus_id`, `topic_id`, `uid`, `add_time`) VALUES
(14, 8, 1, 1473237989),
(16, 9, 1, 1473239832),
(17, 9, 43, 1473317486),
(18, 10, 1, 1473317792),
(19, 11, 1, 1473320009),
(20, 12, 49, 1473660033);

-- --------------------------------------------------------

--
-- 表的结构 `xh_topic_merge`
--

CREATE TABLE IF NOT EXISTS `xh_topic_merge` (
  `id` int(11) NOT NULL AUTO_INCREMENT,
  `source_id` int(11) NOT NULL DEFAULT '0',
  `target_id` int(11) NOT NULL DEFAULT '0',
  `uid` int(11) DEFAULT '0',
  `time` int(10) DEFAULT '0',
  PRIMARY KEY (`id`),
  KEY `source_id` (`source_id`),
  KEY `target_id` (`target_id`),
  KEY `uid` (`uid`)
) ENGINE=InnoDB DEFAULT CHARSET=utf8 AUTO_INCREMENT=1 ;

-- --------------------------------------------------------

--
-- 表的结构 `xh_topic_relation`
--

CREATE TABLE IF NOT EXISTS `xh_topic_relation` (
  `id` int(11) NOT NULL AUTO_INCREMENT COMMENT '自增 ID',
  `topic_id` int(11) DEFAULT '0' COMMENT '话题id',
  `item_id` int(11) DEFAULT '0',
  `add_time` int(10) DEFAULT '0' COMMENT '添加时间',
  `uid` int(11) DEFAULT '0' COMMENT '用户ID',
  `type` varchar(16) DEFAULT NULL,
  PRIMARY KEY (`id`),
  KEY `topic_id` (`topic_id`),
  KEY `uid` (`uid`),
  KEY `type` (`type`),
  KEY `item_id` (`item_id`)
) ENGINE=InnoDB  DEFAULT CHARSET=utf8 AUTO_INCREMENT=7 ;

--
-- 转存表中的数据 `xh_topic_relation`
--

INSERT INTO `xh_topic_relation` (`id`, `topic_id`, `item_id`, `add_time`, `uid`, `type`) VALUES
(3, 10, 3, 1473317792, 1, 'article'),
(5, 11, 4, 1473328595, 1, 'article'),
(6, 12, 31, 1473660033, 49, 'question');

-- --------------------------------------------------------

--
-- 表的结构 `xh_users`
--

CREATE TABLE IF NOT EXISTS `xh_users` (
  `uid` int(11) unsigned NOT NULL AUTO_INCREMENT COMMENT '用户的 UID',
  `user_name` varchar(255) DEFAULT NULL COMMENT '用户名',
  `email` varchar(255) DEFAULT NULL COMMENT 'EMAIL',
  `mobile` varchar(16) DEFAULT NULL COMMENT '用户手机',
  `password` varchar(32) DEFAULT NULL COMMENT '用户密码',
  `salt` varchar(16) DEFAULT NULL COMMENT '用户附加混淆码',
  `avatar_file` varchar(128) DEFAULT NULL COMMENT '头像文件',
  `sex` tinyint(1) DEFAULT NULL COMMENT '性别',
  `birthday` int(10) DEFAULT NULL COMMENT '生日',
  `province` varchar(64) DEFAULT NULL COMMENT '省',
  `city` varchar(64) DEFAULT NULL COMMENT '市',
  `job_id` int(10) DEFAULT '0' COMMENT '职业ID',
  `reg_time` int(10) DEFAULT NULL COMMENT '注册时间',
  `reg_ip` bigint(12) DEFAULT NULL COMMENT '注册IP',
  `last_login` int(10) DEFAULT '0' COMMENT '最后登录时间',
  `last_ip` bigint(12) DEFAULT NULL COMMENT '最后登录 IP',
  `online_time` int(10) DEFAULT '0' COMMENT '在线时间',
  `last_active` int(10) DEFAULT NULL COMMENT '最后活跃时间',
  `notification_unread` int(11) NOT NULL DEFAULT '0' COMMENT '未读系统通知',
  `inbox_unread` int(11) NOT NULL DEFAULT '0' COMMENT '未读短信息',
  `inbox_recv` tinyint(1) NOT NULL DEFAULT '0' COMMENT '0-所有人可以发给我,1-我关注的人',
  `fans_count` int(10) NOT NULL DEFAULT '0' COMMENT '粉丝数',
  `friend_count` int(10) NOT NULL DEFAULT '0' COMMENT '观众数',
  `invite_count` int(10) NOT NULL DEFAULT '0' COMMENT '邀请我回答数量',
  `article_count` int(10) NOT NULL DEFAULT '0' COMMENT '文章数量',
  `question_count` int(10) NOT NULL DEFAULT '0' COMMENT '问题数量',
  `answer_count` int(10) NOT NULL DEFAULT '0' COMMENT '回答数量',
  `topic_focus_count` int(10) NOT NULL DEFAULT '0' COMMENT '关注话题数量',
  `invitation_available` int(10) NOT NULL DEFAULT '0' COMMENT '邀请数量',
  `group_id` int(10) DEFAULT '0' COMMENT '用户组',
  `reputation_group` int(10) DEFAULT '0' COMMENT '威望对应组',
  `forbidden` tinyint(1) DEFAULT '0' COMMENT '是否禁止用户',
  `valid_email` tinyint(1) DEFAULT '0' COMMENT '邮箱验证',
  `is_first_login` tinyint(1) DEFAULT '1' COMMENT '首次登录标记',
  `agree_count` int(10) DEFAULT '0' COMMENT '赞同数量',
  `thanks_count` int(10) DEFAULT '0' COMMENT '感谢数量',
  `views_count` int(10) DEFAULT '0' COMMENT '个人主页查看数量',
  `reputation` int(10) DEFAULT '0' COMMENT '威望',
  `reputation_update_time` int(10) DEFAULT '0' COMMENT '威望更新',
  `weibo_visit` tinyint(1) DEFAULT '1' COMMENT '微博允许访问',
  `integral` int(10) DEFAULT '0',
  `draft_count` int(10) DEFAULT NULL,
  `common_email` varchar(255) DEFAULT NULL COMMENT '常用邮箱',
  `url_token` varchar(32) DEFAULT NULL COMMENT '个性网址',
  `url_token_update` int(10) DEFAULT '0',
  `verified` varchar(32) DEFAULT NULL,
  `default_timezone` varchar(32) DEFAULT NULL,
  `email_settings` varchar(255) DEFAULT '',
  `weixin_settings` varchar(255) DEFAULT '',
  `recent_topics` text,
  PRIMARY KEY (`uid`),
  KEY `user_name` (`user_name`),
  KEY `email` (`email`),
  KEY `reputation` (`reputation`),
  KEY `reputation_update_time` (`reputation_update_time`),
  KEY `group_id` (`group_id`),
  KEY `agree_count` (`agree_count`),
  KEY `thanks_count` (`thanks_count`),
  KEY `forbidden` (`forbidden`),
  KEY `valid_email` (`valid_email`),
  KEY `last_active` (`last_active`),
  KEY `integral` (`integral`),
  KEY `url_token` (`url_token`),
  KEY `verified` (`verified`),
  KEY `answer_count` (`answer_count`)
) ENGINE=InnoDB  DEFAULT CHARSET=utf8 AUTO_INCREMENT=158 ;

--
-- 转存表中的数据 `xh_users`
--

INSERT INTO `xh_users` (`uid`, `user_name`, `email`, `mobile`, `password`, `salt`, `avatar_file`, `sex`, `birthday`, `province`, `city`, `job_id`, `reg_time`, `reg_ip`, `last_login`, `last_ip`, `online_time`, `last_active`, `notification_unread`, `inbox_unread`, `inbox_recv`, `fans_count`, `friend_count`, `invite_count`, `article_count`, `question_count`, `answer_count`, `topic_focus_count`, `invitation_available`, `group_id`, `reputation_group`, `forbidden`, `valid_email`, `is_first_login`, `agree_count`, `thanks_count`, `views_count`, `reputation`, `reputation_update_time`, `weibo_visit`, `integral`, `draft_count`, `common_email`, `url_token`, `url_token_update`, `verified`, `default_timezone`, `email_settings`, `weixin_settings`, `recent_topics`) VALUES
(1, 'admin', 'xihaxueche@163.com', '', '9191a12cefff26f94f99352539a1cdfe', 'nrxv', '000/00/00/01_avatar_min.jpg', 3, 1404144000, '', '', 0, 1472554798, 606148727, 1475974715, 0, 117823, 1475974776, 0, 0, 0, 151, 1, 0, 126, 0, 4, 4, 10, 1, 5, 0, 1, 0, 12, 0, 19, 7, 1475974718, 1, 2200, 1, NULL, NULL, 0, NULL, '', 'a:0:{}', 'a:5:{s:5:"AT_ME";s:1:"N";s:10:"NEW_ANSWER";s:1:"N";i:0;s:19:"NEW_ARTICLE_COMMENT";s:11:"NEW_COMMENT";s:1:"N";s:15:"QUESTION_INVITE";s:1:"N";}', 'a:3:{i:0;s:10:"s路技巧";i:1;s:9:"科目二";i:2;s:9:"科目一";}'),
(2, 'yezi', '1853647817@qq.com', '', 'd5eaca2a39b4a74bf789448db2d47a82', 'zjvq', '000/00/00/02_avatar_min.jpg', 2, 778953600, '安徽省', '合肥市', 0, 1472706440, 606148727, 1474868253, 1018033988, 13150, 1474872708, 0, 0, 0, 0, 2, 0, 0, 2, 2, 0, 5, 3, 5, 0, 0, 1, 0, 0, 4, 3, 1475974718, 1, 2185, 0, NULL, NULL, 0, NULL, '', 'a:2:{s:9:"FOLLOW_ME";s:1:"N";s:10:"NEW_ANSWER";s:1:"N";}', '', NULL),
(3, 'linfeng', '1863647817@qq.com', '', '235e5799f6f5ce9d0198cf54bb265a3e', 'lceo', NULL, 0, NULL, NULL, NULL, 0, 1472711401, 606148727, 0, NULL, 0, NULL, 0, 0, 0, 0, 1, 0, 0, 0, 0, 0, 5, 4, 5, 0, 1, 1, 0, 0, 0, 0, 1475974718, 1, 2000, NULL, NULL, NULL, 0, NULL, NULL, 'a:2:{s:9:"FOLLOW_ME";s:1:"N";s:10:"NEW_ANSWER";s:1:"N";}', '', NULL),
(4, '丫头', '1239187247@qq.com', '', '9bdaac58bc6b34ccdb4d5ed1f9280ae6', 'upjt', '000/00/00/04_avatar_min.jpg', 2, NULL, '', '', 0, 1472711752, 606148727, 1472714985, 606148727, 298, 1472715282, 1, 0, 0, 0, 1, 0, 0, 1, 1, 0, 5, 4, 5, 0, 1, 0, 1, 0, 1, 0, 1475974718, 1, 1995, 0, NULL, NULL, 0, NULL, '', 'a:2:{s:9:"FOLLOW_ME";s:1:"N";s:10:"NEW_ANSWER";s:1:"N";}', '', NULL),
(5, '美美哒', '1873647817@qq.com', '', '4d7ab81e5d8bea2e47441e1947ecfd2a', 'qmka', '000/00/00/05_avatar_min.jpg', 2, 879004800, '安徽省', '合肥市', 0, 1472712094, 606148727, 1472712578, 606148727, 880, 1472713457, 6, 0, 0, 0, 1, 0, 0, 1, 1, 0, 5, 4, 5, 0, 1, 0, 2, 0, 3, 1, 1475974718, 1, 2020, 0, NULL, NULL, 0, NULL, '', 'a:2:{s:9:"FOLLOW_ME";s:1:"N";s:10:"NEW_ANSWER";s:1:"N";}', '', NULL),
(6, '我爱张艺兴', '1883647817@qq.com', '', '79d5042b965fa3115442856ec14ffda3', 'eavm', '000/00/00/06_avatar_min.jpg', 2, 994694400, '', '', 0, 1472712135, 606148727, 1472713478, 606148727, 679, 1472714156, 1, 0, 0, 0, 1, 0, 0, 1, 1, 0, 5, 2, 5, 0, 1, 0, 0, 0, 2, 0, 1475974718, 1, 2005, 0, NULL, NULL, 0, NULL, '', 'a:2:{s:9:"FOLLOW_ME";s:1:"N";s:10:"NEW_ANSWER";s:1:"N";}', '', NULL),
(7, '宝宝', '1893647817@qq.com', '', '6d27f40983c7ad9204c02bbafba9ac14', 'uhcr', '000/00/00/07_avatar_min.jpg', 2, 781804800, '', '', 0, 1472712180, 606148727, 1472714260, 606148727, 693, 1472714952, 7, 0, 0, 1, 1, 0, 0, 1, 2, 0, 5, 4, 5, 0, 1, 0, 1, 0, 2, 0, 1475974718, 1, 1995, 0, NULL, NULL, 0, NULL, '', 'a:2:{s:9:"FOLLOW_ME";s:1:"N";s:10:"NEW_ANSWER";s:1:"N";}', '', NULL),
(8, '丽丽', '1249187247@qq.com', '', '93a232d799c2896f26b419850cd9b33b', 'nlgx', '000/00/00/08_avatar_min.jpg', 2, NULL, '', '', 0, 1472712239, 606148727, 1472715305, 606148727, 191, 1472715495, 0, 0, 0, 0, 1, 0, 0, 1, 0, 0, 5, 4, 5, 0, 1, 0, 0, 0, 1, 0, 1475974718, 1, 2000, 0, NULL, NULL, 0, NULL, '', 'a:2:{s:9:"FOLLOW_ME";s:1:"N";s:10:"NEW_ANSWER";s:1:"N";}', '', NULL),
(9, '小布丁', '1259187247@qq.com', '', '6fd989e57cf71fdff3099b173b2d3c5c', 'aqnd', '000/00/00/09_avatar_min.jpg', 3, NULL, '', '', 0, 1472712272, 606148727, 1472715545, 606148727, 319, 1472715863, 2, 0, 0, 0, 1, 0, 0, 1, 2, 0, 5, 4, 5, 0, 1, 0, 0, 0, 2, 0, 1475974718, 1, 2000, 0, NULL, NULL, 0, NULL, '', 'a:2:{s:9:"FOLLOW_ME";s:1:"N";s:10:"NEW_ANSWER";s:1:"N";}', '', NULL),
(10, '大嘴君', '1269187247@qq.com', '', '31fc354f0bb66a94af4eafe7d72a08f6', 'obkh', '000/00/00/10_avatar_min.jpg', 3, -28800, '', '', 0, 1472712316, 606148727, 1472715923, 606148727, 1315, 1472717237, 6, 0, 0, 0, 1, 0, 0, 1, 1, 0, 5, 4, 5, 0, 1, 0, 2, 0, 2, 1, 1475974718, 1, 1995, 0, NULL, NULL, 0, NULL, '', 'a:2:{s:9:"FOLLOW_ME";s:1:"N";s:10:"NEW_ANSWER";s:1:"N";}', '', NULL),
(11, '隔壁老王', '1279187247@qq.com', '', '422dfad5d85e5bbd4a47ab5750014b3c', 'ehhf', '000/00/00/11_avatar_min.jpg', 3, NULL, '', '', 0, 1472712474, 606148727, 1473236286, 606148727, 3225, 1473238518, 0, 0, 0, 0, 1, 0, 0, 0, 0, 0, 5, 4, 5, 0, 1, 0, 0, 0, 2, 0, 1475974718, 1, 2020, NULL, NULL, NULL, 0, NULL, '', 'a:2:{s:9:"FOLLOW_ME";s:1:"N";s:10:"NEW_ANSWER";s:1:"N";}', '', NULL),
(12, '美美君', '569438727@163.com', '', 'e7701906cdc5fbf44e9b7688ea7dcea8', 'uacy', '000/00/00/12_avatar_min.jpg', 2, 733593600, '安徽省', '淮北市', 1, 1473148117, 606148727, 1473671350, 606148727, 1915, 1473671802, 39, 0, 0, 1, 6, 0, 0, 1, 5, 0, 5, 2, 5, 0, 1, 0, 24, 0, 7, 8, 1475974718, 1, 1995, 0, NULL, NULL, 0, NULL, '', 'a:2:{s:9:"FOLLOW_ME";s:1:"N";s:10:"NEW_ANSWER";s:1:"N";}', '', NULL),
(13, '龙猫么么哒', '3224089296@qq.com', '', '8e6ea0aadb5ca05bc59a21d37664c7f1', 'dvkj', '000/00/00/13_avatar_min.jpg', 2, NULL, '', '', 0, 1473149194, 606148727, 1473149466, 606148727, 475, 1473149940, 1, 0, 0, 0, 1, 0, 0, 0, 1, 2, 5, 1, 5, 0, 1, 0, 0, 0, 0, 0, 1475974718, 1, 2005, 0, NULL, NULL, 0, NULL, '', 'a:2:{s:9:"FOLLOW_ME";s:1:"N";s:10:"NEW_ANSWER";s:1:"N";}', '', NULL),
(14, '爱哭酱', '83365989@163.com', '', '91eefd4e7eb56421fd0a0819583265b9', 'coaa', '000/00/00/14_avatar_min.jpg', 2, 654710400, '江苏省', '南京市', 0, 1473149700, 606148727, 1473671857, 606148727, 749, 1473671980, 4, 0, 0, 0, 1, 0, 0, 0, 3, 0, 5, 2, 5, 0, 1, 0, 3, 0, 3, 3, 1475974718, 1, 2015, 0, NULL, NULL, 0, NULL, '', 'a:2:{s:9:"FOLLOW_ME";s:1:"N";s:10:"NEW_ANSWER";s:1:"N";}', '', NULL),
(15, '我爱黑加仑', '567892096@qq.com', '', '5357d16c099295806aaeacf28c576b46', 'chiz', '000/00/00/15_avatar_min.jpg', 2, NULL, '', '', 0, 1473149837, 606148727, 1473149976, 606148727, 758, 1473150659, 0, 0, 0, 0, 1, 0, 0, 1, 1, 0, 5, 1, 5, 0, 1, 0, 0, 0, 2, 0, 1475974718, 1, 1995, 0, NULL, NULL, 0, NULL, '', 'a:2:{s:9:"FOLLOW_ME";s:1:"N";s:10:"NEW_ANSWER";s:1:"N";}', '', NULL),
(17, '疯狂原始人', '5699341756@163.com', '', '86c1cff71d07ff45262de78b86dc801b', 'olqq', '000/00/00/17_avatar_min.jpg', 1, NULL, '', '', 0, 1473150091, 606148727, 1473150185, 606148727, 350, 1473150535, 1, 0, 0, 0, 1, 0, 0, 1, 0, 0, 5, 2, 5, 0, 1, 0, 0, 0, 2, 0, 1475974718, 1, 2005, 0, NULL, NULL, 0, NULL, '', 'a:2:{s:9:"FOLLOW_ME";s:1:"N";s:10:"NEW_ANSWER";s:1:"N";}', '', NULL),
(18, '蛇蝎美男', '54692375@qq.com', '', '812e1f5e9f3b3cab758b0c2f2f0131de', 'khnt', '000/00/00/18_avatar_min.jpg', 1, 462816000, '安徽省', '', 0, 1473150329, 606148727, 1473672021, 606148727, 3501, 1473672202, 7, 0, 0, 0, 1, 0, 0, 0, 4, 0, 5, 2, 5, 0, 1, 0, 1, 0, 3, 0, 1475974718, 1, 2000, 0, NULL, NULL, 0, NULL, '', 'a:2:{s:9:"FOLLOW_ME";s:1:"N";s:10:"NEW_ANSWER";s:1:"N";}', '', NULL),
(19, '二次元少女', '255489756@qq.com', '', 'ed97a17206c7dfb2109e040c96cf3db4', 'jaus', '000/00/00/19_avatar_min.jpg', 2, NULL, '', '', 0, 1473150781, 606148727, 1473150820, 606148727, 279, 1473151099, 0, 0, 0, 0, 1, 0, 0, 0, 0, 0, 5, 1, 5, 0, 1, 0, 0, 0, 0, 0, 1475974718, 1, 2010, NULL, NULL, NULL, 0, NULL, '', 'a:2:{s:9:"FOLLOW_ME";s:1:"N";s:10:"NEW_ANSWER";s:1:"N";}', '', NULL),
(20, '我没那种命', '74235691@qq.com', '', '2dca7e5ccc842ec55657bd86fb545f05', 'vrli', '000/00/00/20_avatar_min.jpg', 2, NULL, '', '', 0, 1473150818, 606148727, 1473672425, 606148727, 965, 1473672426, 0, 0, 0, 0, 2, 0, 0, 1, 0, 0, 5, 2, 5, 0, 1, 0, 0, 0, 1, 0, 1475974718, 1, 2000, 0, NULL, NULL, 0, NULL, '', 'a:2:{s:9:"FOLLOW_ME";s:1:"N";s:10:"NEW_ANSWER";s:1:"N";}', '', NULL),
(21, '三少爷的剑', '663325741@qq.com', '', '4b40652a2926985aacefccc5fabcf3fd', 'syqg', '000/00/00/21_avatar_min.jpg', 1, NULL, '', '', 0, 1473150957, 606148727, 1473672291, 606148727, 1386, 1473672353, 0, 0, 0, 0, 1, 0, 0, 1, 1, 0, 5, 2, 5, 0, 1, 0, 0, 0, 1, 0, 1475974718, 1, 1995, 0, NULL, NULL, 0, NULL, '', 'a:2:{s:9:"FOLLOW_ME";s:1:"N";s:10:"NEW_ANSWER";s:1:"N";}', '', NULL),
(22, '宋小宝纯行货', '25864958456@qq.com', '', '77911f2c8fd3a5b4d806c79d0b1b09d3', 'aomv', '000/00/00/22_avatar_min.jpg', 3, NULL, '海南省', '海口市', 0, 1473151221, 606148727, 0, NULL, 0, NULL, 0, 0, 0, 0, 1, 0, 0, 0, 0, 0, 5, 2, 5, 0, 1, 1, 0, 0, 0, 0, 1475974718, 1, 2000, NULL, NULL, NULL, 0, NULL, NULL, 'a:2:{s:9:"FOLLOW_ME";s:1:"N";s:10:"NEW_ANSWER";s:1:"N";}', '', NULL),
(24, '灵儿妹妹', '7564218954@qq.com', '', '724cbece245bc90ee3cbdae0c805faae', 'dtkg', '000/00/00/24_avatar_min.jpg', 2, NULL, '', '', 0, 1473211362, 606148727, 1473211402, 606148727, 1262, 1473212663, 1, 0, 0, 0, 1, 0, 0, 1, 0, 0, 5, 2, 5, 0, 1, 0, 0, 0, 0, 0, 1475974718, 1, 1995, 0, NULL, NULL, 0, NULL, '', 'a:2:{s:9:"FOLLOW_ME";s:1:"N";s:10:"NEW_ANSWER";s:1:"N";}', '', NULL),
(25, '我家的红桃K', '5648915246@qq.com', '', '7ee4decfc047c73d608d4035fb23d213', 'alcr', '000/00/00/25_avatar_min.jpg', 2, NULL, '', '', 0, 1473212465, 606148727, 1473212689, 606148727, 1023, 1473213711, 0, 0, 0, 0, 1, 0, 0, 0, 0, 1, 5, 2, 5, 0, 1, 0, 0, 0, 0, 0, 1475974718, 1, 2010, NULL, NULL, NULL, 0, NULL, '', 'a:2:{s:9:"FOLLOW_ME";s:1:"N";s:10:"NEW_ANSWER";s:1:"N";}', '', NULL),
(26, '快乐的小仙女', '8854796245@qq.com', '', '480ab42a4dd57d07916c27ab53c11647', 'jgon', '000/00/00/26_avatar_min.jpg', 2, NULL, '', '', 0, 1473213716, 606148727, 1473213787, 606148727, 61, 1473213847, 0, 0, 0, 0, 1, 0, 0, 0, 0, 0, 5, 4, 5, 0, 1, 0, 0, 0, 0, 0, 1475974718, 1, 2010, NULL, NULL, NULL, 0, NULL, '', 'a:2:{s:9:"FOLLOW_ME";s:1:"N";s:10:"NEW_ANSWER";s:1:"N";}', '', NULL),
(27, '地瓜熊', '8854297864@qq.com', '', 'cf29fbf8231361c2d75fb36210bfdfdf', 'azsm', '000/00/00/27_avatar_min.jpg', 2, NULL, '', '', 0, 1473214163, 606148727, 1473214239, 606148727, 68, 1473214307, 1, 0, 0, 0, 1, 0, 0, 1, 0, 0, 5, 4, 5, 0, 1, 0, 0, 0, 0, 0, 1475974718, 1, 1995, 0, NULL, NULL, 0, NULL, '', 'a:2:{s:9:"FOLLOW_ME";s:1:"N";s:10:"NEW_ANSWER";s:1:"N";}', '', NULL),
(28, '本宫驾到', '552468915@qq.com', '', '59f7276313b89553ad9c9741d9003cc8', 'ercg', '000/00/00/28_avatar_min.jpg', 2, NULL, '', '', 0, 1473214413, 606148727, 1473214465, 606148727, 1330, 1473215794, 0, 0, 0, 0, 1, 0, 0, 0, 1, 1, 5, 2, 5, 0, 1, 0, 0, 0, 1, 0, 1475974718, 1, 2005, 0, NULL, NULL, 0, NULL, '', 'a:2:{s:9:"FOLLOW_ME";s:1:"N";s:10:"NEW_ANSWER";s:1:"N";}', '', NULL),
(29, '我朋友是个奇葩', '594586214@qq.com', '', '65a75aff6bb0725424cc04de54a762ce', 'fasy', '000/00/00/29_avatar_min.jpg', 2, NULL, '', '', 0, 1473215759, 606148727, 1473225847, 606148727, 1338, 1473225847, 3, 0, 0, 0, 1, 0, 0, 1, 1, 0, 5, 4, 5, 0, 1, 0, 1, 0, 1, 0, 1475974718, 1, 2000, 0, NULL, NULL, 0, NULL, '', 'a:2:{s:9:"FOLLOW_ME";s:1:"N";s:10:"NEW_ANSWER";s:1:"N";}', '', NULL),
(30, '单眼皮的美少女', '5847521547@qq.com', '', 'd090f8dbec7e4e93206427839b5f686c', 'niqk', '000/00/00/30_avatar_min.jpg', 2, NULL, '', '', 0, 1473217340, 606148727, 1473217410, 606148727, 8077, 1473225366, 0, 0, 0, 0, 1, 0, 0, 0, 0, 0, 5, 4, 5, 0, 1, 0, 0, 0, 2, 0, 1475974718, 1, 2010, NULL, NULL, NULL, 0, NULL, '', 'a:2:{s:9:"FOLLOW_ME";s:1:"N";s:10:"NEW_ANSWER";s:1:"N";}', '', NULL),
(31, '咖妃伴侣', '256487514@qq.com', '', '704cbbe87198a8b640ce0eccd1dc65de', 'hviu', '000/00/00/31_avatar_min.jpg', 2, NULL, '', '', 0, 1473225523, 606148727, 1473225586, 606148727, 246, 1473225831, 1, 0, 0, 0, 1, 0, 0, 1, 0, 0, 5, 2, 5, 0, 1, 0, 0, 0, 2, 0, 1475974718, 1, 1995, 0, NULL, NULL, 0, NULL, '', 'a:2:{s:9:"FOLLOW_ME";s:1:"N";s:10:"NEW_ANSWER";s:1:"N";}', '', NULL),
(32, '安妮玫瑰', '865495215@qq.com', '', '6e769b292bc6eeccba10c896850d3c20', 'rzta', '000/00/00/32_avatar_min.jpg', 2, NULL, '', '', 0, 1473228351, 606148727, 1473228402, 606148727, 1118, 1473229519, 0, 0, 0, 0, 1, 0, 0, 1, 0, 0, 5, 4, 5, 0, 1, 0, 0, 0, 3, 0, 1475974718, 1, 1990, 0, NULL, NULL, 0, NULL, '', 'a:2:{s:9:"FOLLOW_ME";s:1:"N";s:10:"NEW_ANSWER";s:1:"N";}', '', NULL),
(34, '内双美少女', '86754231@163.com', '', '31c4f37d10514e8d6327929e2dadc259', 'ufcr', '000/00/00/34_avatar_min.jpg', 2, 563558400, '上海市', '', 0, 1473231179, 606148727, 1473231518, 606148727, 1206, 1473232537, 1, 0, 0, 0, 1, 0, 0, 1, 0, 0, 5, 2, 5, 0, 1, 0, 0, 0, 3, 0, 1475974718, 1, 2005, 0, NULL, NULL, 0, NULL, '', 'a:2:{s:9:"FOLLOW_ME";s:1:"N";s:10:"NEW_ANSWER";s:1:"N";}', '', NULL),
(35, '泰森', '867423458@163.com', '', 'ac0efd0609ae4ce8fe2af55988545e42', 'wcvn', '000/00/00/35_avatar_min.jpg', 1, NULL, '', '', 0, 1473231538, 606148727, 1473672449, 606148727, 1022, 1473673177, 3, 0, 0, 2, 2, 0, 0, 1, 1, 0, 5, 2, 5, 0, 1, 0, 1, 0, 3, 0, 1475974718, 1, 2020, 0, NULL, NULL, 0, NULL, '', 'a:2:{s:9:"FOLLOW_ME";s:1:"N";s:10:"NEW_ANSWER";s:1:"N";}', '', NULL),
(36, '骇客帝国', '234598714@qq.com', '', 'b49a359cb10ac587f701e068687bd285', 'adme', NULL, 3, NULL, '', '', 0, 1473232047, 606148727, 1473673243, 606148727, 554, 1473673796, 0, 0, 0, 0, 1, 0, 0, 0, 0, 0, 5, 2, 5, 0, 1, 0, 0, 0, 0, 0, 1475974718, 1, 2000, NULL, NULL, NULL, 0, NULL, '', 'a:2:{s:9:"FOLLOW_ME";s:1:"N";s:10:"NEW_ANSWER";s:1:"N";}', '', NULL),
(37, '闷骚的摩羯座', '495623489@163.com', '', '58237561c8ba4291b893328903398e4b', 'hxhj', '000/00/00/37_avatar_min.jpg', 1, NULL, '', '', 0, 1473232299, 606148727, 1473232335, 606148727, 192, 1473232526, 0, 0, 0, 0, 1, 0, 0, 1, 1, 0, 5, 2, 5, 0, 1, 0, 0, 0, 1, 0, 1475974718, 1, 1995, 0, NULL, NULL, 0, NULL, '', 'a:2:{s:9:"FOLLOW_ME";s:1:"N";s:10:"NEW_ANSWER";s:1:"N";}', '', NULL),
(38, '作死的处女座', '789564123@163.com', '', '4c26834ac6ead149539e10d0f74f09e5', 'xqhw', '000/00/00/38_avatar_min.jpg', 2, -28800, '', '', 0, 1473232429, 606148727, 1473233172, 606148727, 7534, 1473240154, 0, 0, 0, 0, 1, 0, 0, 1, 0, 0, 5, 2, 5, 0, 1, 0, 0, 0, 2, 0, 1475974718, 1, 2015, 0, NULL, NULL, 0, NULL, '', 'a:2:{s:9:"FOLLOW_ME";s:1:"N";s:10:"NEW_ANSWER";s:1:"N";}', '', NULL),
(39, '艾克里里粉', '654879512@qq.com', '', '580ed3ee5cd62cc9722e547f9b0baf68', 'qtks', '000/00/00/39_avatar_min.jpg', 1, NULL, '', '', 0, 1473233049, 606148727, 1473233236, 606148727, 1851, 1473235086, 1, 0, 0, 0, 1, 0, 0, 0, 1, 0, 5, 4, 5, 0, 1, 0, 1, 0, 1, 0, 1475974718, 1, 2005, 0, NULL, NULL, 0, NULL, '', 'a:2:{s:9:"FOLLOW_ME";s:1:"N";s:10:"NEW_ANSWER";s:1:"N";}', '', NULL),
(40, '疯狂的金牛座', '63458741@163.com', '', 'e70f82f6133f2460f9421e90db5e42ae', 'wmnr', '000/00/00/40_avatar_min.jpg', 3, NULL, '', '', 0, 1473233184, 606148727, 1474357883, 606148727, 123, 1474358004, 0, 0, 0, 1, 1, 0, 0, 1, 0, 0, 5, 2, 5, 0, 1, 0, 0, 0, 1, 0, 1475974718, 1, 2010, 0, NULL, NULL, 0, NULL, '', 'a:2:{s:9:"FOLLOW_ME";s:1:"N";s:10:"NEW_ANSWER";s:1:"N";}', '', NULL),
(41, '我是小公举', '658249587@qq.com', '', '09976cd41495d258e87c0b8430e6ae88', 'doff', '000/00/00/41_avatar_min.jpg', 2, NULL, '', '', 0, 1473234061, 606148727, 1473665996, 606148727, 5280, 1473666356, 8, 0, 0, 0, 1, 0, 0, 0, 2, 2, 5, 2, 5, 0, 1, 0, 5, 0, 1, 2, 1475974718, 1, 2000, 0, NULL, NULL, 0, NULL, '', 'a:2:{s:9:"FOLLOW_ME";s:1:"N";s:10:"NEW_ANSWER";s:1:"N";}', '', NULL),
(42, '李婷婷', '7895216741@163.com', '', 'da7c08abaea7b5ab08b2aa9576123857', 'kaya', '000/00/00/42_avatar_min.jpg', 2, NULL, '', '', 0, 1473234635, 606148727, 1474355586, 606148727, 64, 1474355648, 7, 0, 0, 3, 1, 0, 0, 1, 0, 0, 5, 2, 5, 0, 1, 0, 0, 0, 3, 0, 1475974718, 1, 2020, 0, NULL, NULL, 0, NULL, '', 'a:2:{s:9:"FOLLOW_ME";s:1:"N";s:10:"NEW_ANSWER";s:1:"N";}', '', NULL),
(43, 'gengxin', 'bbxycx.18@163.com', '', '0e1387c765b09bd37735cccb83de75da', 'wpys', '000/00/00/43_avatar_min.jpg', 1, NULL, '', '', 0, 1473317209, 606148727, 1475129657, 1018033988, 2512, 1475130030, 0, 0, 0, 0, 2, 0, 0, 1, 0, 1, 5, 3, 5, 0, 1, 0, 0, 0, 4, 0, 1475974718, 1, 2000, 0, NULL, NULL, 0, 'personal', '', 'a:2:{s:9:"FOLLOW_ME";s:1:"N";s:10:"NEW_ANSWER";s:1:"N";}', '', NULL),
(44, '爱香奈尔', '655741235@163.com', '', '9e18d6aa2d16268cbc8b1fb6a83f9349', 'sjeg', '000/00/00/44_avatar_min.jpg', 2, NULL, '', '', 0, 1473321267, 606148727, 1473321381, 606148727, 98, 1473321478, 2, 0, 0, 1, 1, 0, 0, 1, 0, 0, 5, 2, 5, 0, 1, 0, 0, 0, 1, 0, 1475974718, 1, 2005, 0, NULL, NULL, 0, NULL, '', 'a:2:{s:9:"FOLLOW_ME";s:1:"N";s:10:"NEW_ANSWER";s:1:"N";}', '', NULL),
(45, '玛莎拉蒂君', '456258741@163.com', '', '6f4f7002e4179ece13626c96b7e812d8', 'ndcz', '000/00/00/45_avatar_min.jpg', 2, NULL, '', '', 0, 1473321360, 606148727, 1473321531, 606148727, 69, 1473321599, 0, 0, 0, 0, 1, 0, 0, 1, 0, 0, 5, 2, 5, 0, 1, 0, 0, 0, 2, 0, 1475974718, 1, 2000, 0, NULL, NULL, 0, NULL, '', 'a:2:{s:9:"FOLLOW_ME";s:1:"N";s:10:"NEW_ANSWER";s:1:"N";}', '', NULL),
(46, '小嘻', '234568712@163.com', '', '2ebb88e49d91ab8b52d0db6be2b5b18d', 'msvh', '000/00/00/46_avatar_min.jpg', 2, NULL, '', '', 0, 1473321723, 606148727, 1473321757, 606148727, 157, 1473321913, 0, 0, 0, 0, 1, 0, 0, 1, 0, 0, 5, 2, 5, 0, 1, 0, 0, 0, 1, 0, 1475974718, 1, 2000, 0, NULL, NULL, 0, NULL, '', 'a:2:{s:9:"FOLLOW_ME";s:1:"N";s:10:"NEW_ANSWER";s:1:"N";}', '', NULL),
(47, '小哈', '88771244@163.com', '', '7f1fccdfeb72a451d570a0abe8983ff6', 'yiil', '000/00/00/47_avatar_min.jpg', 2, NULL, '', '', 0, 1473321761, 606148727, 1473322004, 606148727, 61, 1473322064, 0, 0, 0, 0, 1, 0, 0, 1, 0, 0, 5, 2, 5, 0, 1, 0, 0, 0, 1, 0, 1475974718, 1, 2000, 0, NULL, NULL, 0, NULL, '', 'a:2:{s:9:"FOLLOW_ME";s:1:"N";s:10:"NEW_ANSWER";s:1:"N";}', '', NULL),
(48, '北京人在纽约', '741258693@163.com', '', '407425b579af3acae232461403b0d374', 'vqjc', '000/00/00/48_avatar_min.jpg', 0, NULL, '', '', 0, 1473321910, 606148727, 1474355664, 606148727, 336, 1474355999, 1, 0, 0, 0, 1, 0, 0, 1, 0, 0, 5, 2, 5, 0, 1, 0, 0, 0, 1, 0, 1475974718, 1, 1995, 0, NULL, NULL, 0, NULL, '', 'a:2:{s:9:"FOLLOW_ME";s:1:"N";s:10:"NEW_ANSWER";s:1:"N";}', '', NULL),
(49, '十万升的眼泪', '665871125@163.com', '', 'd1310e45598a21972dfc6b849aae3c2a', 'jqgc', '000/00/00/49_avatar_min.jpg', 2, 768758400, '', '', 0, 1473647029, 606148727, 1473659720, 606148727, 1416, 1473661135, 6, 0, 0, 1, 1, 0, 0, 1, 0, 1, 5, 2, 5, 0, 1, 0, 0, 0, 3, 0, 1475974718, 1, 2035, 0, NULL, NULL, 0, NULL, '', 'a:2:{s:9:"FOLLOW_ME";s:1:"N";s:10:"NEW_ANSWER";s:1:"N";}', '', 'a:1:{i:0;s:33:"创建或搜索添加新话题...";}'),
(50, '岁月神偷', '52412369@163.com', '', '415a99ec402b971ba125a01516e4dabc', 'nsdx', NULL, 1, NULL, '', '', 0, 1473647139, 606148727, 1473661201, 606148727, 782, 1473661982, 0, 0, 0, 0, 1, 0, 0, 0, 0, 0, 5, 2, 5, 0, 1, 0, 0, 0, 0, 0, 1475974718, 1, 2010, NULL, NULL, NULL, 0, NULL, '', 'a:2:{s:9:"FOLLOW_ME";s:1:"N";s:10:"NEW_ANSWER";s:1:"N";}', '', NULL),
(51, '演员', '457822374@163.com', '', '5e833ed2ef3fb8e78647656edc034a02', 'bdjk', '000/00/00/51_avatar_min.jpg', 1, -28800, '', '', 0, 1473662005, 606148727, 1473663164, 606148727, 938, 1473664101, 0, 0, 0, 0, 1, 0, 0, 0, 0, 0, 5, 2, 5, 0, 1, 0, 0, 0, 1, 0, 1475974718, 1, 2020, NULL, NULL, NULL, 0, NULL, '', 'a:2:{s:9:"FOLLOW_ME";s:1:"N";s:10:"NEW_ANSWER";s:1:"N";}', '', NULL),
(52, '小绵羊很漂亮', '564879215@qq.com', '', '568d07bb60130b690565045dc79a9a70', 'cvzx', NULL, 0, NULL, NULL, NULL, 0, 1473668501, 606148727, 0, NULL, 0, NULL, 0, 0, 0, 0, 1, 0, 0, 0, 0, 0, 5, 4, 5, 0, 1, 1, 0, 0, 1, 0, 1475974718, 1, 2000, NULL, NULL, NULL, 0, NULL, NULL, 'a:2:{s:9:"FOLLOW_ME";s:1:"N";s:10:"NEW_ANSWER";s:1:"N";}', '', NULL),
(53, '回忆专用小马甲', '654895217@qq.com', '', 'be1dbc2443f1cc786ad41d46e2990f23', 'clng', '000/00/00/53_avatar_min.jpg', 2, -28800, '', '', 0, 1473730595, 606148727, 1473730635, 606148727, 1078, 1473731712, 0, 0, 0, 0, 1, 0, 0, 0, 0, 0, 5, 4, 5, 0, 1, 0, 0, 0, 2, 0, 1475974718, 1, 2030, NULL, NULL, NULL, 0, NULL, '', 'a:2:{s:9:"FOLLOW_ME";s:1:"N";s:10:"NEW_ANSWER";s:1:"N";}', '', NULL),
(54, '煮酒君', '98542167@qq.com', '', '4ad5b821b4c62ce99ee47323a7c755cd', 'txts', '000/00/00/54_avatar_min.jpg', 3, -28800, '', '', 0, 1473731703, 606148727, 1473731753, 606148727, 556, 1473732308, 0, 0, 0, 0, 1, 0, 0, 0, 0, 0, 5, 4, 5, 0, 1, 0, 0, 0, 2, 0, 1475974718, 1, 2030, NULL, NULL, NULL, 0, NULL, '', 'a:2:{s:9:"FOLLOW_ME";s:1:"N";s:10:"NEW_ANSWER";s:1:"N";}', '', NULL),
(55, '旧影阁', '546128796@qq.com', '', '1c495a2cc0c5ab201ed88ac3564a89db', 'qlpz', '000/00/00/55_avatar_min.jpg', 2, -28800, '', '', 0, 1473732230, 606148727, 1473732329, 606148727, 1767, 1473734095, 0, 0, 0, 0, 1, 0, 0, 0, 0, 0, 5, 4, 5, 0, 1, 0, 0, 0, 2, 0, 1475974718, 1, 2030, NULL, NULL, NULL, 0, NULL, '', 'a:2:{s:9:"FOLLOW_ME";s:1:"N";s:10:"NEW_ANSWER";s:1:"N";}', '', NULL),
(56, '我的前任是极品', '96521879@qq.com', '', 'c3a8c0694ba1cdf683f1e0573fd293f2', 'eexu', NULL, 0, NULL, NULL, NULL, 0, 1473733950, 606148727, 0, NULL, 0, NULL, 0, 0, 0, 0, 1, 0, 0, 0, 0, 0, 5, 4, 5, 0, 1, 1, 0, 0, 0, 0, 1475974718, 1, 2000, NULL, NULL, NULL, 0, NULL, NULL, 'a:2:{s:9:"FOLLOW_ME";s:1:"N";s:10:"NEW_ANSWER";s:1:"N";}', '', NULL),
(57, '来自星星的我', '5464692547@qq.com', '', '93a7e4125ed46716abb8933289bfb2ab', 'rcec', '000/00/00/57_avatar_min.jpg', 2, -28800, '', '', 0, 1473734032, 606148727, 1473734115, 606148727, 1145, 1473735259, 0, 0, 0, 0, 1, 0, 0, 0, 0, 0, 5, 4, 5, 0, 1, 0, 0, 0, 2, 0, 1475974718, 1, 2030, NULL, NULL, NULL, 0, NULL, '', 'a:2:{s:9:"FOLLOW_ME";s:1:"N";s:10:"NEW_ANSWER";s:1:"N";}', '', NULL),
(59, '我和宠物的日常', '6524879247@qq.com', '', 'ff44cae2f77e71a176b0212aec31dc58', 'khod', '000/00/00/59_avatar_min.jpg', 2, -28800, '', '', 0, 1473735361, 606148727, 1473735370, 606148727, 1145, 1473736514, 0, 0, 0, 0, 1, 0, 0, 0, 0, 0, 5, 4, 5, 0, 1, 0, 0, 0, 2, 0, 1475974718, 1, 2030, NULL, NULL, NULL, 0, NULL, '', 'a:2:{s:9:"FOLLOW_ME";s:1:"N";s:10:"NEW_ANSWER";s:1:"N";}', '', NULL),
(60, '小女子爱穿平底鞋', '95846712@qq.com', '', '006f01a7d2d45320f8cacae43ba55e14', 'skpw', '000/00/00/60_avatar_min.jpg', 2, -28800, '', '', 0, 1473736533, 606148727, 1473736576, 606148727, 10042, 1473746617, 0, 0, 0, 0, 1, 0, 0, 0, 0, 0, 5, 4, 5, 0, 1, 0, 0, 0, 2, 0, 1475974718, 1, 2030, NULL, NULL, NULL, 0, NULL, '', 'a:2:{s:9:"FOLLOW_ME";s:1:"N";s:10:"NEW_ANSWER";s:1:"N";}', '', NULL),
(61, '寂寞者的苍凉', '6666548791@qq.com', '', '3a10549f7f4753b25ce7d2baf973c71c', 'lqmu', '000/00/00/61_avatar_min.jpg', 2, -28800, '', '', 0, 1473745983, 606148727, 1473746673, 606148727, 1585, 1473748258, 3, 0, 0, 0, 1, 0, 0, 1, 1, 0, 5, 4, 5, 0, 1, 0, 2, 0, 3, 1, 1475974718, 1, 2005, 0, NULL, NULL, 0, NULL, '', 'a:2:{s:9:"FOLLOW_ME";s:1:"N";s:10:"NEW_ANSWER";s:1:"N";}', '', NULL),
(62, '小陶同学', '5556894821@qq.com', '', '9ce6600e93b6ea7f9764b39da373667e', 'kjtu', '000/00/00/62_avatar_min.jpg', 2, -28800, '', '', 0, 1473748224, 606148727, 1473748318, 606148727, 9559, 1473757876, 0, 0, 0, 0, 1, 0, 0, 0, 0, 0, 5, 4, 5, 0, 1, 0, 0, 0, 3, 0, 1475974718, 1, 2030, NULL, NULL, NULL, 0, NULL, '', 'a:2:{s:9:"FOLLOW_ME";s:1:"N";s:10:"NEW_ANSWER";s:1:"N";}', '', NULL),
(63, '最长的电影', '47125863@163.com', '', '5eaa9cf5723f77d6a3282b00ebd06453', 'alkt', '000/00/00/63_avatar_min.jpg', 3, NULL, '', '', 0, 1473834290, 606148727, 1473838233, 606148727, 210, 1473838442, 1, 0, 0, 0, 1, 0, 0, 1, 0, 0, 5, 2, 5, 0, 1, 0, 0, 0, 2, 0, 1475974718, 1, 2005, 0, NULL, NULL, 0, NULL, '', 'a:2:{s:9:"FOLLOW_ME";s:1:"N";s:10:"NEW_ANSWER";s:1:"N";}', '', NULL),
(64, '听见下雨的声音', '698842528@163.com', '', '2fd5d069c00ae35b58948e554aa45d22', 'xpzz', '000/00/00/64_avatar_min.jpg', 3, NULL, '', '', 0, 1473834363, 606148727, 1473838041, 606148727, 168, 1473838208, 3, 0, 0, 0, 1, 0, 0, 1, 2, 0, 5, 2, 5, 0, 1, 0, 0, 0, 2, 0, 1475974718, 1, 1990, 0, NULL, NULL, 0, NULL, '', 'a:2:{s:9:"FOLLOW_ME";s:1:"N";s:10:"NEW_ANSWER";s:1:"N";}', '', NULL),
(65, '花海姑娘', '45781236@163.com', '', 'd0f4766984f1cd474a0b195b8885ebb3', 'fmij', '000/00/00/65_avatar_min.jpg', 2, NULL, '', '', 0, 1473834881, 606148727, 1473837677, 606148727, 241, 1473837858, 2, 0, 0, 0, 1, 0, 0, 1, 0, 0, 5, 2, 5, 0, 1, 0, 0, 0, 0, 0, 1475974718, 1, 2010, 0, NULL, NULL, 0, NULL, '', 'a:2:{s:9:"FOLLOW_ME";s:1:"N";s:10:"NEW_ANSWER";s:1:"N";}', '', NULL),
(66, '暴走的君主', '65812348@163.com', '', '9279fc3a2019614da2ec842d51e88995', 'vioj', '000/00/00/66_avatar_min.jpg', 1, NULL, '', '', 0, 1473835268, 606148727, 1473837893, 606148727, 123, 1473838015, 4, 0, 0, 1, 1, 0, 0, 1, 0, 0, 5, 2, 5, 0, 1, 0, 0, 0, 0, 0, 1475974718, 1, 2015, 0, NULL, NULL, 0, NULL, '', 'a:2:{s:9:"FOLLOW_ME";s:1:"N";s:10:"NEW_ANSWER";s:1:"N";}', '', NULL),
(67, '套路女王', '25876345@163.com', '', 'b2817dded556c77c39eaa918f09004c3', 'cojt', '000/00/00/67_avatar_min.jpg', 3, NULL, '', '', 0, 1473836254, 606148727, 1473837448, 606148727, 147, 1473837594, 2, 0, 0, 0, 1, 0, 0, 1, 1, 0, 5, 2, 5, 0, 1, 0, 0, 0, 3, 0, 1475974718, 1, 2005, 0, NULL, NULL, 0, NULL, '', 'a:2:{s:9:"FOLLOW_ME";s:1:"N";s:10:"NEW_ANSWER";s:1:"N";}', '', NULL),
(68, 'cat', '527953212@163.com', '', 'fb4d74fe5dc281df96aaf6dd7f7941c5', 'ibcb', '000/00/00/68_avatar_min.jpg', 2, NULL, '', '', 0, 1473836542, 606148727, 1474356831, 606148727, 990, 1474357819, 0, 0, 0, 0, 1, 0, 0, 1, 0, 0, 5, 2, 5, 0, 1, 0, 0, 0, 3, 0, 1475974718, 1, 2005, 0, NULL, NULL, 0, NULL, '', 'a:2:{s:9:"FOLLOW_ME";s:1:"N";s:10:"NEW_ANSWER";s:1:"N";}', '', NULL),
(69, '中了毒的自己', '36925147@163.com', '', '61edb16f6cf707ee5de82b4663a02705', 'tois', '000/00/00/69_avatar_min.jpg', 2, NULL, '', '', 0, 1473836816, 606148727, 1473837243, 606148727, 61, 1473837303, 0, 0, 0, 0, 1, 0, 0, 1, 0, 0, 5, 2, 5, 0, 1, 0, 0, 0, 1, 0, 1475974718, 1, 2000, 0, NULL, NULL, 0, NULL, '', 'a:2:{s:9:"FOLLOW_ME";s:1:"N";s:10:"NEW_ANSWER";s:1:"N";}', '', NULL),
(70, '重新的自我', '78123654@163.com', '', '252bee2ae9341d8cbb413dffee9d8f05', 'ryok', '000/00/00/70_avatar_min.jpg', 3, NULL, '', '', 0, 1473837278, 606148727, 1473838568, 606148727, 77, 1473838645, 1, 0, 0, 0, 1, 0, 0, 1, 1, 0, 5, 2, 5, 0, 1, 0, 0, 0, 1, 0, 1475974718, 1, 2000, 0, NULL, NULL, 0, NULL, '', 'a:2:{s:9:"FOLLOW_ME";s:1:"N";s:10:"NEW_ANSWER";s:1:"N";}', '', NULL),
(71, '薏仁美白丸子', '824567712@qq.com', '', '972e630dbce676d4403647f2e419bb9c', 'xjrl', '000/00/00/71_avatar_min.jpg', 0, NULL, '', '', 0, 1473837491, 606148727, 1473838705, 606148727, 166, 1473838870, 3, 0, 0, 0, 1, 0, 0, 1, 3, 0, 5, 2, 5, 0, 1, 0, 1, 0, 1, 0, 1475974719, 1, 1990, 0, NULL, NULL, 0, NULL, '', 'a:2:{s:9:"FOLLOW_ME";s:1:"N";s:10:"NEW_ANSWER";s:1:"N";}', '', NULL),
(72, '张惠妹的妹妹', '521356844@163.com', '', 'a1c28dfc14ddda82480c1c7d35a237ec', 'fbwf', '000/00/00/72_avatar_min.jpg', 3, NULL, '', '', 0, 1473837757, 606148727, 1473838465, 606148727, 63, 1473838527, 1, 0, 0, 0, 1, 0, 0, 1, 0, 0, 5, 2, 5, 0, 1, 0, 0, 0, 1, 0, 1475974719, 1, 2005, 0, NULL, NULL, 0, NULL, '', 'a:2:{s:9:"FOLLOW_ME";s:1:"N";s:10:"NEW_ANSWER";s:1:"N";}', '', NULL),
(73, '奶油蛋糕', '95687954@qq.com', '', 'b281caa43503e7fe33bc7011757fc12d', 'bpip', '000/00/00/73_avatar_min.jpg', 2, 841248000, '', '', 0, 1473839001, 606148727, 1473839093, 606148727, 987, 1473840079, 0, 0, 0, 0, 1, 0, 0, 0, 1, 0, 5, 4, 5, 0, 1, 0, 0, 0, 3, 0, 1475974719, 1, 2025, 0, NULL, NULL, 0, NULL, '', 'a:2:{s:9:"FOLLOW_ME";s:1:"N";s:10:"NEW_ANSWER";s:1:"N";}', '', NULL),
(74, '可惜没有如果', '854968712@qq.com', '', '40aefffc563b5695d44e0dd37f13ae8c', 'qbvn', '000/00/00/74_avatar_min.jpg', 2, 637171200, '', '', 0, 1473840188, 606148727, 1473840209, 606148727, 324, 1473840532, 0, 0, 0, 0, 1, 0, 0, 0, 1, 0, 5, 4, 5, 0, 1, 0, 0, 0, 3, 0, 1475974719, 1, 2025, 0, NULL, NULL, 0, NULL, '', 'a:2:{s:9:"FOLLOW_ME";s:1:"N";s:10:"NEW_ANSWER";s:1:"N";}', '', NULL),
(75, '陪你走遍世界', '8957461@qq.com', '', 'ed7147c7bd1e6c0901f294a347dace61', 'oxmc', '000/00/00/75_avatar_min.jpg', 2, -28800, '', '', 0, 1473840527, 606148727, 1473840553, 606148727, 734, 1473841286, 0, 0, 0, 0, 1, 0, 0, 0, 1, 0, 5, 4, 5, 0, 1, 0, 0, 0, 3, 0, 1475974719, 1, 2025, 0, NULL, NULL, 0, NULL, '', 'a:2:{s:9:"FOLLOW_ME";s:1:"N";s:10:"NEW_ANSWER";s:1:"N";}', '', NULL),
(76, '雍正的嫡福晋', '95846791@qq.com', '', '2b1368561ff19bb3f7dc0d062a1c7a9b', 'cxwk', '000/00/00/76_avatar_min.jpg', 2, 809366400, '', '', 0, 1473841320, 606148727, 1473841350, 606148727, 195, 1473841544, 1, 0, 0, 0, 1, 0, 0, 0, 1, 0, 5, 4, 5, 0, 1, 0, 0, 0, 3, 0, 1475974719, 1, 2025, 0, NULL, NULL, 0, NULL, '', 'a:2:{s:9:"FOLLOW_ME";s:1:"N";s:10:"NEW_ANSWER";s:1:"N";}', '', NULL),
(77, '尴尬小姐的独白', '985468219@qq.com', '', '8b796cf2390f9188a1e88e6533d8aa41', 'wuqh', '000/00/00/77_avatar_min.jpg', 2, 704217600, '', '', 0, 1473841594, 606148727, 1473841600, 606148727, 2452, 1473844051, 0, 0, 0, 0, 1, 0, 0, 0, 0, 0, 5, 4, 5, 0, 1, 0, 0, 0, 3, 0, 1475974719, 1, 2030, NULL, NULL, NULL, 0, NULL, '', 'a:2:{s:9:"FOLLOW_ME";s:1:"N";s:10:"NEW_ANSWER";s:1:"N";}', '', NULL),
(78, 'pandada', '25894615@qq.com', '', 'da8b1a6e5a17078d171b268d779cc525', 'wayo', '000/00/00/78_avatar_min.jpg', 2, -28800, '', '', 0, 1474178595, 606148727, 1474178612, 606148727, 500, 1474179111, 0, 0, 0, 0, 1, 0, 0, 0, 1, 0, 5, 4, 5, 0, 1, 0, 0, 0, 3, 0, 1475974719, 1, 2025, 0, NULL, NULL, 0, NULL, '', 'a:2:{s:9:"FOLLOW_ME";s:1:"N";s:10:"NEW_ANSWER";s:1:"N";}', '', NULL),
(79, '脚尖上的旅游', '96518479@qq.com', '', 'b5c4312dc1ac21305138fb3a5ff9af03', 'tqmp', '000/00/00/79_avatar_min.jpg', 2, -28800, '', '', 0, 1474178931, 606148727, 1474179147, 606148727, 246, 1474179392, 1, 0, 0, 0, 1, 0, 0, 1, 0, 0, 5, 4, 5, 0, 1, 0, 0, 0, 0, 0, 1475974719, 1, 2015, 0, NULL, NULL, 0, NULL, '', 'a:2:{s:9:"FOLLOW_ME";s:1:"N";s:10:"NEW_ANSWER";s:1:"N";}', '', NULL),
(80, '百变女王', '9548796211@qq.om', '', '5b9ec3af5d88c05f9195ab0f58941236', 'gyup', '000/00/00/80_avatar_min.jpg', 2, -28800, '', '', 0, 1474179584, 606148727, 1474180216, 606148727, 465, 1474180321, 0, 0, 0, 0, 1, 0, 0, 0, 0, 0, 5, 4, 5, 0, 1, 0, 0, 0, 2, 0, 1475974719, 1, 2030, NULL, NULL, NULL, 0, NULL, '', 'a:2:{s:9:"FOLLOW_ME";s:1:"N";s:10:"NEW_ANSWER";s:1:"N";}', '', NULL),
(81, '一颗糖', '45235689@163.com', '', '460d09a04155630754c36d687992c510', 'ieof', '000/00/00/81_avatar_min.jpg', 3, NULL, '', '', 0, 1474180257, 606148727, 1474180321, 606148727, 159, 1474180480, 1, 0, 0, 0, 1, 0, 0, 1, 0, 0, 5, 2, 5, 0, 1, 0, 0, 0, 2, 0, 1475974719, 1, 2005, 0, NULL, NULL, 0, NULL, '', 'a:2:{s:9:"FOLLOW_ME";s:1:"N";s:10:"NEW_ANSWER";s:1:"N";}', '', NULL),
(82, '听风者', '25149782@163.com', '', '2145e36ff997bfbb33df16ae1902ba3e', 'zdtn', '000/00/00/82_avatar_min.jpg', 3, NULL, '', '', 0, 1474180284, 606148727, 1474180538, 606148727, 470, 1474181007, 1, 0, 0, 0, 2, 0, 0, 1, 1, 0, 5, 2, 5, 0, 1, 0, 0, 0, 1, 0, 1475974719, 1, 2000, 0, NULL, NULL, 0, NULL, '', 'a:2:{s:9:"FOLLOW_ME";s:1:"N";s:10:"NEW_ANSWER";s:1:"N";}', '', NULL),
(83, '换不回的青春', '369471256@163.com', '', '5427e03ff882ef66dccb3df0f61588ca', 'fibq', '000/00/00/83_avatar_min.jpg', 3, NULL, '', '', 0, 1474180324, 606148727, 1474181056, 606148727, 194, 1474181249, 1, 0, 0, 0, 1, 0, 0, 1, 0, 0, 5, 2, 5, 0, 1, 0, 0, 0, 0, 0, 1475974719, 1, 2005, 0, NULL, NULL, 0, NULL, '', 'a:2:{s:9:"FOLLOW_ME";s:1:"N";s:10:"NEW_ANSWER";s:1:"N";}', '', NULL),
(84, '仓央嘉措', '369784254@163.com', '', '6e98db58c4700c72a445fbdf356305ca', 'lyog', '000/00/00/84_avatar_min.jpg', 0, NULL, '', '', 0, 1474180361, 606148727, 1474181451, 606148727, 182, 1474181632, 2, 0, 0, 0, 1, 0, 0, 1, 0, 0, 5, 2, 5, 0, 1, 0, 0, 0, 0, 0, 1475974719, 1, 2010, 0, NULL, NULL, 0, NULL, '', 'a:2:{s:9:"FOLLOW_ME";s:1:"N";s:10:"NEW_ANSWER";s:1:"N";}', '', NULL),
(85, '微微一笑很倾城', '854658912@qq.com', '', '32a42c2749a283d9908e699f6aa29a66', 'xiuy', '000/00/00/85_avatar_min.jpg', 2, -28800, '', '', 0, 1474180367, 606148727, 1474180371, 606148727, 70, 1474180440, 0, 0, 0, 0, 1, 0, 0, 0, 1, 0, 5, 4, 5, 0, 1, 0, 0, 0, 3, 0, 1475974719, 1, 2025, 0, NULL, NULL, 0, NULL, '', 'a:2:{s:9:"FOLLOW_ME";s:1:"N";s:10:"NEW_ANSWER";s:1:"N";}', '', NULL),
(86, '迷茫的青春', '963584126@163.com', '', '42fe3e53829ee7953bad085f686c010f', 'khxh', '000/00/00/86_avatar_min.jpg', 3, NULL, '', '', 0, 1474180476, 606148727, 1474181665, 606148727, 103, 1474181767, 0, 0, 0, 0, 1, 0, 0, 1, 0, 0, 5, 2, 5, 0, 1, 0, 0, 0, 1, 0, 1475974719, 1, 2000, 0, NULL, NULL, 0, NULL, '', 'a:2:{s:9:"FOLLOW_ME";s:1:"N";s:10:"NEW_ANSWER";s:1:"N";}', '', NULL),
(87, '羊羊羊', '351246945@163.com', '', '58d98282e42f4ff3867af9e27b0c703e', 'rhcm', '000/00/00/87_avatar_min.jpg', 3, NULL, '', '', 0, 1474180518, 606148727, 1474181814, 606148727, 286, 1474182099, 0, 0, 0, 0, 1, 0, 0, 1, 0, 0, 5, 2, 5, 0, 1, 0, 0, 0, 3, 0, 1475974719, 1, 2000, 0, NULL, NULL, 0, NULL, '', 'a:2:{s:9:"FOLLOW_ME";s:1:"N";s:10:"NEW_ANSWER";s:1:"N";}', '', NULL),
(88, '疯狂的麦克斯', '8756698422@163.com', '', '5d8d42c23fe1639c80fdd8dbc62fc12b', 'gdns', '000/00/00/88_avatar_min.jpg', 3, NULL, '', '', 0, 1474180615, 606148727, 1474182229, 606148727, 242, 1474182470, 0, 0, 0, 0, 1, 0, 0, 1, 0, 0, 5, 2, 5, 0, 1, 0, 0, 0, 1, 0, 1475974719, 1, 2000, 0, NULL, NULL, 0, NULL, '', 'a:2:{s:9:"FOLLOW_ME";s:1:"N";s:10:"NEW_ANSWER";s:1:"N";}', '', NULL),
(89, '明天你好', '87456233@163.com', '', 'c788db2558877a72800d7f926a1bb050', 'nkxv', '000/00/00/89_avatar_min.jpg', 2, NULL, '', '', 0, 1474180688, 606148727, 1474182266, 606148727, 583, 1474182848, 0, 0, 0, 0, 1, 0, 0, 0, 0, 0, 5, 2, 5, 0, 1, 0, 0, 0, 1, 0, 1475974719, 1, 2020, NULL, NULL, NULL, 0, NULL, '', 'a:2:{s:9:"FOLLOW_ME";s:1:"N";s:10:"NEW_ANSWER";s:1:"N";}', '', NULL),
(90, '春风十里', '364125845@qq.com', '', 'd97e8bf268a541310c700d7b3e4bdfef', 'belm', '000/00/00/90_avatar_min.jpg', 1, 799603200, '', '', 0, 1474180723, 606148727, 1474181688, 606148727, 535, 1474182222, 2, 0, 0, 0, 1, 0, 0, 0, 1, 0, 5, 2, 5, 0, 1, 0, 1, 0, 5, 0, 1475974719, 1, 2015, 0, NULL, NULL, 0, NULL, '', 'a:2:{s:9:"FOLLOW_ME";s:1:"N";s:10:"NEW_ANSWER";s:1:"N";}', '', NULL),
(91, '踮起脚尖', '451236944@163.com', '', 'a01b757d1421a7737c4f0d5954896986', 'qqwe', '000/00/00/91_avatar_min.jpg', 2, 671126400, '', '', 0, 1474180757, 606148727, 1474181052, 606148727, 243, 1474181294, 0, 0, 0, 0, 1, 0, 0, 0, 1, 0, 5, 2, 5, 0, 1, 0, 0, 0, 2, 0, 1475974719, 1, 2015, 0, NULL, NULL, 0, NULL, '', 'a:2:{s:9:"FOLLOW_ME";s:1:"N";s:10:"NEW_ANSWER";s:1:"N";}', '', NULL),
(92, '心如刀割', '85948765@qq.com', '', 'a49f68372558fb9f920e923e14ae831c', 'krii', '000/00/00/92_avatar_min.jpg', 2, -28800, '', '', 0, 1474181128, 606148727, 1474181158, 606148727, 176, 1474181333, 0, 0, 0, 0, 1, 0, 0, 0, 1, 0, 5, 4, 5, 0, 1, 0, 0, 0, 6, 0, 1475974719, 1, 2025, 0, NULL, NULL, 0, NULL, '', 'a:2:{s:9:"FOLLOW_ME";s:1:"N";s:10:"NEW_ANSWER";s:1:"N";}', '', NULL),
(93, 'supergirl', '95846892@qq.com', '', 'def3b24e688d33b902cb95ee99493cf5', 'gfwh', '000/00/00/93_avatar_min.jpg', 2, -28800, '', '', 0, 1474181457, 606148727, 1474181479, 606148727, 9585, 1474191063, 0, 0, 0, 0, 1, 0, 0, 0, 1, 0, 5, 4, 5, 0, 1, 0, 0, 0, 3, 0, 1475974719, 1, 2025, 0, NULL, NULL, 0, NULL, '', 'a:2:{s:9:"FOLLOW_ME";s:1:"N";s:10:"NEW_ANSWER";s:1:"N";}', '', NULL),
(94, '成全', '368745565@qq.com', '', '4e53aad0f5dcf5532f4aa343afd393b5', 'rwrd', '000/00/00/94_avatar_min.jpg', 3, NULL, '', '', 0, 1474262665, 606148727, 1474265888, 606148727, 122, 1474266009, 0, 0, 0, 0, 1, 0, 0, 1, 0, 0, 5, 2, 5, 0, 1, 0, 0, 0, 1, 0, 1475974719, 1, 2000, 0, NULL, NULL, 0, NULL, '', 'a:2:{s:9:"FOLLOW_ME";s:1:"N";s:10:"NEW_ANSWER";s:1:"N";}', '', NULL),
(95, '残酷月光', '36887415@qq.com', '', 'c492fd1ca118e79fa6eeeaaa163f53a9', 'ndfe', '000/00/00/95_avatar_min.jpg', 3, NULL, '', '', 0, 1474262718, 606148727, 1474264987, 606148727, 637, 1474265623, 1, 0, 0, 0, 1, 0, 0, 1, 0, 0, 5, 2, 5, 0, 1, 0, 0, 0, 0, 0, 1475974719, 1, 2005, 0, NULL, NULL, 0, NULL, '', 'a:2:{s:9:"FOLLOW_ME";s:1:"N";s:10:"NEW_ANSWER";s:1:"N";}', '', NULL),
(96, 'everybody', '621548454@qq.com', '', '1ab3ae9b59d8cda3c7a42172d024a9a1', 'xwpb', '000/00/00/96_avatar_min.jpg', 0, NULL, '', '', 0, 1474262827, 606148727, 1474265703, 606148727, 141, 1474265844, 1, 0, 0, 0, 1, 0, 0, 1, 0, 0, 5, 2, 5, 0, 1, 0, 0, 0, 0, 0, 1475974719, 1, 2005, 0, NULL, NULL, 0, NULL, '', 'a:2:{s:9:"FOLLOW_ME";s:1:"N";s:10:"NEW_ANSWER";s:1:"N";}', '', NULL),
(97, '睡不醒的香奈儿', '85946259@qq.com', '', '1ec05b2dc2e3d46d8580f382b1235666', 'qzix', '000/00/00/97_avatar_min.jpg', 2, 766339200, '', '', 0, 1474263006, 606148727, 1474263802, 606148727, 2030, 1474265831, 0, 0, 0, 0, 1, 0, 0, 0, 0, 0, 5, 4, 5, 0, 1, 0, 0, 0, 2, 0, 1475974719, 1, 2030, NULL, NULL, NULL, 0, NULL, '', 'a:2:{s:9:"FOLLOW_ME";s:1:"N";s:10:"NEW_ANSWER";s:1:"N";}', '', NULL),
(98, '搁浅的鱼儿', '487512695@qq.com', '', '62bbaa337a2635a08b223a71ee4beefe', 'jcgi', '000/00/00/98_avatar_min.jpg', 3, NULL, '', '', 0, 1474263010, 606148727, 1474266059, 606148727, 64, 1474266123, 2, 0, 0, 0, 1, 0, 0, 1, 0, 0, 5, 2, 5, 0, 1, 0, 0, 0, 0, 0, 1475974719, 1, 2010, 0, NULL, NULL, 0, NULL, '', 'a:2:{s:9:"FOLLOW_ME";s:1:"N";s:10:"NEW_ANSWER";s:1:"N";}', '', NULL),
(99, '慵懒的野猫', '351246841@163.com', '', 'd32895f99d0b00462be46745f6e1c7a0', 'hhmw', '000/00/00/99_avatar_min.jpg', 3, NULL, '', '', 0, 1474263110, 606148727, 1474266850, 606148727, 196, 1474267046, 0, 0, 0, 0, 1, 0, 0, 1, 0, 0, 5, 2, 5, 0, 1, 0, 0, 0, 1, 0, 1475974719, 1, 2000, 0, NULL, NULL, 0, NULL, '', 'a:2:{s:9:"FOLLOW_ME";s:1:"N";s:10:"NEW_ANSWER";s:1:"N";}', '', NULL),
(100, '剑道君', '56987425@163.com', '', 'a0d64e770e11904b26154a762a0b38a1', 'gmhj', '000/00/01/00_avatar_min.jpg', 0, NULL, '', '', 0, 1474263820, 606148727, 1474356025, 606148727, 789, 1474356813, 1, 0, 0, 0, 1, 0, 0, 1, 0, 0, 5, 2, 5, 0, 1, 0, 0, 0, 1, 0, 1475974719, 1, 2005, 0, NULL, NULL, 0, NULL, '', 'a:2:{s:9:"FOLLOW_ME";s:1:"N";s:10:"NEW_ANSWER";s:1:"N";}', '', NULL),
(101, '想吃什么吃什么', '361247457@qq.com', '', 'af609c5fe4501d3345a0b37c0bfcadb4', 'kpyf', '000/00/01/01_avatar_min.jpg', 3, NULL, '', '', 0, 1474263926, 606148727, 1474267198, 606148727, 62, 1474267259, 1, 0, 0, 0, 1, 0, 0, 1, 0, 0, 5, 2, 5, 0, 1, 0, 0, 0, 0, 0, 1475974719, 1, 2005, 0, NULL, NULL, 0, NULL, '', 'a:2:{s:9:"FOLLOW_ME";s:1:"N";s:10:"NEW_ANSWER";s:1:"N";}', '', NULL),
(102, '永不凋零的花', '45142155@qq.com', '', '21638ec0cd3b08b063659745ccef8415', 'pjgk', '000/00/01/02_avatar_min.jpg', 3, NULL, '', '', 0, 1474264942, 606148727, 1474355268, 606148727, 255, 1474355522, 1, 0, 0, 0, 1, 0, 0, 1, 0, 0, 5, 2, 5, 0, 1, 0, 0, 0, 1, 0, 1475974719, 1, 2010, 0, NULL, NULL, 0, NULL, '', 'a:2:{s:9:"FOLLOW_ME";s:1:"N";s:10:"NEW_ANSWER";s:1:"N";}', '', NULL),
(103, '铿锵玫瑰', '216442152@163.com', '', '11acbc09d62a6e6e421bb89433c574cf', 'nskv', '000/00/01/03_avatar_min.jpg', 3, NULL, '', '', 0, 1474264986, 606148727, 1474267323, 606148727, 128, 1474267450, 0, 0, 0, 0, 1, 0, 0, 1, 0, 0, 5, 2, 5, 0, 1, 0, 0, 0, 2, 0, 1475974719, 1, 2000, 0, NULL, NULL, 0, NULL, '', 'a:2:{s:9:"FOLLOW_ME";s:1:"N";s:10:"NEW_ANSWER";s:1:"N";}', '', NULL),
(104, '爱上一个不回家的人', '956412544@qq.com', '', 'c2665845788eca534dd80b27e4786655', 'qtwc', '000/00/01/04_avatar_min.jpg', 3, NULL, '', '', 0, 1474265184, 606148727, 1474267483, 606148727, 8402, 1474275884, 0, 0, 0, 0, 1, 0, 0, 1, 0, 0, 5, 2, 5, 0, 1, 0, 0, 0, 1, 0, 1475974719, 1, 2000, 0, NULL, NULL, 0, NULL, '', 'a:2:{s:9:"FOLLOW_ME";s:1:"N";s:10:"NEW_ANSWER";s:1:"N";}', '', NULL),
(105, '等你的季节', '65942598@qq.com', '', '4e37c4bc3076939dbbfee874521b8b78', 'fpwq', '000/00/01/05_avatar_min.jpg', 2, 555782400, '', '', 0, 1474265854, 606148727, 1474265882, 606148727, 4756, 1474270637, 0, 0, 0, 0, 1, 0, 0, 0, 2, 0, 5, 4, 5, 0, 1, 0, 0, 0, 3, 0, 1475974781, 1, 2020, 0, NULL, NULL, 0, NULL, '', 'a:2:{s:9:"FOLLOW_ME";s:1:"N";s:10:"NEW_ANSWER";s:1:"N";}', '', NULL),
(106, '三寸天堂', '95648795@qq.com', '', 'e0d96548e6c04627bdc2f9cae86d0dc9', 'teft', '000/00/01/06_avatar_min.jpg', 2, 687456000, '', '', 0, 1474270622, 606148727, 1474270661, 606148727, 1930, 1474272591, 1, 0, 0, 0, 1, 0, 0, 0, 2, 0, 5, 4, 5, 0, 1, 0, 0, 0, 3, 0, 1475974781, 1, 2020, 0, NULL, NULL, 0, NULL, '', 'a:2:{s:9:"FOLLOW_ME";s:1:"N";s:10:"NEW_ANSWER";s:1:"N";}', '', NULL),
(107, '挥着翅膀的女孩', '98549586@qq.com', '', '677b70f0953f290b0291d653fc31765c', 'xosi', '000/00/01/07_avatar_min.jpg', 2, 469728000, '', '', 0, 1474272627, 606148727, 1474272673, 606148727, 3318, 1474275990, 0, 0, 0, 0, 1, 0, 0, 0, 0, 0, 5, 4, 5, 0, 1, 0, 0, 0, 2, 0, 1475974781, 1, 2030, NULL, NULL, NULL, 0, NULL, '', 'a:2:{s:9:"FOLLOW_ME";s:1:"N";s:10:"NEW_ANSWER";s:1:"N";}', '', NULL),
(108, '偏偏爱上你', '95861987@qq.com', '', 'aff441cf35a273b49dcd24d820f69482', 'hnkv', '000/00/01/08_avatar_min.jpg', 2, 656006400, '', '', 0, 1474273064, 606148727, 1474437761, 606148727, 386, 1474438146, 0, 0, 0, 0, 1, 0, 0, 0, 1, 0, 5, 4, 5, 0, 1, 0, 0, 0, 2, 0, 1475974781, 1, 2025, 0, NULL, NULL, 0, NULL, '', 'a:2:{s:9:"FOLLOW_ME";s:1:"N";s:10:"NEW_ANSWER";s:1:"N";}', '', NULL),
(109, '一点孜然粉', '9548621358@qq.com', '', '136946f7f9f5f086191a78c007b2c9ab', 'vkuc', '000/00/01/09_avatar_min.jpg', 2, 773769600, '', '', 0, 1474350431, 606148727, 1474351017, 606148727, 4890, 1474355906, 0, 0, 0, 0, 1, 0, 0, 0, 1, 0, 5, 4, 5, 0, 1, 0, 0, 0, 3, 0, 1475974781, 1, 2025, 0, NULL, NULL, 0, NULL, '', 'a:2:{s:9:"FOLLOW_ME";s:1:"N";s:10:"NEW_ANSWER";s:1:"N";}', '', NULL),
(110, '三顿小烧烤', '45566588@qq.com', '', '04e46d28a167815b6c09740e6fb252c8', 'fluj', '000/00/01/10_avatar_min.jpg', 3, NULL, '', '', 0, 1474355172, 606148727, 1474358925, 606148727, 2265, 1474361189, 1, 0, 0, 0, 1, 0, 0, 1, 0, 0, 5, 2, 5, 0, 1, 0, 0, 0, 2, 0, 1475974781, 1, 2005, 0, NULL, NULL, 0, NULL, '', 'a:2:{s:9:"FOLLOW_ME";s:1:"N";s:10:"NEW_ANSWER";s:1:"N";}', '', NULL),
(111, '一人我饮酒醉', '1548578145@qq.com', '', 'ae19677b4e2d9106db24e1771daf8a7c', 'mcyj', '000/00/01/11_avatar_min.jpg', 3, NULL, '', '', 0, 1474355578, 606148727, 1474358515, 606148727, 360, 1474358874, 0, 0, 0, 0, 1, 0, 0, 1, 0, 0, 5, 2, 5, 0, 1, 0, 0, 0, 1, 0, 1475974781, 1, 2000, 0, NULL, NULL, 0, NULL, '', 'a:2:{s:9:"FOLLOW_ME";s:1:"N";s:10:"NEW_ANSWER";s:1:"N";}', '', NULL),
(112, '太想爱你', '455612174@qq.com', '', '1dcf67b7216a8c9ced783ff831cf2408', 'wkil', '000/00/01/12_avatar_min.jpg', 3, NULL, '', '', 0, 1474355929, 606148727, 1474358261, 606148727, 235, 1474358495, 2, 0, 0, 0, 1, 0, 0, 1, 0, 0, 5, 2, 5, 0, 1, 0, 0, 0, 0, 0, 1475974781, 1, 2010, 0, NULL, NULL, 0, NULL, '', 'a:2:{s:9:"FOLLOW_ME";s:1:"N";s:10:"NEW_ANSWER";s:1:"N";}', '', NULL),
(113, '我爱小土豆儿', '956248152@qq.com', '', 'fd9885cb106535645536e51222c89c8a', 'krth', '000/00/01/13_avatar_min.jpg', 2, 609523200, '', '', 0, 1474355938, 606148727, 1474355941, 606148727, 1809, 1474357749, 0, 0, 0, 0, 1, 0, 0, 0, 1, 0, 5, 4, 5, 0, 1, 0, 0, 0, 3, 0, 1475974781, 1, 2025, 0, NULL, NULL, 0, NULL, '', 'a:2:{s:9:"FOLLOW_ME";s:1:"N";s:10:"NEW_ANSWER";s:1:"N";}', '', NULL),
(114, '你的名字', '454548747@qq.com', '', '9db1b33b50104bcabdcf77490c2413a1', 'dmfl', '000/00/01/14_avatar_min.jpg', 3, NULL, '', '', 0, 1474356123, 606148727, 1474361548, 606148727, 262, 1474361809, 3, 0, 0, 0, 1, 0, 0, 1, 0, 0, 5, 2, 5, 0, 1, 0, 0, 0, 0, 0, 1475974781, 1, 2020, 0, NULL, NULL, 0, NULL, '', 'a:2:{s:9:"FOLLOW_ME";s:1:"N";s:10:"NEW_ANSWER";s:1:"N";}', '', NULL),
(115, '扑克王', '125545122@qq.com', '', '4673a2e14ba7ac1b5c71244f99ee177c', 'pkze', '000/00/01/15_avatar_min.jpg', 3, NULL, '', '', 0, 1474356681, 606148727, 1474361438, 606148727, 61, 1474361498, 2, 0, 0, 0, 1, 0, 0, 1, 0, 0, 5, 2, 5, 0, 1, 0, 0, 0, 0, 0, 1475974781, 1, 2010, 0, NULL, NULL, 0, NULL, '', 'a:2:{s:9:"FOLLOW_ME";s:1:"N";s:10:"NEW_ANSWER";s:1:"N";}', '', NULL),
(116, '鹿先森乐队', '365978897@163.com', '', '7204463f0742135c0ae754620191223b', 'ktbl', '000/00/01/16_avatar_min.jpg', 3, NULL, '', '', 0, 1474357583, 606148727, 1474361219, 606148727, 162, 1474361380, 1, 0, 0, 0, 1, 0, 0, 1, 0, 0, 5, 2, 5, 0, 1, 0, 0, 0, 0, 0, 1475974781, 1, 2005, 0, NULL, NULL, 0, NULL, '', 'a:2:{s:9:"FOLLOW_ME";s:1:"N";s:10:"NEW_ANSWER";s:1:"N";}', '', NULL),
(118, '粉色蝴蝶结', '98549621@qq.com', '', 'a2e4dff72c4eff5d2594e39cb900eed2', 'iezs', '000/00/01/18_avatar_min.jpg', 2, 648921600, '', '', 0, 1474357866, 606148727, 1474357877, 606148727, 2323, 1474360199, 0, 0, 0, 0, 1, 0, 0, 0, 1, 0, 5, 4, 5, 0, 1, 0, 0, 0, 3, 0, 1475974781, 1, 2025, 0, NULL, NULL, 0, NULL, '', 'a:2:{s:9:"FOLLOW_ME";s:1:"N";s:10:"NEW_ANSWER";s:1:"N";}', '', NULL),
(119, '青春纪念手册', '6958547455@qq.com', '', '4aba41bd0e75690ed909bb08d6184b10', 'ugyq', '000/00/01/19_avatar_min.jpg', 3, NULL, '', '', 0, 1474358529, 606148727, 1474362339, 606148727, 490, 1474362828, 1, 0, 0, 0, 1, 0, 0, 1, 2, 0, 5, 2, 5, 0, 1, 0, 0, 0, 1, 0, 1475974781, 1, 1990, 0, NULL, NULL, 0, NULL, '', 'a:2:{s:9:"FOLLOW_ME";s:1:"N";s:10:"NEW_ANSWER";s:1:"N";}', '', NULL),
(120, '酒醉的探戈', '466458842@163.com', '', 'a413d54873052370eccf9a3a4808ae1d', 'cteg', '000/00/01/20_avatar_min.jpg', 3, NULL, '', '', 0, 1474359103, 606148727, 1474361886, 606148727, 435, 1474362320, 1, 0, 0, 0, 1, 0, 0, 1, 0, 0, 5, 2, 5, 0, 1, 0, 0, 0, 0, 0, 1475974781, 1, 2005, 0, NULL, NULL, 0, NULL, '', 'a:2:{s:9:"FOLLOW_ME";s:1:"N";s:10:"NEW_ANSWER";s:1:"N";}', '', NULL),
(121, '忘了忘不了', '95164895@qq.com', '', '465388e811353aadeae5f8f2a251f0e6', 'nbdn', '000/00/01/21_avatar_min.jpg', 2, 747763200, '', '', 0, 1474360193, 606148727, 1474360217, 606148727, 1565, 1474361781, 0, 0, 0, 0, 1, 0, 0, 0, 0, 0, 5, 4, 5, 0, 1, 0, 0, 0, 2, 0, 1475974781, 1, 2030, NULL, NULL, NULL, 0, NULL, '', 'a:2:{s:9:"FOLLOW_ME";s:1:"N";s:10:"NEW_ANSWER";s:1:"N";}', '', NULL),
(122, '伤心的眼泪', '635454545@qq.com', '', '9e9757841533122b762238e69720552c', 'utoe', '000/00/01/22_avatar_min.jpg', 2, 679420800, '', '', 0, 1474360412, 606148727, 1474362307, 606148727, 874, 1474363180, 0, 0, 0, 0, 1, 0, 0, 0, 1, 0, 5, 2, 5, 0, 1, 0, 0, 0, 2, 0, 1475974781, 1, 2015, 0, NULL, NULL, 0, NULL, '', 'a:2:{s:9:"FOLLOW_ME";s:1:"N";s:10:"NEW_ANSWER";s:1:"N";}', '', NULL),
(123, '疯狂的依恋', '56659884@163.com', '', '90699e07eda38f65bfd6e4171365b9d6', 'eaob', '000/00/01/23_avatar_min.jpg', 1, 552067200, '', '', 0, 1474360454, 606148727, 1474361629, 606148727, 528, 1474362156, 2, 0, 0, 0, 1, 0, 0, 0, 2, 0, 5, 2, 5, 0, 1, 0, 0, 0, 4, 0, 1475974781, 1, 2000, 0, NULL, NULL, 0, NULL, '', 'a:2:{s:9:"FOLLOW_ME";s:1:"N";s:10:"NEW_ANSWER";s:1:"N";}', '', NULL),
(124, '回头太难', '951562896@qq.com', '', 'b9cd68c4af955b54b417c3b3879ea26d', 'xbqc', '000/00/01/24_avatar_min.jpg', 2, 614793600, '', '', 0, 1474361814, 606148727, 1474361874, 606148727, 2157, 1474364030, 0, 0, 0, 0, 1, 0, 0, 0, 3, 0, 5, 4, 5, 0, 1, 0, 0, 0, 2, 0, 1475974781, 1, 2015, 0, NULL, NULL, 0, NULL, '', 'a:2:{s:9:"FOLLOW_ME";s:1:"N";s:10:"NEW_ANSWER";s:1:"N";}', '', NULL),
(125, '佳期如梦', '521489625@qq.com', '', 'f99fcbcc33ac0ef4a8b810d2e99bccbb', 'lefa', '000/00/01/25_avatar_min.jpg', 2, 718732800, '', '', 0, 1474438142, 606148727, 1474438164, 606148727, 1077, 1474439240, 0, 0, 0, 0, 1, 0, 0, 0, 0, 0, 5, 4, 5, 0, 1, 0, 0, 0, 3, 0, 1475974781, 1, 2030, NULL, NULL, NULL, 0, NULL, '', 'a:2:{s:9:"FOLLOW_ME";s:1:"N";s:10:"NEW_ANSWER";s:1:"N";}', '', NULL),
(126, '八月长安', '261489539@qq.com', '', 'fda65e93483f8bbc3b6cd9517d3b801c', 'ehqd', '000/00/01/26_avatar_min.jpg', 2, 711993600, '', '', 0, 1474439229, 606148727, 1474439259, 606148727, 1072, 1474440330, 0, 0, 0, 0, 1, 0, 0, 0, 0, 0, 5, 4, 5, 0, 1, 0, 0, 0, 2, 0, 1475974781, 1, 2030, NULL, NULL, NULL, 0, NULL, '', 'a:2:{s:9:"FOLLOW_ME";s:1:"N";s:10:"NEW_ANSWER";s:1:"N";}', '', NULL),
(127, '人生若只如初见', '214598618@qq.com', '', '1182b94d111abede2bace145dd6b681c', 'curz', '000/00/01/27_avatar_min.jpg', 3, 732211200, '', '', 0, 1474440168, 606148727, 1474440352, 606148727, 7424, 1474447775, 0, 0, 0, 0, 1, 0, 0, 0, 0, 0, 5, 4, 5, 0, 1, 0, 0, 0, 1, 0, 1475974781, 1, 2030, NULL, NULL, NULL, 0, NULL, '', 'a:2:{s:9:"FOLLOW_ME";s:1:"N";s:10:"NEW_ANSWER";s:1:"N";}', '', NULL),
(128, '大王叫我来巡山', '654891259@qq.com', '', '6a8fe6e9b45571cdfbe4090c0827794f', 'vngz', '000/00/01/28_avatar_min.jpg', 2, 616780800, '', '', 0, 1474447759, 606148727, 1474447822, 606148727, 187, 1474448008, 0, 0, 0, 0, 1, 0, 0, 0, 0, 0, 5, 4, 5, 0, 1, 0, 0, 0, 2, 0, 1475974781, 1, 2030, NULL, NULL, NULL, 0, NULL, '', 'a:2:{s:9:"FOLLOW_ME";s:1:"N";s:10:"NEW_ANSWER";s:1:"N";}', '', NULL),
(129, '盛夏的雪', '45951256@qq.com', '', '6fef0056f7761f3a6717b9fbe026111c', 'xzia', '000/00/01/29_avatar_min.jpg', 2, 747676800, '', '', 0, 1474448026, 606148727, 1474448046, 606148727, 1849, 1474449894, 0, 0, 0, 0, 1, 0, 0, 0, 0, 0, 5, 4, 5, 0, 1, 0, 0, 0, 2, 0, 1475974781, 1, 2030, NULL, NULL, NULL, 0, NULL, '', 'a:2:{s:9:"FOLLOW_ME";s:1:"N";s:10:"NEW_ANSWER";s:1:"N";}', '', NULL),
(130, '盛夏晚晴天', '459851685@qq.com', '', 'bf5eedab212fb8b245e9dba4e7981d71', 'aqqv', '000/00/01/30_avatar_min.jpg', 2, 627062400, '', '', 0, 1474526791, 606148727, 1474526845, 606148727, 2566, 1474529411, 0, 0, 0, 0, 1, 0, 0, 0, 0, 0, 5, 4, 5, 0, 1, 0, 0, 0, 7, 0, 1475974782, 1, 2030, NULL, NULL, NULL, 0, NULL, '', 'a:2:{s:9:"FOLLOW_ME";s:1:"N";s:10:"NEW_ANSWER";s:1:"N";}', '', NULL),
(131, 'Lucky  girl', '648951969@qq.com', '', '91351524916284f8737ba2b20f88359c', 'vdpb', '000/00/01/31_avatar_min.jpg', 2, 742838400, '', '', 0, 1474529406, 606148727, 1474529435, 606148727, 3117, 1474532551, 0, 0, 0, 0, 1, 0, 0, 0, 0, 0, 5, 4, 5, 0, 1, 0, 0, 0, 4, 0, 1475974782, 1, 2030, NULL, NULL, NULL, 0, NULL, '', 'a:2:{s:9:"FOLLOW_ME";s:1:"N";s:10:"NEW_ANSWER";s:1:"N";}', '', NULL),
(132, '夏日么么茶', '895412698@qq.com', '', 'e360744a320657fe8a865589b1e47a1a', 'eyir', '000/00/01/32_avatar_min.jpg', 2, 721670400, '', '', 0, 1474529919, 606148727, 1474533979, 606148727, 1555, 1474535533, 0, 0, 0, 0, 1, 0, 0, 0, 0, 0, 5, 4, 5, 0, 1, 0, 0, 0, 2, 0, 1475974782, 1, 2030, NULL, NULL, NULL, 0, NULL, '', 'a:2:{s:9:"FOLLOW_ME";s:1:"N";s:10:"NEW_ANSWER";s:1:"N";}', '', NULL);
INSERT INTO `xh_users` (`uid`, `user_name`, `email`, `mobile`, `password`, `salt`, `avatar_file`, `sex`, `birthday`, `province`, `city`, `job_id`, `reg_time`, `reg_ip`, `last_login`, `last_ip`, `online_time`, `last_active`, `notification_unread`, `inbox_unread`, `inbox_recv`, `fans_count`, `friend_count`, `invite_count`, `article_count`, `question_count`, `answer_count`, `topic_focus_count`, `invitation_available`, `group_id`, `reputation_group`, `forbidden`, `valid_email`, `is_first_login`, `agree_count`, `thanks_count`, `views_count`, `reputation`, `reputation_update_time`, `weibo_visit`, `integral`, `draft_count`, `common_email`, `url_token`, `url_token_update`, `verified`, `default_timezone`, `email_settings`, `weixin_settings`, `recent_topics`) VALUES
(133, '你是我心内的一首歌', '654985158@qq.com', '', '69cd8e2fd693d5777f28dfb5a53280d7', 'zmib', '000/00/01/33_avatar_min.jpg', 2, 814032000, '', '', 0, 1474532590, 606148727, 1474532617, 606148727, 377, 1474532994, 0, 0, 0, 0, 1, 0, 0, 0, 0, 0, 5, 4, 5, 0, 1, 0, 0, 0, 3, 0, 1475974782, 1, 2030, NULL, NULL, NULL, 0, NULL, '', 'a:2:{s:9:"FOLLOW_ME";s:1:"N";s:10:"NEW_ANSWER";s:1:"N";}', '', NULL),
(134, '芒果千层', '96214568@qq.com', '', 'c3e6af0d3094300e3d373c45213e172b', 'sbnc', '000/00/01/34_avatar_min.jpg', 2, 337708800, '', '', 0, 1474532976, 606148727, 1474533011, 606148727, 953, 1474533963, 0, 0, 0, 0, 1, 0, 0, 0, 0, 0, 5, 4, 5, 0, 1, 0, 0, 0, 3, 0, 1475974782, 1, 2030, NULL, NULL, NULL, 0, NULL, '', 'a:2:{s:9:"FOLLOW_ME";s:1:"N";s:10:"NEW_ANSWER";s:1:"N";}', '', NULL),
(135, '一直很安静', '64125897@qq.com', '', '33bae3c9115acce13af59fb19ab242ee', 'fvqp', '000/00/01/35_avatar_min.jpg', 2, 768758400, '', '', 0, 1474616034, 606148727, 1474616053, 606148727, 1501, 1474617554, 0, 0, 0, 0, 1, 0, 0, 1, 0, 0, 5, 4, 5, 0, 1, 0, 0, 0, 3, 0, 1475974782, 1, 2010, 0, NULL, NULL, 0, NULL, '', 'a:2:{s:9:"FOLLOW_ME";s:1:"N";s:10:"NEW_ANSWER";s:1:"N";}', '', NULL),
(136, '微风习习', '621487935@qq.com', '', '4f821464745cab8f86ac473d5e5b9bc0', 'iwuk', '000/00/01/36_avatar_min.jpg', 2, 782755200, '', '', 0, 1474617625, 606148727, 1474617629, 606148727, 2179, 1474619807, 0, 0, 0, 0, 1, 0, 0, 0, 0, 0, 5, 4, 5, 0, 1, 0, 0, 0, 3, 0, 1475974782, 1, 2030, NULL, NULL, NULL, 0, NULL, '', 'a:2:{s:9:"FOLLOW_ME";s:1:"N";s:10:"NEW_ANSWER";s:1:"N";}', '', NULL),
(137, '香水百合', '6584971259@qq.com', '', '9dbdb3fefd19a0f8b6a65169f49db82c', 'zpkw', '000/00/01/37_avatar_min.jpg', 2, 713808000, '', '', 0, 1474619848, 606148727, 1474619872, 606148727, 3203, 1474623074, 0, 0, 0, 0, 1, 0, 0, 0, 0, 0, 5, 4, 5, 0, 1, 0, 0, 0, 3, 0, 1475974782, 1, 2030, NULL, NULL, NULL, 0, NULL, '', 'a:2:{s:9:"FOLLOW_ME";s:1:"N";s:10:"NEW_ANSWER";s:1:"N";}', '', NULL),
(138, '花开半夏', '651284975@qq.com', '', 'a4071b0e2aa66afffcc86caed0fd313a', 'jmuj', '000/00/01/38_avatar_min.jpg', 3, 748108800, '', '', 0, 1474871074, 1018033988, 1474871263, 1018033988, 1190, 1474872392, 0, 0, 0, 0, 1, 0, 0, 0, 0, 0, 5, 4, 5, 0, 1, 0, 0, 0, 3, 0, 1475974782, 1, 2030, NULL, NULL, NULL, 0, NULL, '', 'a:2:{s:9:"FOLLOW_ME";s:1:"N";s:10:"NEW_ANSWER";s:1:"N";}', '', NULL),
(139, '最遥远的距离', '812459358@qq.com', '', '726e9cee1f229ba6717ddbeec4b80622', 'yakr', '000/00/01/39_avatar_min.jpg', 2, 819216000, '', '', 0, 1474872077, 1018033988, 1474872851, 1018033988, 3396, 1474876246, 0, 0, 0, 0, 1, 0, 0, 1, 0, 0, 5, 4, 5, 0, 1, 0, 0, 0, 3, 0, 1475974782, 1, 2010, 0, NULL, NULL, 0, NULL, '', 'a:2:{s:9:"FOLLOW_ME";s:1:"N";s:10:"NEW_ANSWER";s:1:"N";}', '', NULL),
(140, '梦女孩', '614589235@qq.com', '', '9151d993e97e63e770a6156d838b6102', 'tdxc', '000/00/01/40_avatar_min.jpg', 2, 674496000, '', '', 0, 1474876239, 1018033988, 1474876268, 1018033988, 4742, 1474881009, 0, 0, 0, 0, 1, 0, 0, 0, 0, 0, 5, 4, 5, 0, 1, 0, 0, 0, 3, 0, 1475974782, 1, 2030, NULL, NULL, NULL, 0, NULL, '', 'a:2:{s:9:"FOLLOW_ME";s:1:"N";s:10:"NEW_ANSWER";s:1:"N";}', '', NULL),
(141, '沙漏', '41258942@qq.com', '', '4570561612bc147cb22a68d619f79875', 'tweo', '000/00/01/41_avatar_min.jpg', 2, 811267200, '', '', 0, 1474881004, 1018033988, 1474881038, 1018033988, 1159, 1474882196, 0, 0, 0, 0, 1, 0, 0, 0, 0, 0, 5, 4, 5, 0, 1, 0, 0, 0, 3, 0, 1475974782, 1, 2030, NULL, NULL, NULL, 0, NULL, '', 'a:2:{s:9:"FOLLOW_ME";s:1:"N";s:10:"NEW_ANSWER";s:1:"N";}', '', NULL),
(142, '陌上花开', '921458614@qq.com', '', 'e2f042895a79e3a4cfd2bfe5695d7aa2', 'vjyt', '000/00/01/42_avatar_min.jpg', 2, 682272000, '', '', 0, 1474959222, 1018033988, 1474959239, 1018033988, 9136, 1474968374, 0, 0, 0, 0, 1, 0, 0, 1, 0, 0, 5, 4, 5, 0, 1, 0, 0, 0, 3, 0, 1475974782, 1, 2010, 0, NULL, NULL, 0, NULL, '', 'a:2:{s:9:"FOLLOW_ME";s:1:"N";s:10:"NEW_ANSWER";s:1:"N";}', '', NULL),
(143, '三生三世十里桃花', '954125684@qq.com', '', '37b337422dc16a36b8b37a8edd5700c8', 'xqvg', NULL, 0, NULL, NULL, NULL, 0, 1474959767, 1018033988, 0, NULL, 0, NULL, 0, 0, 0, 0, 1, 0, 0, 0, 0, 0, 5, 4, 5, 0, 1, 1, 0, 0, 0, 0, 1475974782, 1, 2000, NULL, NULL, NULL, 0, NULL, NULL, 'a:2:{s:9:"FOLLOW_ME";s:1:"N";s:10:"NEW_ANSWER";s:1:"N";}', '', NULL),
(144, 'Grace的春天~', '921456819@qq.com', '', '36f116b4c7bd851746a1bfa62864f3b7', 'tsgt', '000/00/01/44_avatar_min.jpg', 2, 716832000, '', '', 0, 1475048838, 1018033988, 1475048863, 1018033988, 216, 1475049078, 0, 0, 0, 0, 1, 0, 0, 0, 0, 0, 5, 4, 5, 0, 1, 0, 0, 0, 2, 0, 1475974782, 1, 2030, NULL, NULL, NULL, 0, NULL, '', 'a:2:{s:9:"FOLLOW_ME";s:1:"N";s:10:"NEW_ANSWER";s:1:"N";}', '', NULL),
(145, '狐狸桑和馒头酱', '425196581@qq.com', '', '5c14525401af1e9599b690cd718c476d', 'nbmj', '000/00/01/45_avatar_min.jpg', 2, 704217600, '', '', 0, 1475049101, 1018033988, 1475049122, 1018033988, 165, 1475049286, 0, 0, 0, 0, 1, 0, 0, 0, 0, 0, 5, 4, 5, 0, 1, 0, 0, 0, 2, 0, 1475974782, 1, 2030, NULL, NULL, NULL, 0, NULL, '', 'a:2:{s:9:"FOLLOW_ME";s:1:"N";s:10:"NEW_ANSWER";s:1:"N";}', '', NULL),
(146, '墨离姐姐', '912456819@qq.com', '', '77278154305a2a640caead6193670a7e', 'jqyl', '000/00/01/46_avatar_min.jpg', 2, 777571200, '', '', 0, 1475049283, 1018033988, 1475049298, 1018033988, 800, 1475050097, 0, 0, 0, 0, 1, 0, 0, 0, 0, 0, 5, 4, 5, 0, 1, 0, 0, 0, 3, 0, 1475974782, 1, 2030, NULL, NULL, NULL, 0, NULL, '', 'a:2:{s:9:"FOLLOW_ME";s:1:"N";s:10:"NEW_ANSWER";s:1:"N";}', '', NULL),
(147, 'Jessica', '812459156@qq.com', '', '9a790189d211640d9284b0d373fdec5d', 'omsc', '000/00/01/47_avatar_min.jpg', 2, 835977600, '', '', 0, 1475049403, 1018033988, 1475050173, 1018033988, 1, 1475050173, 0, 0, 0, 0, 1, 0, 0, 0, 0, 0, 5, 4, 5, 0, 1, 0, 0, 0, 3, 0, 1475974782, 1, 2030, NULL, NULL, NULL, 0, NULL, '', 'a:2:{s:9:"FOLLOW_ME";s:1:"N";s:10:"NEW_ANSWER";s:1:"N";}', '', NULL),
(148, '哈蜜桃', '91245625@qq.com', '', 'baa4efee09155e0423cbd36903c242e3', 'toyp', '000/00/01/48_avatar_min.jpg', 2, 811612800, '', '', 0, 1475050117, 1018033988, 1475050251, 1018033988, 4435, 1475054685, 0, 0, 0, 0, 1, 0, 0, 0, 0, 0, 5, 4, 5, 0, 1, 0, 0, 0, 2, 0, 1475974782, 1, 2030, NULL, NULL, NULL, 0, NULL, '', 'a:2:{s:9:"FOLLOW_ME";s:1:"N";s:10:"NEW_ANSWER";s:1:"N";}', '', NULL),
(149, 'pussy', '3645125487@163.com', '', '9db9e56df9f099b169a41e8b66a37a96', 'dbms', '000/00/01/49_avatar_min.jpg', 2, 734198400, '', '', 0, 1475050289, 1018033988, 1475051942, 1018033988, 2004, 1475053885, 0, 0, 0, 0, 1, 0, 0, 0, 0, 0, 5, 2, 5, 0, 1, 0, 0, 0, 1, 0, 1475974782, 1, 2020, NULL, NULL, NULL, 0, NULL, '', 'a:2:{s:9:"FOLLOW_ME";s:1:"N";s:10:"NEW_ANSWER";s:1:"N";}', '', NULL),
(150, '已然以爆炸', '451215699@163.com', '', '1dd1743d20f62845a84ab0e7b03d0fa3', 'giyx', NULL, 3, NULL, '', '', 0, 1475050335, 1018033988, 0, NULL, 0, NULL, 0, 0, 0, 0, 1, 0, 0, 0, 0, 0, 5, 2, 5, 0, 1, 1, 0, 0, 0, 0, 1475974782, 1, 2000, NULL, NULL, NULL, 0, NULL, NULL, 'a:2:{s:9:"FOLLOW_ME";s:1:"N";s:10:"NEW_ANSWER";s:1:"N";}', '', NULL),
(151, '布谷鸟', '458125456@163.com', '', '54b210dd5819c23bb8a10e9852bd2878', 'ypzs', NULL, 0, NULL, NULL, NULL, 0, 1475050750, 1018033988, 0, NULL, 0, NULL, 0, 0, 0, 0, 1, 0, 0, 0, 0, 0, 5, 2, 5, 0, 1, 1, 0, 0, 0, 0, 1475974782, 1, 2000, NULL, NULL, NULL, 0, NULL, NULL, 'a:2:{s:9:"FOLLOW_ME";s:1:"N";s:10:"NEW_ANSWER";s:1:"N";}', '', NULL),
(152, '本人本神', '148779441@163.com', '', '084ad45bd6085e82b7dc8e3bbdd47edd', 'rxdx', NULL, 0, NULL, NULL, NULL, 0, 1475051231, 1018033988, 0, NULL, 0, NULL, 0, 0, 0, 0, 1, 0, 0, 0, 0, 0, 5, 2, 5, 0, 1, 1, 0, 0, 0, 0, 1475974782, 1, 2000, NULL, NULL, NULL, 0, NULL, NULL, 'a:2:{s:9:"FOLLOW_ME";s:1:"N";s:10:"NEW_ANSWER";s:1:"N";}', '', NULL),
(153, '人间', '564544455@163.com', '', 'fb967183aef6efbcecbed49ab40937a4', 'sirt', NULL, 0, NULL, NULL, NULL, 0, 1475051331, 1018033988, 0, NULL, 0, NULL, 0, 0, 0, 0, 1, 0, 0, 0, 0, 0, 5, 2, 5, 0, 1, 1, 0, 0, 0, 0, 1475974782, 1, 2000, NULL, NULL, NULL, 0, NULL, NULL, 'a:2:{s:9:"FOLLOW_ME";s:1:"N";s:10:"NEW_ANSWER";s:1:"N";}', '', NULL),
(154, 'Dreams Link', '9512468156@qq.com', '', '6bdf80bc1d2871fe98d7bb071a6d220d', 'lohp', '000/00/01/54_avatar_min.jpg', 2, 700934400, '', '', 0, 1475217234, 1018033988, 1475217261, 1018033988, 453, 1475217713, 0, 0, 0, 0, 1, 0, 0, 0, 0, 0, 5, 4, 5, 0, 1, 0, 0, 0, 3, 0, 1475974782, 1, 2030, NULL, NULL, NULL, 0, NULL, '', 'a:2:{s:9:"FOLLOW_ME";s:1:"N";s:10:"NEW_ANSWER";s:1:"N";}', '', NULL),
(155, '浮生若梦', '74512659@qq.com', '', '25b2c17e77eff1a416485d7730f6c218', 'gthy', '000/00/01/55_avatar_min.jpg', 2, 741369600, '', '', 0, 1475217688, 1018033988, 1475217752, 1018033988, 1453, 1475219204, 0, 0, 0, 0, 1, 0, 0, 0, 0, 0, 5, 4, 5, 0, 1, 0, 0, 0, 3, 0, 1475974782, 1, 2030, NULL, NULL, NULL, 0, NULL, '', 'a:2:{s:9:"FOLLOW_ME";s:1:"N";s:10:"NEW_ANSWER";s:1:"N";}', '', NULL),
(156, '胭脂水粉', '61425186@qq.com', '', '805aca80d30cc56e8b8226ef6c8ea8d7', 'dogn', '000/00/01/56_avatar_min.jpg', 2, 679680000, '', '', 0, 1475218553, 1018033988, 1475219242, 1018033988, 1991, 1475221233, 0, 0, 0, 0, 1, 0, 0, 0, 0, 0, 5, 4, 5, 0, 1, 0, 0, 0, 2, 0, 1475974782, 1, 2030, NULL, NULL, NULL, 0, NULL, '', 'a:2:{s:9:"FOLLOW_ME";s:1:"N";s:10:"NEW_ANSWER";s:1:"N";}', '', NULL),
(157, '大胃爱丽丝', '951425689@qq.com', '', '2503962277d19b29063a67d2d549a4f6', 'qxju', NULL, 2, NULL, '', '', 0, 1475221273, 1018033988, 1475221299, 1018033988, 226, 1475221525, 0, 0, 0, 0, 1, 0, 0, 0, 0, 0, 5, 4, 5, 0, 1, 0, 0, 0, 2, 0, 1475974782, 1, 2010, NULL, NULL, NULL, 0, NULL, '', 'a:2:{s:9:"FOLLOW_ME";s:1:"N";s:10:"NEW_ANSWER";s:1:"N";}', '', NULL);

-- --------------------------------------------------------

--
-- 表的结构 `xh_users_attrib`
--

CREATE TABLE IF NOT EXISTS `xh_users_attrib` (
  `id` int(11) NOT NULL AUTO_INCREMENT COMMENT '自增id',
  `uid` int(11) DEFAULT NULL COMMENT '用户UID',
  `introduction` varchar(255) DEFAULT NULL COMMENT '个人简介',
  `signature` varchar(255) DEFAULT NULL COMMENT '个人签名',
  `qq` bigint(15) DEFAULT NULL,
  `homepage` varchar(255) DEFAULT NULL,
  PRIMARY KEY (`id`),
  KEY `uid` (`uid`)
) ENGINE=InnoDB  DEFAULT CHARSET=utf8 COMMENT='用户附加属性表' AUTO_INCREMENT=158 ;

--
-- 转存表中的数据 `xh_users_attrib`
--

INSERT INTO `xh_users_attrib` (`id`, `uid`, `introduction`, `signature`, `qq`, `homepage`) VALUES
(1, 1, NULL, '', 0, ''),
(2, 2, NULL, '', 0, ''),
(3, 3, NULL, NULL, NULL, NULL),
(4, 4, NULL, '', 0, ''),
(5, 5, NULL, '97小学渣', 0, ''),
(6, 6, NULL, '', 0, ''),
(7, 7, NULL, '', 0, ''),
(8, 8, NULL, '', 0, ''),
(9, 9, NULL, '', 0, ''),
(10, 10, NULL, '', 0, ''),
(11, 11, NULL, '', 0, ''),
(12, 12, NULL, '90后', 0, ''),
(13, 13, NULL, '90后', 0, ''),
(14, 14, NULL, '90后', 0, ''),
(15, 15, NULL, '如：80后IT男..', 0, ''),
(17, 17, NULL, '', 0, ''),
(18, 18, NULL, '', 0, ''),
(19, 19, NULL, '如：80后IT男..', 0, ''),
(20, 20, NULL, '', 0, ''),
(21, 21, NULL, '', 0, ''),
(22, 22, NULL, '', 0, ''),
(24, 24, NULL, '如：80后IT男..', 0, ''),
(25, 25, NULL, '如：80后IT男..', 0, ''),
(26, 26, NULL, '如：80后IT男..', 0, ''),
(27, 27, NULL, '如：80后IT男..', 0, ''),
(28, 28, NULL, '如：80后IT男..', 0, ''),
(29, 29, NULL, '如：80后IT男..', 0, ''),
(30, 30, NULL, '95后', 0, ''),
(31, 31, NULL, '如：80后IT男..', 0, ''),
(32, 32, NULL, '如：80后IT男..', 0, ''),
(34, 34, NULL, '如：80后IT男..', 0, ''),
(35, 35, NULL, '反差萌', 0, ''),
(36, 36, NULL, '', 0, ''),
(37, 37, NULL, '', 0, ''),
(38, 38, NULL, '如：80后IT男..', 0, ''),
(39, 39, NULL, '如：80后IT男..', 0, ''),
(40, 40, NULL, '', 0, ''),
(41, 41, NULL, '如：80后IT男..', 0, ''),
(42, 42, NULL, '', 0, ''),
(43, 43, NULL, '', 0, ''),
(44, 44, NULL, '', 0, ''),
(45, 45, NULL, '', 0, ''),
(46, 46, NULL, '', 0, ''),
(47, 47, NULL, '', 0, ''),
(48, 48, NULL, '', 0, ''),
(49, 49, NULL, '如：80后IT男..', 0, ''),
(50, 50, NULL, '如：80后IT男..', 0, ''),
(51, 51, NULL, '', 0, ''),
(52, 52, NULL, NULL, NULL, NULL),
(53, 53, NULL, '如：80后IT男..', 0, ''),
(54, 54, NULL, '如：80后IT男..', 0, ''),
(55, 55, NULL, '如：80后IT男..', 0, ''),
(56, 56, NULL, NULL, NULL, NULL),
(57, 57, NULL, '如：80后IT男..', 0, ''),
(59, 59, NULL, '如：80后IT男..', 0, ''),
(60, 60, NULL, '如：80后IT男..', 0, ''),
(61, 61, NULL, '如：80后IT男..', 0, ''),
(62, 62, NULL, '如：80后IT男..', 0, ''),
(63, 63, NULL, '', 0, ''),
(64, 64, NULL, '', 0, ''),
(65, 65, NULL, '', 0, ''),
(66, 66, NULL, '', 0, ''),
(67, 67, NULL, '', 0, ''),
(68, 68, NULL, '', 0, ''),
(69, 69, NULL, '', 0, ''),
(70, 70, NULL, '', 0, ''),
(71, 71, NULL, '', 0, ''),
(72, 72, NULL, '', 0, ''),
(73, 73, NULL, '如：80后IT男..', 0, ''),
(74, 74, NULL, '如：80后IT男..', 0, ''),
(75, 75, NULL, '如：80后IT男..', 0, ''),
(76, 76, NULL, '如：80后IT男..', 0, ''),
(77, 77, NULL, '如：80后IT男..', 0, ''),
(78, 78, NULL, '如：80后IT男..', 0, ''),
(79, 79, NULL, '如：80后IT男..', 0, ''),
(80, 80, NULL, '如：80后IT男..', 0, ''),
(81, 81, NULL, '', 0, ''),
(82, 82, NULL, '', 0, ''),
(83, 83, NULL, '', 0, ''),
(84, 84, NULL, '', 0, ''),
(85, 85, NULL, '如：80后IT男..', 0, ''),
(86, 86, NULL, '', 0, ''),
(87, 87, NULL, '', 0, ''),
(88, 88, NULL, '', 0, ''),
(89, 89, NULL, '', 0, ''),
(90, 90, NULL, '', 0, ''),
(91, 91, NULL, '', 0, ''),
(92, 92, NULL, '如：80后IT男..', 0, ''),
(93, 93, NULL, '如：80后IT男..', 0, ''),
(94, 94, NULL, '', 0, ''),
(95, 95, NULL, '', 0, ''),
(96, 96, NULL, '', 0, ''),
(97, 97, NULL, '如：80后IT男..', 0, ''),
(98, 98, NULL, '', 0, ''),
(99, 99, NULL, '', 0, ''),
(100, 100, NULL, '', 0, ''),
(101, 101, NULL, '', 0, ''),
(102, 102, NULL, '', 0, ''),
(103, 103, NULL, '', 0, ''),
(104, 104, NULL, '', 0, ''),
(105, 105, NULL, '如：80后IT男..', 0, ''),
(106, 106, NULL, '如：80后IT男..', 0, ''),
(107, 107, NULL, '如：80后IT男..', 0, ''),
(108, 108, NULL, '如：80后IT男..', 0, ''),
(109, 109, NULL, '如：80后IT男..', 0, ''),
(110, 110, NULL, '', 0, ''),
(111, 111, NULL, '', 0, ''),
(112, 112, NULL, '', 0, ''),
(113, 113, NULL, '如：80后IT男..', 0, ''),
(114, 114, NULL, '', 0, ''),
(115, 115, NULL, '', 0, ''),
(116, 116, NULL, '', 0, ''),
(118, 118, NULL, '如：80后IT男..', 0, ''),
(119, 119, NULL, '', 0, ''),
(120, 120, NULL, '', 0, ''),
(121, 121, NULL, '如：80后IT男..', 0, ''),
(122, 122, NULL, '', 0, ''),
(123, 123, NULL, '', 0, ''),
(124, 124, NULL, '如：80后IT男..', 0, ''),
(125, 125, NULL, '如：80后IT男..', 0, ''),
(126, 126, NULL, '如：80后IT男..', 0, ''),
(127, 127, NULL, '如：80后IT男..', 0, ''),
(128, 128, NULL, '如：80后IT男..', 0, ''),
(129, 129, NULL, '如：80后IT男..', 0, ''),
(130, 130, NULL, '如：80后IT男..', 0, ''),
(131, 131, NULL, '如：80后IT男..', 0, ''),
(132, 132, NULL, '如：80后IT男..', 0, ''),
(133, 133, NULL, '如：80后IT男..', 0, ''),
(134, 134, NULL, '如：80后IT男..', 0, ''),
(135, 135, NULL, '如：80后IT男..', 0, ''),
(136, 136, NULL, '如：80后IT男..', 0, ''),
(137, 137, NULL, '如：80后IT男..', 0, ''),
(138, 138, NULL, '如：80后IT男..', 0, ''),
(139, 139, NULL, '如：80后IT男..', 0, ''),
(140, 140, NULL, '如：80后IT男..', 0, ''),
(141, 141, NULL, '如：80后IT男..', 0, ''),
(142, 142, NULL, '如：80后IT男..', 0, ''),
(143, 143, NULL, NULL, NULL, NULL),
(144, 144, NULL, '如：80后IT男..', 0, ''),
(145, 145, NULL, '如：80后IT男..', 0, ''),
(146, 146, NULL, '如：80后IT男..', 0, ''),
(147, 147, NULL, '如：80后IT男..', 0, ''),
(148, 148, NULL, '如：80后IT男..', 0, ''),
(149, 149, NULL, '', 0, ''),
(150, 150, NULL, '', 0, ''),
(151, 151, NULL, NULL, NULL, NULL),
(152, 152, NULL, NULL, NULL, NULL),
(153, 153, NULL, NULL, NULL, NULL),
(154, 154, NULL, '如：80后IT男..', 0, ''),
(155, 155, NULL, '如：80后IT男..', 0, ''),
(156, 156, NULL, '如：80后IT男..', 0, ''),
(157, 157, NULL, '如：80后IT男..', 0, '');

-- --------------------------------------------------------

--
-- 表的结构 `xh_users_facebook`
--

CREATE TABLE IF NOT EXISTS `xh_users_facebook` (
  `id` bigint(20) unsigned NOT NULL,
  `uid` int(11) unsigned NOT NULL,
  `name` varchar(128) DEFAULT NULL,
  `email` varchar(255) DEFAULT NULL,
  `link` varchar(255) DEFAULT NULL,
  `gender` varchar(8) DEFAULT NULL,
  `locale` varchar(16) DEFAULT NULL,
  `timezone` tinyint(3) DEFAULT NULL,
  `picture` varchar(255) DEFAULT NULL,
  `access_token` varchar(255) DEFAULT NULL,
  `expires_time` int(10) unsigned NOT NULL DEFAULT '0',
  `add_time` int(10) unsigned NOT NULL DEFAULT '0',
  PRIMARY KEY (`id`),
  UNIQUE KEY `uid` (`uid`),
  KEY `access_token` (`access_token`)
) ENGINE=InnoDB DEFAULT CHARSET=utf8;

-- --------------------------------------------------------

--
-- 表的结构 `xh_users_google`
--

CREATE TABLE IF NOT EXISTS `xh_users_google` (
  `id` varchar(64) NOT NULL,
  `uid` int(11) unsigned NOT NULL,
  `name` varchar(128) DEFAULT NULL,
  `locale` varchar(16) DEFAULT NULL,
  `picture` varchar(255) DEFAULT NULL,
  `gender` varchar(8) DEFAULT NULL,
  `email` varchar(255) DEFAULT NULL,
  `link` varchar(255) DEFAULT NULL,
  `add_time` int(10) unsigned NOT NULL DEFAULT '0',
  `access_token` varchar(128) DEFAULT NULL,
  `refresh_token` varchar(128) DEFAULT NULL,
  `expires_time` int(10) unsigned NOT NULL DEFAULT '0',
  PRIMARY KEY (`id`),
  UNIQUE KEY `uid` (`uid`),
  KEY `access_token` (`access_token`)
) ENGINE=InnoDB DEFAULT CHARSET=utf8;

-- --------------------------------------------------------

--
-- 表的结构 `xh_users_group`
--

CREATE TABLE IF NOT EXISTS `xh_users_group` (
  `group_id` int(11) NOT NULL AUTO_INCREMENT,
  `type` tinyint(3) DEFAULT '0' COMMENT '0-会员组 1-系统组',
  `custom` tinyint(1) DEFAULT '0' COMMENT '是否自定义',
  `group_name` varchar(50) NOT NULL,
  `reputation_lower` int(11) DEFAULT '0',
  `reputation_higer` int(11) DEFAULT '0',
  `reputation_factor` float DEFAULT '0' COMMENT '威望系数',
  `permission` text COMMENT '权限设置',
  PRIMARY KEY (`group_id`),
  KEY `type` (`type`),
  KEY `custom` (`custom`)
) ENGINE=InnoDB  DEFAULT CHARSET=utf8 COMMENT='用户组' AUTO_INCREMENT=100 ;

--
-- 转存表中的数据 `xh_users_group`
--

INSERT INTO `xh_users_group` (`group_id`, `type`, `custom`, `group_name`, `reputation_lower`, `reputation_higer`, `reputation_factor`, `permission`) VALUES
(1, 0, 0, '超级管理员', 0, 0, 5, 'a:15:{s:16:"is_administortar";s:1:"1";s:12:"is_moderator";s:1:"1";s:16:"publish_question";s:1:"1";s:21:"publish_approval_time";a:2:{s:5:"start";s:0:"";s:3:"end";s:0:"";}s:13:"edit_question";s:1:"1";s:10:"edit_topic";s:1:"1";s:12:"manage_topic";s:1:"1";s:12:"create_topic";s:1:"1";s:17:"redirect_question";s:1:"1";s:13:"upload_attach";s:1:"1";s:11:"publish_url";s:1:"1";s:15:"publish_article";s:1:"1";s:12:"edit_article";s:1:"1";s:19:"edit_question_topic";s:1:"1";s:15:"publish_comment";s:1:"1";}'),
(2, 0, 0, '前台管理员', 0, 0, 4, 'a:14:{s:12:"is_moderator";s:1:"1";s:16:"publish_question";s:1:"1";s:21:"publish_approval_time";a:2:{s:5:"start";s:0:"";s:3:"end";s:0:"";}s:13:"edit_question";s:1:"1";s:10:"edit_topic";s:1:"1";s:12:"manage_topic";s:1:"1";s:12:"create_topic";s:1:"1";s:17:"redirect_question";s:1:"1";s:13:"upload_attach";s:1:"1";s:11:"publish_url";s:1:"1";s:15:"publish_article";s:1:"1";s:12:"edit_article";s:1:"1";s:19:"edit_question_topic";s:1:"1";s:15:"publish_comment";s:1:"1";}'),
(3, 0, 0, '未验证会员', 0, 0, 0, 'a:5:{s:16:"publish_question";s:1:"1";s:21:"publish_approval_time";a:2:{s:5:"start";s:0:"";s:3:"end";s:0:"";}s:11:"human_valid";s:1:"1";s:19:"question_valid_hour";s:1:"2";s:17:"answer_valid_hour";s:1:"2";}'),
(4, 0, 0, '普通会员', 0, 0, 0, 'a:3:{s:21:"publish_approval_time";a:2:{s:5:"start";s:0:"";s:3:"end";s:0:"";}s:19:"question_valid_hour";s:2:"10";s:17:"answer_valid_hour";s:2:"10";}'),
(5, 1, 0, '注册会员', 0, 100, 1, 'a:8:{s:16:"publish_question";s:1:"1";s:21:"publish_approval_time";a:2:{s:5:"start";s:0:"";s:3:"end";s:0:"";}s:13:"upload_attach";s:1:"1";s:11:"publish_url";s:1:"1";s:11:"human_valid";s:1:"1";s:19:"question_valid_hour";s:1:"5";s:17:"answer_valid_hour";s:1:"5";s:15:"publish_comment";s:1:"1";}'),
(6, 1, 0, '初级会员', 100, 200, 1, 'a:8:{s:16:"publish_question";s:1:"1";s:21:"publish_approval_time";a:2:{s:5:"start";s:0:"";s:3:"end";s:0:"";}s:13:"upload_attach";s:1:"1";s:11:"publish_url";s:1:"1";s:19:"question_valid_hour";s:1:"5";s:17:"answer_valid_hour";s:1:"5";s:15:"publish_article";s:1:"1";s:19:"edit_question_topic";s:1:"1";}'),
(7, 1, 0, '中级会员', 200, 500, 1, 'a:9:{s:16:"publish_question";s:1:"1";s:21:"publish_approval_time";a:2:{s:5:"start";s:0:"";s:3:"end";s:0:"";}s:10:"edit_topic";s:1:"1";s:12:"create_topic";s:1:"1";s:17:"redirect_question";s:1:"1";s:13:"upload_attach";s:1:"1";s:11:"publish_url";s:1:"1";s:15:"publish_article";s:1:"1";s:15:"publish_comment";s:1:"1";}'),
(8, 1, 0, '高级会员', 500, 1000, 1, 'a:11:{s:16:"publish_question";s:1:"1";s:21:"publish_approval_time";a:2:{s:5:"start";s:0:"";s:3:"end";s:0:"";}s:13:"edit_question";s:1:"1";s:10:"edit_topic";s:1:"1";s:12:"create_topic";s:1:"1";s:17:"redirect_question";s:1:"1";s:13:"upload_attach";s:1:"1";s:11:"publish_url";s:1:"1";s:15:"publish_article";s:1:"1";s:19:"edit_question_topic";s:1:"1";s:15:"publish_comment";s:1:"1";}'),
(9, 1, 0, '核心会员', 1000, 999999, 1, 'a:12:{s:16:"publish_question";s:1:"1";s:21:"publish_approval_time";a:2:{s:5:"start";s:0:"";s:3:"end";s:0:"";}s:13:"edit_question";s:1:"1";s:10:"edit_topic";s:1:"1";s:12:"manage_topic";s:1:"1";s:12:"create_topic";s:1:"1";s:17:"redirect_question";s:1:"1";s:13:"upload_attach";s:1:"1";s:11:"publish_url";s:1:"1";s:15:"publish_article";s:1:"1";s:19:"edit_question_topic";s:1:"1";s:15:"publish_comment";s:1:"1";}'),
(99, 0, 0, '游客', 0, 0, 0, 'a:9:{s:10:"visit_site";s:1:"1";s:13:"visit_explore";s:1:"1";s:12:"search_avail";s:1:"1";s:14:"visit_question";s:1:"1";s:11:"visit_topic";s:1:"1";s:13:"visit_feature";s:1:"1";s:12:"visit_people";s:1:"1";s:13:"visit_chapter";s:1:"1";s:11:"answer_show";s:1:"1";}');

-- --------------------------------------------------------

--
-- 表的结构 `xh_users_notification_setting`
--

CREATE TABLE IF NOT EXISTS `xh_users_notification_setting` (
  `notice_setting_id` int(11) NOT NULL AUTO_INCREMENT COMMENT '自增id',
  `uid` int(11) NOT NULL,
  `data` text COMMENT '设置数据',
  PRIMARY KEY (`notice_setting_id`),
  KEY `uid` (`uid`)
) ENGINE=InnoDB  DEFAULT CHARSET=utf8 COMMENT='通知设定' AUTO_INCREMENT=158 ;

--
-- 转存表中的数据 `xh_users_notification_setting`
--

INSERT INTO `xh_users_notification_setting` (`notice_setting_id`, `uid`, `data`) VALUES
(1, 2, 'a:0:{}'),
(2, 3, 'a:0:{}'),
(3, 4, 'a:0:{}'),
(4, 5, 'a:0:{}'),
(5, 6, 'a:0:{}'),
(6, 7, 'a:0:{}'),
(7, 8, 'a:0:{}'),
(8, 9, 'a:0:{}'),
(9, 10, 'a:0:{}'),
(10, 11, 'a:0:{}'),
(11, 1, 'a:0:{}'),
(12, 12, 'a:0:{}'),
(13, 13, 'a:0:{}'),
(14, 14, 'a:0:{}'),
(15, 15, 'a:0:{}'),
(16, 16, 'a:0:{}'),
(17, 17, 'a:0:{}'),
(18, 18, 'a:0:{}'),
(19, 19, 'a:0:{}'),
(20, 20, 'a:0:{}'),
(21, 21, 'a:0:{}'),
(22, 22, 'a:0:{}'),
(23, 23, 'a:0:{}'),
(24, 24, 'a:0:{}'),
(25, 25, 'a:0:{}'),
(26, 26, 'a:0:{}'),
(27, 27, 'a:0:{}'),
(28, 28, 'a:0:{}'),
(29, 29, 'a:0:{}'),
(30, 30, 'a:0:{}'),
(31, 31, 'a:0:{}'),
(32, 32, 'a:0:{}'),
(33, 33, 'a:0:{}'),
(34, 34, 'a:0:{}'),
(35, 35, 'a:0:{}'),
(36, 36, 'a:0:{}'),
(37, 37, 'a:0:{}'),
(38, 38, 'a:0:{}'),
(39, 39, 'a:0:{}'),
(40, 40, 'a:0:{}'),
(41, 41, 'a:0:{}'),
(42, 42, 'a:0:{}'),
(43, 43, 'a:0:{}'),
(44, 44, 'a:0:{}'),
(45, 45, 'a:0:{}'),
(46, 46, 'a:0:{}'),
(47, 47, 'a:0:{}'),
(48, 48, 'a:0:{}'),
(49, 49, 'a:0:{}'),
(50, 50, 'a:0:{}'),
(51, 51, 'a:0:{}'),
(52, 52, 'a:0:{}'),
(53, 53, 'a:0:{}'),
(54, 54, 'a:0:{}'),
(55, 55, 'a:0:{}'),
(56, 56, 'a:0:{}'),
(57, 57, 'a:0:{}'),
(58, 58, 'a:0:{}'),
(59, 59, 'a:0:{}'),
(60, 60, 'a:0:{}'),
(61, 61, 'a:0:{}'),
(62, 62, 'a:0:{}'),
(63, 63, 'a:0:{}'),
(64, 64, 'a:0:{}'),
(65, 65, 'a:0:{}'),
(66, 66, 'a:0:{}'),
(67, 67, 'a:0:{}'),
(68, 68, 'a:0:{}'),
(69, 69, 'a:0:{}'),
(70, 70, 'a:0:{}'),
(71, 71, 'a:0:{}'),
(72, 72, 'a:0:{}'),
(73, 73, 'a:0:{}'),
(74, 74, 'a:0:{}'),
(75, 75, 'a:0:{}'),
(76, 76, 'a:0:{}'),
(77, 77, 'a:0:{}'),
(78, 78, 'a:0:{}'),
(79, 79, 'a:0:{}'),
(80, 80, 'a:0:{}'),
(81, 81, 'a:0:{}'),
(82, 82, 'a:0:{}'),
(83, 83, 'a:0:{}'),
(84, 84, 'a:0:{}'),
(85, 85, 'a:0:{}'),
(86, 86, 'a:0:{}'),
(87, 87, 'a:0:{}'),
(88, 88, 'a:0:{}'),
(89, 89, 'a:0:{}'),
(90, 90, 'a:0:{}'),
(91, 91, 'a:0:{}'),
(92, 92, 'a:0:{}'),
(93, 93, 'a:0:{}'),
(94, 94, 'a:0:{}'),
(95, 95, 'a:0:{}'),
(96, 96, 'a:0:{}'),
(97, 97, 'a:0:{}'),
(98, 98, 'a:0:{}'),
(99, 99, 'a:0:{}'),
(100, 100, 'a:0:{}'),
(101, 101, 'a:0:{}'),
(102, 102, 'a:0:{}'),
(103, 103, 'a:0:{}'),
(104, 104, 'a:0:{}'),
(105, 105, 'a:0:{}'),
(106, 106, 'a:0:{}'),
(107, 107, 'a:0:{}'),
(108, 108, 'a:0:{}'),
(109, 109, 'a:0:{}'),
(110, 110, 'a:0:{}'),
(111, 111, 'a:0:{}'),
(112, 112, 'a:0:{}'),
(113, 113, 'a:0:{}'),
(114, 114, 'a:0:{}'),
(115, 115, 'a:0:{}'),
(116, 116, 'a:0:{}'),
(117, 117, 'a:0:{}'),
(118, 118, 'a:0:{}'),
(119, 119, 'a:0:{}'),
(120, 120, 'a:0:{}'),
(121, 121, 'a:0:{}'),
(122, 122, 'a:0:{}'),
(123, 123, 'a:0:{}'),
(124, 124, 'a:0:{}'),
(125, 125, 'a:0:{}'),
(126, 126, 'a:0:{}'),
(127, 127, 'a:0:{}'),
(128, 128, 'a:0:{}'),
(129, 129, 'a:0:{}'),
(130, 130, 'a:0:{}'),
(131, 131, 'a:0:{}'),
(132, 132, 'a:0:{}'),
(133, 133, 'a:0:{}'),
(134, 134, 'a:0:{}'),
(135, 135, 'a:0:{}'),
(136, 136, 'a:0:{}'),
(137, 137, 'a:0:{}'),
(138, 138, 'a:0:{}'),
(139, 139, 'a:0:{}'),
(140, 140, 'a:0:{}'),
(141, 141, 'a:0:{}'),
(142, 142, 'a:0:{}'),
(143, 143, 'a:0:{}'),
(144, 144, 'a:0:{}'),
(145, 145, 'a:0:{}'),
(146, 146, 'a:0:{}'),
(147, 147, 'a:0:{}'),
(148, 148, 'a:0:{}'),
(149, 149, 'a:0:{}'),
(150, 150, 'a:0:{}'),
(151, 151, 'a:0:{}'),
(152, 152, 'a:0:{}'),
(153, 153, 'a:0:{}'),
(154, 154, 'a:0:{}'),
(155, 155, 'a:0:{}'),
(156, 156, 'a:0:{}'),
(157, 157, 'a:0:{}');

-- --------------------------------------------------------

--
-- 表的结构 `xh_users_online`
--

CREATE TABLE IF NOT EXISTS `xh_users_online` (
  `uid` int(11) NOT NULL COMMENT '用户 ID',
  `last_active` int(11) DEFAULT '0' COMMENT '上次活动时间',
  `ip` bigint(12) DEFAULT '0' COMMENT '客户端ip',
  `active_url` varchar(255) DEFAULT NULL COMMENT '停留页面',
  `user_agent` varchar(255) DEFAULT NULL COMMENT '用户客户端信息',
  KEY `uid` (`uid`),
  KEY `last_active` (`last_active`)
) ENGINE=InnoDB DEFAULT CHARSET=utf8 COMMENT='在线用户列表';

--
-- 转存表中的数据 `xh_users_online`
--

INSERT INTO `xh_users_online` (`uid`, `last_active`, `ip`, `active_url`, `user_agent`) VALUES
(1, 1475974776, 0, 'http://localhost/php/toutiao/?/admin/article/list/page-7', 'Mozilla/5.0 (Windows NT 6.1; WOW64) AppleWebKit/537.36 (KHTML, like Gecko) Chrome/52.0.2743.116 Safari/537.36 FirePHP/0.7.4');

-- --------------------------------------------------------

--
-- 表的结构 `xh_users_qq`
--

CREATE TABLE IF NOT EXISTS `xh_users_qq` (
  `id` bigint(11) unsigned NOT NULL AUTO_INCREMENT,
  `uid` int(11) NOT NULL COMMENT '用户在本地的UID',
  `nickname` varchar(64) DEFAULT NULL,
  `openid` varchar(128) DEFAULT '',
  `gender` varchar(8) DEFAULT NULL,
  `add_time` int(10) DEFAULT NULL COMMENT '添加时间',
  `access_token` varchar(64) DEFAULT NULL,
  `refresh_token` varchar(64) DEFAULT NULL,
  `expires_time` int(10) DEFAULT NULL,
  `figureurl` varchar(255) DEFAULT NULL,
  PRIMARY KEY (`id`),
  KEY `uid` (`uid`),
  KEY `add_time` (`add_time`),
  KEY `access_token` (`access_token`),
  KEY `openid` (`openid`)
) ENGINE=InnoDB DEFAULT CHARSET=utf8 AUTO_INCREMENT=1 ;

-- --------------------------------------------------------

--
-- 表的结构 `xh_users_sina`
--

CREATE TABLE IF NOT EXISTS `xh_users_sina` (
  `id` bigint(11) NOT NULL COMMENT '新浪用户 ID',
  `uid` int(11) NOT NULL COMMENT '用户在本地的UID',
  `name` varchar(64) DEFAULT NULL COMMENT '微博昵称',
  `location` varchar(255) DEFAULT NULL COMMENT '地址',
  `description` text COMMENT '个人描述',
  `url` varchar(255) DEFAULT NULL COMMENT '用户博客地址',
  `profile_image_url` varchar(255) DEFAULT NULL COMMENT 'Sina 自定义头像地址',
  `gender` varchar(8) DEFAULT NULL,
  `add_time` int(10) DEFAULT NULL COMMENT '添加时间',
  `expires_time` int(10) DEFAULT '0' COMMENT '过期时间',
  `access_token` varchar(64) DEFAULT NULL,
  `last_msg_id` bigint(20) DEFAULT NULL,
  PRIMARY KEY (`id`),
  UNIQUE KEY `uid` (`uid`),
  KEY `access_token` (`access_token`),
  KEY `last_msg_id` (`last_msg_id`)
) ENGINE=InnoDB DEFAULT CHARSET=utf8;

-- --------------------------------------------------------

--
-- 表的结构 `xh_users_twitter`
--

CREATE TABLE IF NOT EXISTS `xh_users_twitter` (
  `id` bigint(20) unsigned NOT NULL,
  `uid` int(11) unsigned NOT NULL,
  `name` varchar(128) DEFAULT NULL,
  `screen_name` varchar(128) DEFAULT NULL,
  `location` varchar(64) DEFAULT NULL,
  `time_zone` varchar(64) DEFAULT NULL,
  `lang` varchar(16) DEFAULT NULL,
  `profile_image_url` varchar(255) DEFAULT NULL,
  `add_time` int(10) unsigned NOT NULL DEFAULT '0',
  `access_token` varchar(255) NOT NULL DEFAULT 'a:2:{s:11:"oauth_token";s:0:"";s:18:"oauth_token_secret";s:0:"";}',
  PRIMARY KEY (`id`),
  UNIQUE KEY `uid` (`uid`),
  KEY `access_token` (`access_token`)
) ENGINE=InnoDB DEFAULT CHARSET=utf8;

-- --------------------------------------------------------

--
-- 表的结构 `xh_users_ucenter`
--

CREATE TABLE IF NOT EXISTS `xh_users_ucenter` (
  `id` int(11) unsigned NOT NULL AUTO_INCREMENT,
  `uid` int(11) DEFAULT '0',
  `uc_uid` int(11) DEFAULT '0',
  `username` varchar(255) DEFAULT NULL,
  `email` varchar(255) DEFAULT NULL,
  PRIMARY KEY (`id`),
  KEY `uid` (`uid`),
  KEY `uc_uid` (`uc_uid`),
  KEY `email` (`email`)
) ENGINE=InnoDB DEFAULT CHARSET=utf8 AUTO_INCREMENT=1 ;

-- --------------------------------------------------------

--
-- 表的结构 `xh_users_weixin`
--

CREATE TABLE IF NOT EXISTS `xh_users_weixin` (
  `id` int(10) NOT NULL AUTO_INCREMENT,
  `uid` int(10) NOT NULL,
  `openid` varchar(255) NOT NULL,
  `expires_in` int(10) DEFAULT NULL,
  `access_token` varchar(255) DEFAULT NULL,
  `refresh_token` varchar(255) DEFAULT NULL,
  `scope` varchar(64) DEFAULT NULL,
  `headimgurl` varchar(255) DEFAULT NULL,
  `nickname` varchar(64) DEFAULT NULL,
  `sex` tinyint(1) DEFAULT '0',
  `province` varchar(32) DEFAULT NULL,
  `city` varchar(32) DEFAULT NULL,
  `country` varchar(32) DEFAULT NULL,
  `add_time` int(10) NOT NULL,
  `latitude` float DEFAULT NULL,
  `longitude` float DEFAULT NULL,
  `location_update` int(10) DEFAULT '0',
  PRIMARY KEY (`id`),
  UNIQUE KEY `uid` (`uid`),
  KEY `openid` (`openid`),
  KEY `expires_in` (`expires_in`),
  KEY `scope` (`scope`),
  KEY `sex` (`sex`),
  KEY `province` (`province`),
  KEY `city` (`city`),
  KEY `country` (`country`),
  KEY `add_time` (`add_time`),
  KEY `latitude` (`latitude`,`longitude`),
  KEY `location_update` (`location_update`)
) ENGINE=InnoDB DEFAULT CHARSET=utf8 AUTO_INCREMENT=1 ;

-- --------------------------------------------------------

--
-- 表的结构 `xh_user_action_history`
--

CREATE TABLE IF NOT EXISTS `xh_user_action_history` (
  `history_id` int(11) NOT NULL AUTO_INCREMENT COMMENT '自增ID',
  `uid` int(11) NOT NULL COMMENT '用户id',
  `associate_type` tinyint(1) DEFAULT NULL COMMENT '关联类型: 1 问题 2 回答 3 评论 4 话题',
  `associate_action` smallint(3) DEFAULT NULL COMMENT '操作类型',
  `associate_id` int(11) DEFAULT NULL COMMENT '关联ID',
  `add_time` int(10) DEFAULT NULL COMMENT '添加时间',
  `associate_attached` int(11) DEFAULT NULL,
  `anonymous` tinyint(1) DEFAULT '0' COMMENT '是否匿名',
  `fold_status` tinyint(1) DEFAULT '0',
  PRIMARY KEY (`history_id`),
  KEY `add_time` (`add_time`),
  KEY `uid` (`uid`),
  KEY `associate_id` (`associate_id`),
  KEY `anonymous` (`anonymous`),
  KEY `fold_status` (`fold_status`),
  KEY `associate` (`associate_type`,`associate_action`),
  KEY `associate_attached` (`associate_attached`),
  KEY `associate_with_id` (`associate_id`,`associate_type`,`associate_action`),
  KEY `associate_with_uid` (`uid`,`associate_type`,`associate_action`)
) ENGINE=InnoDB  DEFAULT CHARSET=utf8 COMMENT='用户操作记录' AUTO_INCREMENT=468 ;

--
-- 转存表中的数据 `xh_user_action_history`
--

INSERT INTO `xh_user_action_history` (`history_id`, `uid`, `associate_type`, `associate_action`, `associate_id`, `add_time`, `associate_attached`, `anonymous`, `fold_status`) VALUES
(1, 2, 1, 101, 1, 1472707611, -1, 0, 0),
(2, 2, 1, 101, 2, 1472708596, -1, 0, 0),
(3, 1, 2, 201, 1, 1472709295, 2, 0, 0),
(4, 1, 1, 201, 2, 1472709295, 1, 0, 0),
(9, 2, 1, 204, 2, 1472709536, 1, 0, 0),
(10, 1, 1, 501, 1, 1472710346, -1, 0, 0),
(16, 5, 2, 201, 2, 1472713229, 1, 0, 0),
(17, 5, 1, 201, 1, 1472713229, 2, 0, 0),
(18, 5, 1, 101, 3, 1472713346, -1, 0, 0),
(19, 1, 1, 204, 1, 1472713759, 2, 0, 0),
(20, 1, 2, 201, 3, 1472713851, 3, 0, 0),
(21, 1, 1, 201, 3, 1472713851, 3, 0, 0),
(22, 6, 1, 204, 3, 1472713979, 3, 0, 0),
(23, 6, 1, 101, 4, 1472714055, -1, 0, 0),
(24, 6, 2, 201, 4, 1472714175, 4, 0, 0),
(25, 6, 1, 201, 4, 1472714175, 4, 0, 0),
(26, 6, 1, 105, 4, 1472714185, -1, 0, 0),
(27, 7, 1, 101, 5, 1472714701, -1, 0, 0),
(28, 7, 1, 102, 5, 1472714773, -1, 0, 0),
(29, 7, 2, 201, 5, 1472714850, 4, 0, 0),
(30, 7, 1, 201, 4, 1472714850, 5, 0, 0),
(31, 7, 2, 201, 6, 1472714892, 3, 0, 0),
(32, 7, 1, 201, 3, 1472714892, 6, 0, 0),
(33, 4, 1, 101, 6, 1472715152, -1, 0, 0),
(34, 4, 2, 201, 7, 1472715181, 5, 0, 0),
(35, 4, 1, 201, 5, 1472715181, 7, 0, 0),
(36, 8, 1, 101, 7, 1472715495, -1, 0, 0),
(37, 9, 1, 101, 8, 1472715779, -1, 0, 0),
(38, 9, 2, 201, 8, 1472715798, 3, 0, 0),
(39, 9, 1, 201, 3, 1472715798, 8, 0, 0),
(40, 9, 2, 201, 9, 1472715849, 2, 0, 0),
(41, 9, 1, 201, 2, 1472715849, 9, 0, 0),
(42, 10, 2, 201, 10, 1472716247, 8, 0, 0),
(43, 10, 1, 201, 8, 1472716247, 10, 0, 0),
(44, 10, 1, 101, 9, 1472717178, -1, 0, 0),
(45, 11, 1, 204, 1, 1472717407, 2, 0, 0),
(46, 11, 1, 204, 5, 1472717421, 7, 0, 0),
(51, 11, 1, 204, 8, 1472718954, 10, 0, 0),
(52, 11, 1, 204, 8, 1472718956, 10, 0, 0),
(60, 1, 2, 201, 11, 1473064312, 8, 0, 0),
(61, 1, 1, 201, 8, 1473064312, 11, 0, 0),
(62, 1, 1, 204, 8, 1473064314, 10, 0, 0),
(63, 12, 1, 101, 10, 1473149295, -1, 0, 0),
(66, 13, 2, 201, 12, 1473149638, 10, 0, 0),
(67, 13, 1, 201, 10, 1473149638, 12, 0, 0),
(68, 14, 2, 201, 13, 1473150029, 10, 0, 0),
(69, 14, 1, 201, 10, 1473150029, 13, 0, 0),
(70, 15, 1, 101, 11, 1473150110, -1, 0, 0),
(71, 14, 2, 201, 14, 1473150242, 11, 0, 0),
(72, 14, 1, 201, 11, 1473150242, 14, 0, 0),
(73, 15, 2, 201, 15, 1473150320, 11, 0, 0),
(74, 15, 1, 201, 11, 1473150320, 15, 0, 0),
(75, 15, 1, 204, 11, 1473150323, 14, 0, 0),
(76, 17, 1, 101, 12, 1473150545, -1, 0, 0),
(77, 18, 2, 201, 16, 1473150752, 12, 0, 0),
(78, 18, 1, 201, 12, 1473150752, 16, 0, 0),
(79, 20, 1, 101, 13, 1473151050, -1, 0, 0),
(80, 21, 1, 101, 14, 1473153250, -1, 0, 0),
(81, 24, 1, 101, 15, 1473212375, -1, 0, 0),
(83, 27, 1, 101, 16, 1473214297, -1, 0, 0),
(85, 28, 2, 201, 17, 1473214518, 16, 0, 0),
(86, 28, 1, 201, 16, 1473214518, 17, 0, 0),
(87, 29, 1, 101, 17, 1473215894, -1, 0, 0),
(88, 31, 1, 101, 18, 1473225820, -1, 0, 0),
(89, 2, 1, 204, 10, 1473225880, 13, 0, 0),
(90, 29, 2, 201, 18, 1473225883, 18, 0, 0),
(91, 29, 1, 201, 18, 1473225883, 18, 0, 0),
(92, 1, 1, 204, 18, 1473227953, 18, 0, 0),
(93, 32, 1, 101, 19, 1473229550, -1, 0, 0),
(94, 21, 2, 201, 19, 1473231124, 17, 0, 0),
(95, 21, 1, 201, 17, 1473231124, 19, 0, 0),
(96, 34, 1, 101, 20, 1473231623, -1, 0, 0),
(97, 35, 1, 101, 21, 1473232095, -1, 0, 0),
(98, 35, 2, 201, 20, 1473232135, 20, 0, 0),
(99, 35, 1, 201, 20, 1473232135, 20, 0, 0),
(100, 37, 1, 101, 22, 1473232436, -1, 0, 0),
(101, 37, 1, 105, 19, 1473232482, -1, 0, 0),
(102, 37, 2, 201, 21, 1473232534, 15, 0, 0),
(103, 37, 1, 201, 15, 1473232534, 21, 0, 0),
(104, 38, 1, 101, 23, 1473233235, -1, 0, 0),
(105, 39, 2, 201, 22, 1473233287, 23, 0, 0),
(106, 39, 1, 201, 23, 1473233287, 22, 0, 0),
(118, 1, 1, 501, 2, 1473236803, -1, 0, 0),
(119, 1, 1, 501, 3, 1473236991, -1, 0, 0),
(120, 1, 1, 501, 4, 1473237106, -1, 0, 0),
(121, 1, 1, 204, 23, 1473237677, 22, 0, 0),
(122, 1, 4, 401, 8, 1473237989, -1, 0, 0),
(123, 1, 4, 406, 8, 1473237989, -1, 0, 0),
(126, 2, 1, 502, 3, 1473238400, -1, 0, 0),
(127, 2, 4, 406, 8, 1473238512, -1, 0, 0),
(128, 1, 4, 401, 9, 1473239832, -1, 0, 0),
(129, 1, 4, 406, 9, 1473239832, -1, 0, 0),
(130, 1, 4, 403, 8, 1473316854, -1, 0, 0),
(131, 43, 4, 406, 9, 1473317486, -1, 0, 0),
(132, 1, 4, 401, 10, 1473317792, -1, 0, 0),
(133, 1, 4, 406, 10, 1473317792, -1, 0, 0),
(134, 43, 1, 503, 3, 1473317882, 1, 0, 0),
(135, 43, 1, 502, 3, 1473317884, -1, 0, 0),
(136, 43, 1, 101, 24, 1473318480, -1, 0, 0),
(137, 1, 1, 105, 24, 1473318709, -1, 0, 0),
(138, 43, 1, 204, 20, 1473318873, 20, 0, 0),
(139, 1, 4, 401, 11, 1473320009, -1, 0, 0),
(140, 1, 4, 406, 11, 1473320009, -1, 0, 0),
(141, 44, 1, 101, 25, 1473321486, -1, 0, 0),
(142, 45, 1, 101, 26, 1473321608, -1, 0, 0),
(143, 46, 1, 101, 27, 1473321811, -1, 0, 0),
(144, 47, 1, 101, 28, 1473322090, -1, 0, 0),
(145, 42, 1, 101, 29, 1473322155, -1, 0, 0),
(146, 40, 1, 101, 30, 1473322303, -1, 0, 0),
(147, 1, 1, 503, 4, 1473328613, 2, 0, 0),
(148, 1, 1, 204, 4, 1473413489, 5, 0, 0),
(149, 49, 4, 401, 12, 1473660033, -1, 0, 0),
(150, 49, 4, 406, 12, 1473660033, -1, 0, 0),
(151, 49, 1, 401, 31, 1473660033, 12, 0, 0),
(152, 49, 4, 401, 12, 1473660033, 31, 0, 0),
(153, 49, 1, 101, 31, 1473660033, -1, 0, 0),
(154, 1, 1, 501, 5, 1473662818, -1, 0, 0),
(155, 1, 1, 501, 6, 1473663902, -1, 0, 0),
(156, 1, 1, 501, 7, 1473664829, -1, 0, 0),
(157, 1, 1, 501, 8, 1473665143, -1, 0, 0),
(158, 1, 1, 501, 9, 1473665287, -1, 0, 0),
(159, 1, 1, 501, 10, 1473665502, -1, 0, 0),
(160, 1, 2, 201, 23, 1473665856, 29, 0, 0),
(161, 1, 1, 201, 29, 1473665856, 23, 0, 0),
(162, 41, 1, 503, 5, 1473666167, 3, 0, 0),
(163, 41, 2, 201, 24, 1473666199, 29, 0, 0),
(164, 41, 1, 201, 29, 1473666199, 24, 0, 0),
(165, 41, 1, 503, 7, 1473666231, 4, 0, 0),
(166, 41, 2, 201, 25, 1473666296, 30, 0, 0),
(167, 41, 1, 201, 30, 1473666296, 25, 0, 0),
(168, 1, 1, 501, 11, 1473666586, -1, 0, 0),
(169, 1, 1, 501, 12, 1473667004, -1, 0, 0),
(170, 12, 1, 204, 29, 1473671371, 24, 0, 0),
(171, 12, 1, 204, 29, 1473671372, 23, 0, 0),
(172, 12, 2, 201, 26, 1473671385, 29, 0, 0),
(173, 12, 1, 201, 29, 1473671385, 26, 0, 0),
(174, 12, 2, 201, 27, 1473671476, 30, 0, 0),
(175, 12, 1, 201, 30, 1473671476, 27, 0, 0),
(176, 12, 2, 201, 28, 1473671594, 31, 0, 0),
(177, 12, 1, 201, 31, 1473671594, 28, 0, 0),
(178, 12, 2, 201, 29, 1473671739, 25, 0, 0),
(179, 12, 1, 201, 25, 1473671739, 29, 0, 0),
(180, 12, 2, 201, 30, 1473671798, 21, 0, 0),
(181, 12, 1, 201, 21, 1473671798, 30, 0, 0),
(183, 14, 1, 204, 25, 1473671878, 29, 0, 0),
(184, 14, 1, 204, 30, 1473671894, 27, 0, 0),
(185, 14, 1, 204, 21, 1473671987, 30, 0, 0),
(186, 14, 2, 201, 31, 1473671995, 21, 0, 0),
(187, 14, 1, 201, 21, 1473671995, 31, 0, 0),
(188, 18, 1, 204, 21, 1473672027, 30, 0, 0),
(189, 18, 1, 204, 21, 1473672029, 31, 0, 0),
(190, 18, 2, 201, 32, 1473672053, 21, 0, 0),
(191, 18, 1, 201, 21, 1473672053, 32, 0, 0),
(192, 18, 1, 204, 25, 1473672058, 29, 0, 0),
(193, 18, 1, 204, 31, 1473672091, 28, 0, 0),
(194, 18, 2, 201, 33, 1473672128, 31, 0, 0),
(195, 18, 1, 201, 31, 1473672128, 33, 0, 0),
(196, 18, 1, 204, 30, 1473672137, 27, 0, 0),
(197, 18, 1, 204, 30, 1473672138, 25, 0, 0),
(198, 18, 2, 201, 34, 1473672188, 29, 0, 0),
(199, 18, 1, 201, 29, 1473672188, 34, 0, 0),
(200, 18, 1, 204, 29, 1473672190, 23, 0, 0),
(201, 18, 1, 204, 29, 1473672191, 24, 0, 0),
(202, 18, 1, 204, 29, 1473672192, 26, 0, 0),
(203, 20, 1, 204, 29, 1473672225, 23, 0, 0),
(204, 20, 1, 204, 29, 1473672226, 24, 0, 0),
(205, 20, 1, 204, 29, 1473672229, 34, 0, 0),
(206, 20, 1, 204, 31, 1473672255, 28, 0, 0),
(207, 20, 1, 204, 21, 1473672262, 30, 0, 0),
(208, 20, 1, 204, 30, 1473672269, 27, 0, 0),
(209, 21, 1, 204, 29, 1473672295, 23, 0, 0),
(210, 21, 1, 204, 29, 1473672299, 26, 0, 0),
(211, 21, 1, 204, 30, 1473672354, 27, 0, 0),
(212, 21, 1, 204, 31, 1473672376, 28, 0, 0),
(213, 21, 1, 204, 21, 1473672383, 30, 0, 0),
(214, 21, 1, 204, 25, 1473672388, 29, 0, 0),
(215, 35, 1, 204, 29, 1473672453, 23, 0, 0),
(216, 35, 1, 204, 31, 1473672464, 28, 0, 0),
(217, 35, 1, 204, 21, 1473673039, 30, 0, 0),
(221, 36, 1, 204, 29, 1473673321, 23, 0, 0),
(222, 36, 1, 204, 21, 1473673326, 30, 0, 0),
(224, 36, 1, 204, 31, 1473673807, 28, 0, 0),
(225, 36, 1, 204, 25, 1473673816, 29, 0, 0),
(226, 2, 1, 204, 29, 1473739044, 23, 0, 0),
(227, 2, 1, 204, 29, 1473739049, 26, 0, 0),
(228, 2, 1, 502, 11, 1473739085, -1, 0, 0),
(229, 2, 1, 502, 11, 1473739306, -1, 0, 0),
(230, 2, 2, 201, 35, 1473739349, 31, 0, 0),
(231, 2, 1, 201, 31, 1473739349, 35, 0, 0),
(232, 61, 2, 201, 36, 1473746778, 31, 0, 0),
(233, 61, 1, 201, 31, 1473746778, 36, 0, 0),
(234, 61, 1, 101, 32, 1473746855, -1, 0, 0),
(235, 2, 1, 204, 31, 1473751015, 28, 0, 0),
(236, 1, 1, 204, 29, 1473755718, 24, 0, 0),
(237, 1, 1, 204, 29, 1473755720, 26, 0, 0),
(238, 1, 1, 204, 31, 1473755903, 36, 0, 0),
(239, 69, 1, 101, 33, 1473837348, -1, 0, 0),
(240, 68, 1, 101, 34, 1473837404, -1, 0, 0),
(241, 67, 1, 101, 35, 1473837528, -1, 0, 0),
(242, 67, 2, 201, 37, 1473837594, 34, 0, 0),
(243, 67, 1, 201, 34, 1473837594, 37, 0, 0),
(244, 65, 1, 101, 36, 1473837857, -1, 0, 0),
(245, 66, 1, 101, 37, 1473838007, -1, 0, 0),
(246, 64, 2, 201, 38, 1473838115, 37, 0, 0),
(247, 64, 1, 201, 37, 1473838115, 38, 0, 0),
(248, 64, 1, 101, 38, 1473838165, -1, 0, 0),
(249, 64, 2, 201, 39, 1473838208, 36, 0, 0),
(250, 64, 1, 201, 36, 1473838208, 39, 0, 0),
(251, 63, 1, 101, 39, 1473838434, -1, 0, 0),
(252, 72, 1, 101, 40, 1473838527, -1, 0, 0),
(253, 70, 2, 201, 40, 1473838611, 40, 0, 0),
(254, 70, 1, 201, 40, 1473838611, 40, 0, 0),
(255, 70, 1, 101, 41, 1473838670, -1, 0, 0),
(256, 71, 2, 201, 41, 1473838735, 41, 0, 0),
(257, 71, 1, 201, 41, 1473838735, 41, 0, 0),
(258, 71, 2, 201, 42, 1473838783, 39, 0, 0),
(259, 71, 1, 201, 39, 1473838783, 42, 0, 0),
(260, 71, 1, 101, 42, 1473838819, -1, 0, 0),
(261, 71, 2, 201, 43, 1473838874, 35, 0, 0),
(262, 71, 1, 201, 35, 1473838874, 43, 0, 0),
(263, 73, 2, 201, 44, 1473840106, 35, 0, 0),
(264, 73, 1, 201, 35, 1473840106, 44, 0, 0),
(265, 74, 2, 201, 45, 1473840352, 42, 0, 0),
(266, 74, 1, 201, 42, 1473840352, 45, 0, 0),
(267, 75, 1, 204, 39, 1473840674, 42, 0, 0),
(268, 75, 2, 201, 46, 1473840705, 36, 0, 0),
(269, 75, 1, 201, 36, 1473840705, 46, 0, 0),
(270, 76, 2, 201, 47, 1473841450, 37, 0, 0),
(271, 76, 1, 201, 37, 1473841450, 47, 0, 0),
(272, 78, 2, 201, 48, 1474178755, 37, 0, 0),
(273, 78, 1, 201, 37, 1474178755, 48, 0, 0),
(274, 79, 1, 101, 43, 1474179427, -1, 0, 0),
(275, 81, 1, 101, 44, 1474180368, -1, 0, 0),
(276, 85, 2, 201, 49, 1474180455, 44, 0, 0),
(277, 85, 1, 201, 44, 1474180455, 49, 0, 0),
(278, 82, 1, 101, 45, 1474180920, -1, 0, 0),
(279, 82, 2, 201, 50, 1474180960, 43, 0, 0),
(280, 82, 1, 201, 43, 1474180960, 50, 0, 0),
(281, 83, 1, 101, 46, 1474181235, -1, 0, 0),
(282, 91, 2, 201, 51, 1474181294, 45, 0, 0),
(283, 91, 1, 201, 45, 1474181294, 51, 0, 0),
(284, 92, 2, 201, 52, 1474181333, 46, 0, 0),
(285, 92, 1, 201, 46, 1474181333, 52, 0, 0),
(286, 84, 1, 101, 47, 1474181639, -1, 0, 0),
(287, 93, 2, 201, 53, 1474181735, 47, 0, 0),
(288, 93, 1, 201, 47, 1474181735, 53, 0, 0),
(289, 86, 1, 101, 48, 1474181785, -1, 0, 0),
(290, 87, 1, 101, 49, 1474182099, -1, 0, 0),
(291, 90, 2, 201, 54, 1474182165, 47, 0, 0),
(292, 90, 1, 201, 47, 1474182165, 54, 0, 0),
(293, 89, 1, 204, 47, 1474182509, 54, 0, 0),
(294, 88, 1, 101, 50, 1474182516, -1, 0, 0),
(295, 95, 1, 101, 51, 1474265625, -1, 0, 0),
(296, 96, 1, 101, 52, 1474265852, -1, 0, 0),
(297, 105, 2, 201, 55, 1474266022, 52, 0, 0),
(298, 105, 1, 201, 52, 1474266022, 55, 0, 0),
(299, 94, 1, 101, 53, 1474266033, -1, 0, 0),
(300, 105, 2, 201, 56, 1474266040, 51, 0, 0),
(301, 105, 1, 201, 51, 1474266040, 56, 0, 0),
(302, 98, 1, 101, 54, 1474266103, -1, 0, 0),
(303, 99, 1, 101, 55, 1474267055, -1, 0, 0),
(304, 101, 1, 101, 56, 1474267271, -1, 0, 0),
(305, 103, 1, 101, 57, 1474267439, -1, 0, 0),
(306, 104, 1, 101, 58, 1474267561, -1, 0, 0),
(307, 106, 2, 201, 57, 1474271369, 56, 0, 0),
(308, 106, 1, 201, 56, 1474271369, 57, 0, 0),
(309, 106, 2, 201, 58, 1474271388, 54, 0, 0),
(310, 106, 1, 201, 54, 1474271388, 58, 0, 0),
(311, 109, 2, 201, 59, 1474351766, 54, 0, 0),
(312, 109, 1, 201, 54, 1474351766, 59, 0, 0),
(313, 102, 1, 101, 59, 1474355565, -1, 0, 0),
(314, 48, 1, 101, 60, 1474355945, -1, 0, 0),
(315, 113, 2, 201, 60, 1474356043, 60, 0, 0),
(316, 113, 1, 201, 60, 1474356043, 60, 0, 0),
(317, 100, 1, 101, 61, 1474356744, -1, 0, 0),
(318, 118, 2, 201, 61, 1474357897, 61, 0, 0),
(319, 118, 1, 201, 61, 1474357897, 61, 0, 0),
(320, 112, 1, 101, 62, 1474358480, -1, 0, 0),
(321, 111, 1, 101, 63, 1474358884, -1, 0, 0),
(322, 110, 1, 101, 64, 1474361180, -1, 0, 0),
(323, 116, 1, 101, 65, 1474361317, -1, 0, 0),
(324, 115, 1, 101, 66, 1474361513, -1, 0, 0),
(325, 114, 1, 101, 67, 1474361847, -1, 0, 0),
(326, 123, 2, 201, 62, 1474361970, 67, 0, 0),
(327, 123, 1, 201, 67, 1474361970, 62, 0, 0),
(328, 124, 2, 201, 63, 1474362012, 67, 0, 0),
(329, 124, 1, 201, 67, 1474362012, 63, 0, 0),
(330, 123, 2, 201, 64, 1474362056, 66, 0, 0),
(331, 123, 1, 201, 66, 1474362056, 64, 0, 0),
(332, 124, 2, 201, 65, 1474362090, 66, 0, 0),
(333, 124, 1, 201, 66, 1474362090, 65, 0, 0),
(334, 124, 2, 201, 66, 1474362128, 65, 0, 0),
(335, 124, 1, 201, 65, 1474362128, 66, 0, 0),
(336, 120, 1, 101, 68, 1474362136, -1, 0, 0),
(337, 122, 2, 201, 67, 1474362671, 68, 0, 0),
(338, 122, 1, 201, 68, 1474362671, 67, 0, 0),
(339, 119, 1, 101, 69, 1474362764, -1, 0, 0),
(340, 119, 2, 201, 68, 1474362795, 64, 0, 0),
(341, 119, 1, 201, 64, 1474362795, 68, 0, 0),
(342, 119, 2, 201, 69, 1474362828, 62, 0, 0),
(343, 119, 1, 201, 62, 1474362828, 69, 0, 0),
(344, 108, 2, 201, 70, 1474437873, 62, 0, 0),
(345, 108, 1, 201, 62, 1474437873, 70, 0, 0),
(346, 135, 1, 101, 70, 1474616351, -1, 0, 0),
(347, 2, 1, 204, 31, 1474868282, 36, 0, 0),
(348, 2, 2, 201, 71, 1474868303, 31, 0, 0),
(349, 2, 1, 201, 31, 1474868303, 71, 0, 0),
(350, 139, 1, 101, 71, 1474872971, -1, 0, 0),
(351, 142, 1, 101, 72, 1474959671, -1, 0, 0),
(352, 1, 1, 501, 13, 1475135592, -1, 0, 0),
(353, 1, 1, 501, 14, 1475138138, -1, 0, 0),
(354, 1, 1, 501, 15, 1475140220, -1, 0, 0),
(355, 1, 1, 501, 16, 1475140799, -1, 0, 0),
(356, 1, 1, 501, 17, 1475141189, -1, 0, 0),
(357, 154, 4, 406, 11, 1475217266, -1, 0, 0),
(358, 1, 1, 501, 18, 1475221725, -1, 0, 0),
(359, 1, 1, 501, 19, 1475221795, -1, 0, 0),
(360, 1, 1, 501, 20, 1475221842, -1, 0, 0),
(361, 1, 1, 501, 21, 1475221881, -1, 0, 0),
(362, 1, 1, 501, 22, 1475221910, -1, 0, 0),
(363, 1, 1, 501, 23, 1475221912, -1, 0, 0),
(364, 1, 1, 501, 24, 1475221944, -1, 0, 0),
(365, 1, 1, 501, 25, 1475221985, -1, 0, 0),
(366, 1, 1, 501, 26, 1475222039, -1, 0, 0),
(367, 1, 1, 501, 27, 1475222095, -1, 0, 0),
(368, 1, 1, 501, 28, 1475222137, -1, 0, 0),
(369, 1, 1, 501, 29, 1475222174, -1, 0, 0),
(370, 1, 1, 501, 30, 1475222204, -1, 0, 0),
(371, 1, 1, 501, 31, 1475222205, -1, 0, 0),
(372, 1, 1, 501, 32, 1475222248, -1, 0, 0),
(373, 1, 1, 501, 33, 1475222304, -1, 0, 0),
(374, 1, 1, 501, 34, 1475222310, -1, 0, 0),
(375, 1, 1, 501, 35, 1475222356, -1, 0, 0),
(376, 1, 1, 501, 36, 1475222392, -1, 0, 0),
(377, 1, 1, 501, 37, 1475222454, -1, 0, 0),
(378, 1, 1, 501, 38, 1475222457, -1, 0, 0),
(379, 1, 1, 501, 39, 1475222508, -1, 0, 0),
(380, 1, 1, 501, 40, 1475222576, -1, 0, 0),
(381, 1, 1, 501, 41, 1475222623, -1, 0, 0),
(382, 1, 1, 501, 42, 1475222690, -1, 0, 0),
(383, 1, 1, 501, 43, 1475222766, -1, 0, 0),
(384, 1, 1, 501, 44, 1475222797, -1, 0, 0),
(385, 1, 1, 501, 45, 1475222845, -1, 0, 0),
(386, 1, 1, 501, 46, 1475222894, -1, 0, 0),
(387, 1, 1, 501, 47, 1475222925, -1, 0, 0),
(388, 1, 1, 501, 48, 1475222953, -1, 0, 0),
(389, 1, 1, 501, 49, 1475223013, -1, 0, 0),
(390, 1, 1, 501, 50, 1475223032, -1, 0, 0),
(391, 1, 1, 501, 51, 1475223052, -1, 0, 0),
(392, 1, 1, 501, 52, 1475223101, -1, 0, 0),
(393, 1, 1, 501, 53, 1475223155, -1, 0, 0),
(394, 1, 1, 501, 54, 1475223204, -1, 0, 0),
(395, 1, 1, 501, 55, 1475223220, -1, 0, 0),
(396, 1, 1, 501, 56, 1475223230, -1, 0, 0),
(397, 1, 1, 501, 57, 1475223279, -1, 0, 0),
(398, 1, 1, 501, 58, 1475223311, -1, 0, 0),
(399, 1, 1, 501, 59, 1475223335, -1, 0, 0),
(400, 1, 1, 501, 60, 1475223383, -1, 0, 0),
(401, 1, 1, 501, 61, 1475223442, -1, 0, 0),
(402, 1, 1, 501, 62, 1475223442, -1, 0, 0),
(403, 1, 1, 501, 63, 1475223522, -1, 0, 0),
(404, 1, 1, 501, 64, 1475223551, -1, 0, 0),
(405, 1, 1, 501, 65, 1475223560, -1, 0, 0),
(406, 1, 1, 501, 66, 1475223582, -1, 0, 0),
(407, 1, 1, 501, 67, 1475223614, -1, 0, 0),
(408, 1, 1, 501, 68, 1475223630, -1, 0, 0),
(409, 1, 1, 501, 69, 1475223664, -1, 0, 0),
(410, 1, 1, 501, 70, 1475223700, -1, 0, 0),
(411, 1, 1, 501, 71, 1475223747, -1, 0, 0),
(412, 1, 1, 501, 72, 1475223776, -1, 0, 0),
(413, 1, 1, 501, 73, 1475223788, -1, 0, 0),
(414, 1, 1, 501, 74, 1475223821, -1, 0, 0),
(416, 1, 1, 501, 76, 1475223893, -1, 0, 0),
(417, 1, 1, 501, 77, 1475223914, -1, 0, 0),
(418, 1, 1, 501, 78, 1475223954, -1, 0, 0),
(419, 1, 1, 501, 79, 1475224026, -1, 0, 0),
(420, 1, 1, 501, 80, 1475224105, -1, 0, 0),
(421, 1, 1, 501, 81, 1475224120, -1, 0, 0),
(422, 1, 1, 501, 82, 1475224159, -1, 0, 0),
(423, 1, 1, 501, 83, 1475224208, -1, 0, 0),
(424, 1, 1, 501, 84, 1475224267, -1, 0, 0),
(425, 1, 1, 501, 85, 1475224269, -1, 0, 0),
(426, 1, 1, 501, 86, 1475224497, -1, 0, 0),
(427, 1, 1, 501, 87, 1475224531, -1, 0, 0),
(428, 1, 1, 501, 88, 1475224587, -1, 0, 0),
(429, 1, 1, 501, 89, 1475224613, -1, 0, 0),
(430, 1, 1, 501, 90, 1475224645, -1, 0, 0),
(431, 1, 1, 501, 91, 1475224685, -1, 0, 0),
(432, 1, 1, 501, 92, 1475224710, -1, 0, 0),
(433, 1, 1, 501, 93, 1475224748, -1, 0, 0),
(434, 1, 1, 501, 94, 1475224862, -1, 0, 0),
(435, 1, 1, 501, 95, 1475225026, -1, 0, 0),
(436, 1, 1, 501, 96, 1475225216, -1, 0, 0),
(437, 1, 1, 501, 97, 1475225316, -1, 0, 0),
(438, 1, 1, 501, 98, 1475225459, -1, 0, 0),
(439, 1, 1, 501, 99, 1475225515, -1, 0, 0),
(440, 1, 1, 501, 100, 1475225578, -1, 0, 0),
(441, 1, 1, 501, 101, 1475225647, -1, 0, 0),
(442, 1, 1, 501, 102, 1475225871, -1, 0, 0),
(443, 1, 1, 501, 103, 1475225907, -1, 0, 0),
(444, 1, 1, 501, 104, 1475225918, -1, 0, 0),
(445, 1, 1, 501, 105, 1475225947, -1, 0, 0),
(446, 1, 1, 501, 106, 1475225976, -1, 0, 0),
(447, 1, 1, 501, 107, 1475226067, -1, 0, 0),
(448, 1, 1, 501, 108, 1475226101, -1, 0, 0),
(449, 1, 1, 501, 109, 1475226107, -1, 0, 0),
(450, 1, 1, 501, 110, 1475226111, -1, 0, 0),
(451, 1, 1, 501, 111, 1475226130, -1, 0, 0),
(452, 1, 1, 501, 112, 1475226137, -1, 0, 0),
(453, 1, 1, 501, 113, 1475226197, -1, 0, 0),
(454, 1, 1, 501, 114, 1475226243, -1, 0, 0),
(455, 1, 1, 501, 115, 1475226310, -1, 0, 0),
(456, 1, 1, 501, 116, 1475226378, -1, 0, 0),
(457, 1, 1, 501, 117, 1475226675, -1, 0, 0),
(458, 1, 1, 501, 118, 1475226684, -1, 0, 0),
(459, 1, 1, 501, 119, 1475226709, -1, 0, 0),
(460, 1, 1, 501, 120, 1475226892, -1, 0, 0),
(461, 1, 1, 501, 121, 1475226997, -1, 0, 0),
(462, 1, 1, 501, 122, 1475227048, -1, 0, 0),
(463, 1, 1, 501, 123, 1475227107, -1, 0, 0),
(464, 1, 1, 501, 124, 1475227197, -1, 0, 0),
(465, 1, 1, 501, 125, 1475227307, -1, 0, 0),
(466, 1, 1, 501, 126, 1475227360, -1, 0, 0),
(467, 1, 1, 501, 127, 1475227418, -1, 0, 0);

-- --------------------------------------------------------

--
-- 表的结构 `xh_user_action_history_data`
--

CREATE TABLE IF NOT EXISTS `xh_user_action_history_data` (
  `history_id` int(11) unsigned NOT NULL,
  `associate_content` text,
  `associate_attached` text,
  `addon_data` text COMMENT '附加数据',
  PRIMARY KEY (`history_id`)
) ENGINE=InnoDB DEFAULT CHARSET=utf8;

--
-- 转存表中的数据 `xh_user_action_history_data`
--

INSERT INTO `xh_user_action_history_data` (`history_id`, `associate_content`, `associate_attached`, `addon_data`) VALUES
(1, '科目一，考试求过', '科目一，考试求过', ''),
(2, '学车有晒黑的吗', '学车有晒黑的吗', ''),
(3, '[attach]1[/attach]\r\n ', '', ''),
(4, '[attach]1[/attach]\r\n ', '', ''),
(9, '', '', ''),
(10, '科一考试规则', '科目一，又称驾驶员理论考试，是机动车驾驶证考核的第一部分。\n\n阶段目标\n了解机动车基本知识，掌握道路交通安全法律、法规及道路交通信号的规定。\n\n学时介绍\n总共12个学时。按照规定，必须签够12个学时（每天最多只可签4个学时），学时提交审核后，方可预约科目一考试。在具体实施中，各个地区略有差异。\n\n考试规则\n考试主要考核道路交通安全法律法规、交通信号、通行规则等最基本的知识。由考生通过计算机闭卷答题，时间为45分钟，试题100道题，题目由计算机考试系统从考试题库中随机抽取生成，题型为判断题和单选题，满分100分，90分合格。不合格可以当场补考一次，如仍旧不合格，只能再次预约考试时间（科目一没有补考次数限制）。 科目一考试合格后，车管所应当在三日内核发《驾驶技能准考证明》，有效期为三年，学员要在有效期内完成科目二和科目三考试。\n\n考试流程\n1、驾校统一安排学员领取科目一考试受理凭证，学员要认真核对受理凭证上的基本信息（如姓名、身份证号、照片、准驾车型）是否与本人相符，无误后按受理凭证上的考试时间和考试地点，到车管所考场参加考试。\n \n2、到车管所后，持本人有效身份证原件、考试受理凭证和学员候考证在科目一考试室外排队依次进入考场。\n\n3、进入考场时，先将身份证原件及受理凭证交给考官登录确认，按计算机安排的座位号入座。入座后输入本人考试受理凭证流水号，按“确定”显示本人资料无误后再按“进入”开始考试。 \n4、在考试过程中，做完上一道题再点击下一道题（考试过程中选择确认答案后就提示对错，考一题过一题不能重选答案，错1题扣1分）。跳题按“选题”输入所需到达的题号，按“确定”后跳到要到达的题目。结束考试按“交卷”并再次根据屏幕中央的提示，按“结束考试”，看见分数后按“返回”退出考试。 \n5、考试共计100道题，时间为45分钟，90分合格。成绩不合格，可以当场补考一次，学员需重新输入证件种类信息，核对姓名报考车型等无误后，开始补考。\n\n6、考试期间监控系统将全程录像并随机拍摄考试者照片，学员不能左顾右盼或用手遮挡面部，如考试期间需要帮助，需举手向考场工作人员咨询，不能随意离开座位，如违反上述要求，将取消学员该次的考试成绩。\n\n7、考试结束，学员到“出口”处凭“考试受理凭证”打印考试成绩表及《驾驶技能准考证明》，确认姓名、身份证号和现场的抓拍照片是自己后，在《机动车驾驶人考试成绩表》科目一考试“被考人签名”栏签名，填写“考试当天的时间”，离开考场后将《驾驶技能准考证明》和成绩表交给驾校领队，切勿遗失。\n\n8、参加考试一定要携带本人有效身份证原件和考试受理凭证，考试时自觉遵守考场纪律和维护考场秩序，严禁将考试书籍和个人随身携带的物品（包括手机、手提包）带入考场，禁止任何形式的作弊行为，保持肃静。否则，被车管所注销成绩或学籍，后果严重。', ''),
(16, '我也觉得科目一，好难啊。呜呜呜……', '', ''),
(17, '我也觉得科目一，好难啊。呜呜呜……', '', ''),
(18, '三题错了两题，求安慰', '刚刚考驾照，啊啊啊，做了三题错了2题，啊啊啊', ''),
(19, '', '', ''),
(20, 'APP有科目一考试练习啊，多练几次，就可以啦。加油，加油', '', ''),
(21, 'APP有科目一考试练习啊，多练几次，就可以啦。加油，加油', '', ''),
(22, '', '', ''),
(23, '明天就考试了，好紧张', '', ''),
(24, '明天就考试了，好紧张\n\n[attach]2[/attach]\n ', '', ''),
(25, '明天就考试了，好紧张\n\n[attach]2[/attach]\n ', '', ''),
(26, '', '', ''),
(27, '谢谢嘻哈，可以过了。耶耶耶！！！', '', ''),
(28, '谢谢嘻哈，科一过了。耶耶耶！！！', '谢谢嘻哈，可以过了。耶耶耶！！！', 'a:1:{s:13:"modify_reason";N;}'),
(29, '今天考的，刚刚过了，平时在嘻哈上多练习。肯定过的，我也喜欢张艺兴啊，加我啊，一起聊，嘻嘻嘻', '', ''),
(30, '今天考的，刚刚过了，平时在嘻哈上多练习。肯定过的，我也喜欢张艺兴啊，加我啊，一起聊，嘻嘻嘻', '', ''),
(31, '刚开始，多做点题过啦。好多常识，不要灰心啊。', '', ''),
(32, '刚开始，多做点题过啦。好多常识，不要灰心啊。', '', ''),
(33, '下个星期一要考可以了，有点鸡冻啊', '', ''),
(34, '羡慕啊', '', ''),
(35, '羡慕啊', '', ''),
(36, '科目一过啦，科目二ing', '', ''),
(37, '我在嘻哈上模式了几轮，每一次都是95分以上', '', ''),
(38, '练习几次就行啦', '', ''),
(39, '练习几次就行啦', '', ''),
(40, '晒得我妈都不认识我了。', '', ''),
(41, '晒得我妈都不认识我了。', '', ''),
(42, '厉害', '', ''),
(43, '厉害', '', ''),
(44, '新人 新人 ', '', ''),
(45, '', '', ''),
(46, '', '', ''),
(51, '', '', ''),
(52, '', '', ''),
(60, 'asdasd', '', ''),
(61, 'asdasd', '', ''),
(62, '', '', ''),
(63, '科目二考试的时候进库左右距离差别太大怎么办', '', ''),
(66, '用嘻哈电子教练学车，教练再也不用担心我的倒车入库了！', '', ''),
(67, '用嘻哈电子教练学车，教练再也不用担心我的倒车入库了！', '', ''),
(68, '进库时候，注意看车尾与左右两边的距离，现在好多电子教练据说可以实时提醒车子的距离与位置，嘻哈学车可能就是传说中这种吧！', '', ''),
(69, '进库时候，注意看车尾与左右两边的距离，现在好多电子教练据说可以实时提醒车子的距离与位置，嘻哈学车可能就是传说中这种吧！', '', ''),
(70, '请问可以通过什么方式报名嘻哈学车呢，天气凉爽了，有考驾照的打算了~', '', ''),
(71, '天气凉爽了，的确很适合学车了，可以用嘻哈学车APP报名学车，价格优惠力度很大啊', '', ''),
(72, '天气凉爽了，的确很适合学车了，可以用嘻哈学车APP报名学车，价格优惠力度很大啊', '', ''),
(73, '噢  好的 谢谢啦！', '', ''),
(74, '噢  好的 谢谢啦！', '', ''),
(75, '', '', ''),
(76, '用嘻哈学车app真的可以合理安排自己的时间吗', '', ''),
(77, '这个你可以放心 嘻哈学车APP的确可以做到帮您合理安排学车时间，提前约好教练', '', ''),
(78, '这个你可以放心 嘻哈学车APP的确可以做到帮您合理安排学车时间，提前约好教练', '', ''),
(79, '用这个怎么报名', '', ''),
(80, '科目一我都是看这个app上面的，过了', '', ''),
(81, '嘻哈学车app直接下载就可以用了吗？', '', ''),
(83, '嘻哈学车真的好用吗？没听说过啊，我刚考完科目一，现在学还来得及吗？', '', ''),
(85, '我也刚考完科目一，你可以去手机上下载APP看看', '', ''),
(86, '我也刚考完科目一，你可以去手机上下载APP看看', '', ''),
(87, '谁能告诉我怎么用这个学车啊？', '', ''),
(88, '之前在网上看过你们嘻哈学车电子教练 合肥有哪些驾校用了呢', '', ''),
(89, '', '', ''),
(90, '我听说八一在用，八一驾校好像挺大的吧，你可以打电话问问', '', ''),
(91, '我听说八一在用，八一驾校好像挺大的吧，你可以打电话问问', '', ''),
(92, '', '', ''),
(93, '嘻哈学车真的很不错 学车必须选择嘻哈学车', '', ''),
(94, '下载app，注册，然后预约教练', '', ''),
(95, '下载app，注册，然后预约教练', '', ''),
(96, '我们驾校就在用这个app，我现在是用app在看可以，很好用', '', ''),
(97, '考试考过啦，哈哈~', '', ''),
(98, '是的', '', ''),
(99, '是的', '', ''),
(100, '赶紧考科三，好想拿驾照', '', ''),
(101, '', '', ''),
(102, '是滴\n ', '', ''),
(103, '是滴\n ', '', ''),
(104, '用app约车，真的可以向什么时候去就什么时候去吗', '', ''),
(105, '是的吧  可以提前约车 蛮方便的', '', ''),
(106, '是的吧  可以提前约车 蛮方便的', '', ''),
(118, '怎样学习驾照理论知识，更加透彻的掌握的科目一考试内容呢？ ', '  首先，驾校考试科目一的题型很重要。新手学员可通过驾考宝典来强化练习，进行仿真考试，为后期做好知识上的铺垫。以下再向给位新手学员介绍驾校考试科目一的考试内容：\n\n第一部分，道路交通安全法律、法规和规章 第二部分，地方性法规 第三部分，交通信号 第四部分，安全行车、文明驾驶基础知识 第五部分，机动车驾驶操作相关基础知识          \n在进行交规理轮考试中，3步轻松到位。\n 1、读懂题目，填好答案，无论题目对错，对于答案详解都要进行了解。\n 2、嘻哈软件包含我的错题选集、易错题选集。新手学车进行理论考试复习时，结合第一步，对我的错题、易错题集中再次进行复习。\n 3、为了能让考生适应考试，嘻哈全真模拟考试让学车新手直接领略考场感受，更容易进入情境多做练习，多进行几次模拟考试，成绩稳定时上考场，更容易轻松拿满分。  \n        \n此外，多记住一些常用的口诀，既有利于考试，有利于日后驾车：\n1：二吊三撤五醉逃终身； \n2：转弯过桥上窄道泥路30km/h； \n3：左右观察左超车； \n4：交叉转弯窄路隧道桥梁坡道铁路口50米不内不停车；\n5：驾驶证到期90天，变更30天内换。\n6：转弯的机动车让直行的车辆先行，右方道路来车先行，右转弯车让左转弯车先行: \n7：驾驶证的有效期为6年，没有扣分记录的第二次换证的为10年。\n8：机动车没有违规行为，只有违法行为。\n9：交警手势大于交通信号灯。\n10：高速路同向有2条车道，右道的速度范围为60-100km/h，左道的速度范100-120km/h。如同方向有3条车道，右道的速度范围为60-90km/h，中间的90-110km/h，左道110-120km/h。\n11：有嫌疑的或未放置检验合格标志，未悬挂机动车号牌，未放置保险标志的，未携带机动车行驶证的都是可依法扣留车辆的。\n12：驾驶证遗失、损毁无法辨认时核发地车辆管理所申请补发。\n13：车速超过每小时100km/h，应当与同车道前车保持100米以上的距离，低于100的，不得少于50米。 \n14：续驾驶机动车超过4小时应停车休息，停车休息时间不少于20分钟。\n15：发生重大事故，致人重伤、死亡或者使公私财产遭受重大损失的，处三年以下有期徒刑或者拘役；交通运输肇事后逃逸或者有其他特别恶劣情节的，处三年以上七年以下有期徒刑；因逃逸致人死亡的，处七年以上有期徒刑。 \n16：小型汽车（C1）准驾车型：小型、微型载客汽车以及轻型、微型载货汽车；轻型、微型专项作业车，小型、微型自动挡载客汽车以及轻型、微型自动挡载货汽车，低速载货汽车，三轮汽车。 \n17：交通信号包括交通信号灯、交通标志、交通标线和交通警察的指挥。 \n18：在狭窄的坡路，上坡的一方先行；但下坡的一方已行至中途而上坡的一方未上坡时，下坡的一方先行。\n19：用伪造、变造机动车号牌、行驶证、驾驶证或者使用其他机动车号牌、行驶证的，一次扣12分。\n20：在行驶中被查获有吸毒注射毒品，在戒毒还没有成功的，注销驾驶证。\n21：被查三年内又重新吸毒，注射毒品者或戒毒未满三年，又吸毒成瘾者，不得申请驾驶证。\n22：未随车携带机动车行驶证的，交通警察可依法扣留机动车。\n23：只有在没有路灯或者没有照明的情况下才能用远光灯。\n24：200米能见度，最高速60，车距100；100米能见度，最高车速40，车距50，能见度50米，车速20，尽快离开高速路。\n25：无证驾驶就是你全责，属于犯法行为。\n26：不能超车的有对面来回车的，在执行紧急任务的警车、消防车、救护车、工程救险车的，道口、交叉路口、窄桥、弯道、陡坡、隧道、人行横道、市区交通流量大的路段。\n27：机动车驾驶人因服兵役、出国（境）等原因，无法在规定时间内办理驾驶证期满换证，延期期限最长不超过三年。\n28：超过60岁就需要每年提交一次身体检查证明。 \n29：扣6分情况有，闯红灯，不避让校车，占用应急车道，驾驶证被扣后继续驾驶的。 \n30：红圈白底黑字为最高速度，蓝底白字为最低速度。\n31：无论在哪里居住都可以向当地的车管所申请换证。 \n32：没有道路中心线的道路，城市道路为30km/h，公路为40km/h；有中心线且同方向只有1条机动车道的道路，城市道路为50km/h，公路为70km/h。\n33：违反交规，不仅要罚钱，还要扣分。\n34：在高速公路上发生故障时，警告标志应当设置在故障车来车方向150米以外，车上人员应当迅速转移到右侧路肩上或者应急车道内，并且迅速报警。\n35：小型自动挡汽车（C2）准驾车型：小型、微型自动挡载客汽车以及轻型、微型自动挡载货汽车。 \n36：在夜晚路过没有路灯和信号灯的路口，应该交替使用远近光灯，提示周围的车辆，以免发生事故。 \n37：对驾驶拼装的机动车上道路行驶的驾驶人，处200元以上2000元以下罚款，并吊销驾驶证。\n38：申请小型汽车、小型自动挡汽车、残疾人专用小型自动挡载客汽车、轻便摩托车准驾车型的，在18周岁以上，70周岁以下。 \n39：能见度低，要开启前照灯、示廓灯和后位灯防止出现事故。\n40：看清交警手势，手臂平直，接着他手臂轻轻压低或摆动，这是变道。手臂降低到腰部摆动，那是转弯。\n41：驾驶准考证明有效期为3年。\n42：凡是车辆进入双向行驶隧道,一般都应该开启近光灯,而不要开启远光灯。若是隧道本身没有灯光的,可以变换灯光行驶,但是会车前要转为近光灯。 \n43：转向灯操作，上右下左，跟时针一样，顺时针为右转，既往上打，逆时针为左转，既往下打。\n44：从匝道进入高速公路加速车道，在加速车道里迅速将车速提高到每小时60公里以上。 \n45：ABS技术的出现，就是大大地降低了侧滑，和原地掉头的现象，保证了行驶的安全。如果，你在使用带ABS的车辆，在刹车时的动作，类似不带ABS的车这样轻轻的踩下去，很可能会不能触发ABS系统，也就起不到ABS的作用了，所以，一般就是要求，刹车动作要果断，一脚就踩到底，保证ABS的正确执行。\n46：驾驶人在道路上驾驶机动车追逐竞驶，情节恶劣的处3年以下有期徒刑。 47：准驾车型驾驶证的驾驶人，发生交通事故造成人员死亡承担同等以上责任未被吊销机动车驾驶证的，应当在本记分周期结束后三十日内到公安机关交通管理部门接受审验。', ''),
(119, '科目二考試流程', '科目二，又称小路考，是机动车驾驶证考核的一部分，是场地驾驶技能考试科目的简称，考试项目包括倒车入库、侧方停车、坡道定点停车和起步、直角转弯、曲线行驶（俗称S弯）五项必考\n\n考试内容包括：\n（一）大型客车、牵引车、城市公交车、中型客车、大型货车考试桩考、坡道定点停车和起步、侧方停车、通过单边桥、曲线行驶、直角转弯、通过限宽门、通过连续障碍、起伏路行驶、窄路掉头，以及模拟高速公路、连续急弯山区路、隧道、雨（雾）天、湿滑路、紧急情况处置；\n（二）小型汽车、小型自动挡汽车、残疾人专用小型自动挡载客汽车和低速载货汽车考试倒车入库、坡道定点停车和起步、侧方停车、曲线行驶、直角转弯；\n（三）三轮汽车、普通三轮摩托车、普通二轮摩托车和轻便摩托车考试桩考、坡道定点停车和起步、通过单边桥；\n（四）轮式自行机械车、无轨电车、有轨电车的考试内容由省级公安机关交通管理部门确定。\n对第一款第一项、第二项规定的准驾车型，省级公安机关交通管理部门可以根据实际增加考试内容。\n\n考试评判\n 科目二考试合格标准\n满分为100分，设定不合格、减20分、减10分、减5分的项目评判标准。符合下列规定的，考试合格：\n1. 报考大型客车、牵引车、城市公交车、中型客车、大型货车准驾车型，成绩达到90分的；\n2. 报考其他准驾车型成绩达到80分的。\n科目二考试成绩确认\n科目二考试一次，考试不合格的，可以补考一次。不参加补考或者补考仍不合格的，本次考试终止，申请人应当在十日后重新预约考试。在驾驶技能准考证明有效期内，科目二和科目三道路驾驶技能考试预约考试的次数不得超过五次。第五次预约考试仍不合格的，已考试合格的其他科目成绩作废。', ''),
(120, 'S路技巧', 'S路也就是我们经常说的曲线行驶，它要求车辆在规定宽度的S型路面上行驶，不得挤压路边缘线。考核标准有两点，一是车辆驶出边缘线，不合格;二是车轮轧路边缘线，每次扣20分。那么过s路有什么方法呢?\n\n方法一：当听到提示音&quot;过S弯道&quot;指令时，就挂一档，慢抬离合器，使之处于半连动状态，保持车速缓慢匀速向弯道行驶。\n\n车进入弯道以后，当车头中间对准路外沿线时，开始向左打一圈半左右方向，然后稍做小幅调整。当车头处于路中时，回正方向。等车头中间再次对准路外沿线时，开始向右打一圈半左右方向，然后稍作小调整。当车正时回正方向，一路开出去就可以了。\n\n方法二：当车头左座角对准右侧路灯弧线时，方向盘向左打一圈半，前进。在小路考S弯道考试技巧中提到，当车头左座角对准左侧路灯弧线时，方向盘向右打一圈半回正。当车头右座角对准左侧路灯弧线时，方向盘向右打一圈半。当车头左径线对准地上白圈时，方向盘向左打一圈半回正，前进。最后，当车头对准地上白色横线时，方向盘向左打一圈半，向左开出弯道，完成考试。\n\n方法三：看左右反光镜对左右线，始终使车辆保持正中行驶，看对角线，右转就用车左角对右线，左转就用车右角对左线行驶，车角跟线走。\n\n总结：s弯慢字当头，始终让离合出于半连动状态，另外千万不要压到路牙线，进入弯道后尽量走大圈，以免车头出线，考试不合格。祝您顺利通过考试。', ''),
(121, '', '', ''),
(122, '有科目二没有考过的吗，出来举个手', '', ''),
(123, '', '', ''),
(126, '', '', ''),
(127, '', '', ''),
(128, '科目一', '', ''),
(129, '', '', ''),
(130, '有过的吗', '', ''),
(131, '', '', ''),
(132, '科目二', '', ''),
(133, '', '', ''),
(134, '好得很！！！！', '', ''),
(135, '', '', ''),
(136, '科目三好难啊', '科目三，教练好可怕，怎么办？？？我是女孩子求带', ''),
(137, '', '', ''),
(138, '', '', ''),
(139, 's路技巧', '', ''),
(140, '', '', ''),
(141, '怎么用这个app', '', ''),
(142, '科目三考试合格标准是什么', '', ''),
(143, '科目三都有哪些啊', '', ''),
(144, '科三注意哪些不容易挂', '', ''),
(145, '科三过了，多注意细节', '', ''),
(146, '谁能告诉我倒库有什么技巧啊', '', ''),
(147, '啊啊啊 哈哈哈', '', ''),
(148, '', '', ''),
(149, '创建或搜索添加新话题...', '', ''),
(150, '', '', ''),
(151, '创建或搜索添加新话题...', '', ''),
(152, '创建或搜索添加新话题...', '', ''),
(153, '起步经常熄火，是什么原因啊！', '问题背景、条件等详细信息...', ''),
(154, '侧方位停车技巧', '以桑塔纳车型为例\n打右转向灯开始上线\n这个很简单嘛\n首先通过离合控制车速\n方向盘中心对准路中间的箭头即可\n看引擎盖到达白色停止线后停车\n\n[attach]4[/attach]\n ', ''),
(155, '科目二倒车入库考试细节要点', '[b]倒库前要调整好初始位置[/b]\n  倒库前，要将车牵引到合适位置，要观察车身与边线的距离，以及车身是否调正。\n　 如果初始位置不正确，对后续倒库有所影响。当车子在初始位置先右倒库，如果车身太靠右，容易导致右侧车轮不入库，车身太靠左，则倒库过程中车头容易碰到左边线。合适的初始位置可以大大提高倒库的成功率。\n[b]保持车身与库角大概30cm[/b]\n  距离当右后车轮绕过库角进了库，如果右后车轮与边线的距离大于30CM，那么车身左后角就会碰到考场的红外线了。\n  如果将库的三条边线想象成是墙壁，那么左侧车尾已经撞到墙壁了。所以，倒车时通过观察右后视镜，需要把握车身与库角大概30cm距离。\n[b]放慢车速，调整车身[/b]\n  车身一半已经入库，方向盘已经回正，车身歪斜要及时调整。\n  这时车头还在外面，如果不调整方向盘，继续倒车的话，一侧的车尾很容易出边线。那么到底是方向盘往左打还是往右打呢?这时要通过后视镜观察，车尾与边线的距离，向距离大的方向打方向盘。所以车速要慢，方便调整到车身与边线平行。\n[b]踩刹要谨慎车[/b]\n  身摆正后，踩刹车时注意车子的前后位置，确保车身完全在库内。踩刹过早，车头可能还在外面;过晚，车尾就会出线。所以平时训练时要找好参考点，一般是用左前后视镜下边缘与地面水平黄线的位置做参考，具体在哪个位置因人而异，要自己去观察。\n[b]出库时调正车身[/b]\n  车子入库停车后，车身如果轻度歪斜，只要没有触碰感应线，入库可以判合格。但在出库的时候，如果没有调正车身，直接出库，这时前车轮容易压线。而且在驾驶室也看不到前车轮，还没反应过来就挂了。所以，车子出库时，一定要摆正车身。 ', ''),
(156, '坡道定点和起步', '相信坡道定点停车与起步是大多数学员的心病。对于很多人来说，这一项是最难的，如何准停与起步不熄火是很大的问题。今天，嘻哈学车就与大家一起来学习一下。\n[attach]13[/attach]\n坡道定点停车与起步主要考验学员在坡道上平稳停车和起步的能力，毕竟日常开车过程中上坡也是很寻常的事情。这就要求学员能够做到转向正确、换挡迅速，并且在方向、制动、离合器方面有良好的配合。\n[b]一、坡道定点停车[/b]\n1、上坡前，要在坡下前后调整车身，直到车身右侧与考场右边线平行，并且使车头右1/3的地方压右边线，最大程度不能超过车头1/2（很多考场在地面上也有参考线，这时候只要将右车筋位置对准该线就行了）。这时候，车子与右边线距离不超过30公分。对准线是正确停车的第一步，没调整好就不要贸然上坡，因为坡道长度有限，上坡过程中调整车子难度太大。\n[attach]14[/attach]\n将车向场地右侧靠，让车头的1/3进入道路右边实线\n2、上坡时，挂一档，不踩油门，车子要慢，左右脚准备好，当看到左后视镜下沿与地面停车线重合时（有的考场地面有参考线，左门把手中央压参考线的时候），立即踩离合踩刹车，记住要刹死，保证车子不能后溜。\n[attach]15[/attach]\n车左镜与地面停车线重合时立刻停车\n定点停车口诀：\n一档上坡靠右行，眼看左镜右下角，\n只要看到桩杆线，踏下离合踩刹车，\n此刻前杠对线上，定点停车就做好。\n[b]二、坡道起步[/b]\n1、起步前，打左转向灯，左脚慢慢抬离合（一定要慢要匀速），当听到发动机发出嗡嗡的响声、车身抖动、车头有涌动感觉的时候，左脚稳住不懂，右脚慢慢松开刹车，当车子向上走动3秒钟的时候，可以完全松开离合。\n2、如果还是感觉不到的话，可以通过发动机转速的变化来判断。在抬离合的过程中，如果转速明显下降，就说明离合器抬到半联动状态了，这时候就可以坡起了。因此，考试的时候可以盯着转速表，当看见指针向下抖动，就可以稳住左脚，右脚松开刹车。\n停车时的怠速，大概是每分钟800转。\n[attach]16[/attach]\n普桑停车时发动机转速\n当离合抬到半联动状态的时候，转速会下降到700转每分钟，这时候就可以稳住离合松开脚刹了。\n[attach]17[/attach]\n普桑开始半联动时发动机转速\n如果到700转的时候，还感觉不行，就接着抬离合，等转速降到600转每分钟的时候，可以明显看到指针降了两格，要立即稳住离合，及时松开右脚，不然再过头就熄火了。\n[attach]18[/attach]\n普桑半联动时发动机最低转速\n3、当车到达坡顶的时候，还要下坡才能完成整个考试，这时候要控制好车速，带点儿刹车，慢慢到达坡底。\n坡道起步口诀：\n起步之前打左灯，慢抬离合听抖动，\n左脚稳住半联动，右脚及时甩刹车，\n以上动作全做好，坡道起步难不倒。\n以上就是坡道定点停车与起步的通关流程，不过车辆不同、每个人的身高等条件也不同，要根据自己的实际情况调整看点的标准。希望大家都能顺利通过考试！', ''),
(157, '直角转弯考试技巧', '直角转弯是科目二考核点之一，主要考核机动车驾驶人在急变路段驾驶车辆时，正确操纵转向、准确判断车辆内、外轮差的能力。\n与科目二其他考试项目相比，直角转弯是比较简单的。但想要顺利通过考试也是需要一定技巧的。\n 1、挂一档，低速进入考试区域。用发动机盖最左侧的点对齐左侧黄线的最右边，此时，车身与左侧边缘线刚好距离30公分。\n[attach]19[/attach]\n[attach]20[/attach]\n2、注意观察右侧，当右侧黄线到达我们肩膀的位置时，迅速向右打死方向。\n[attach]21[/attach]\n3、同时注意观察右侧后视镜，观察右后车轮不要轧到黄线。\n[attach]22[/attach]\n4、车身正，迅速回正方向。驶出考试区域，考试系统语音提示：考试结束，成绩合格。', ''),
(158, '科三考规', '[b]一、科目三考试合格标准[/b]\n科目三道路驾驶技能和安全文明驾驶常识考试满分分别是100分，成绩分别达到90分的为合格。\n[b]二、科目三道路驾驶技能考试里程[/b]\n①大型客车、中型客车考试里程不少于20km，其中白天考试里程不少于lOkm，夜间考试里程不少于5km\n②牵引车、城市公交车、大型货车考试里程不少lOkm，其中白天考试里程不少于5km，夜间考试里程不少于3km,\n③小型汽车、小型自动挡汽车、低速载货汽车、残疾人专用小型自动挡载客汽车考试里程不少于Am，并抽取不少于20%进行夜间考试;不进行夜间考试的，应当进行模拟夜间灯光使用考试。\n[b]三、科目三安全文明驾驶常识考试内容[/b]\n①违法行为综合判断与案例分析。\n②安全行车常识。\n③常见交通标志、标线和交警手势辨识。\n④驾驶职业道德和文明驾驶常识。\n⑤恶劣气象和复杂道路条件下的安全驾驶知识。\n⑥紧急情况下避险常识。\n⑦交通事故救护及常见危险品处置知识。\n⑧地方试题。', ''),
(159, '科目三考试小技巧', '科目三有16项考核内容，要想完全熟练掌握这些考试内容，一次顺利通过考试就要求学员在平时训练时要认真细心。结合一些没通过考试学员的失败原因，分析总结了科目三比较重要的几个考点，希望引起学员的重视，在考试时不要因为这些问题失分。\n1、刹车后车子后溜超过30cm原因：考试路上有多条斑马线，学员开车经过时，按规定必须减速停车让行。但是因为斑马线处有斜坡，很多学员经过时因刹车而后溜。而车子后溜30厘米，会直接被判不及格。学车易支招：先踩刹车，慢抬离合器，感觉有点小抖动时，再放刹车，车子就过了。\n2、起步时车辆发生“蹿动”原因：半联动没处理好学车易支招：学员在平时训练时，应加强对离合器、油门配合使用的练习，多找“半联动”的感觉。\n3、长时间使用“半联动”，车子震动会扣分原因：在“变更车道”这个考试项目中，不少学员被扣10分，主要还是“半联动”的问题。很多学员在变更车道的过程中，长时间地使用“半联动”，致使车子发生震动，被扣分。学车易支招：全抬离合器，不用加油门，挂1挡，用胎速走，直到下个“直线行驶”考试项目时，再挂2挡，轻加油门，注意转数要小于2000转，否则也会被扣分。\n4、灯光模拟考试时，“换灯”变成“关灯”原因：现在科目三考试，都是语音播报相关考核内容，远光灯换近光灯时，会用“变灯”的方式来提醒，但是很多学员因为太用力，将灯直接关掉了，导致不及格。\n嘻哈学车告诉你：平时训练时，多进行换灯、关灯的动作，找一找两者在操作时手感有何不同，考试时就不会那么容易出错了。现在夜考已经取消，所有学员都要进行夜间模拟考试，所以学员一定要听清语音操作提示，不要太紧张！科目三考试考核内容较多，但都是学员日后在实际驾车时会遇到的一些常见情况，所以训练时一定要仔细认真，多注意多观察多训练，一定要细心再细心。', ''),
(160, '美女说的对哦，', '', ''),
(161, '美女说的对哦，', '', ''),
(162, '写的真详细 棒棒哒', '', ''),
(163, '厉害', '', ''),
(164, '厉害', '', ''),
(165, '我就经常熄火啊 心累~', '', ''),
(166, '细节决定成败，我还是觉得把每个点记清楚了 多练习几次 总会过得', '', ''),
(167, '细节决定成败，我还是觉得把每个点记清楚了 多练习几次 总会过得', '', ''),
(168, '自学直考，你想知道的都在这里。', '[b]第一招：我怎么报名自学直考？[/b]\n第一步：考试预约服务平台 互联网、电话、窗口……\n第二步：自主选择考试时间和考试场地\n第三步：支付考试费 可分科目或一次性全部缴纳考试费（网上支付、银行代收）\n第四步：公安机关 按照报考或约考时间先后顺序，公平合理安排考生考试\n\n[b]第二招：我如何拿到驾照？[/b]\n科目一笔试：交通法规及相关知识\n合格：90分\n\n科目二实车：场地驾驶（倒车入库、侧方位停车、S弯、直角转弯、坡道定点停车与起步）\n合格：80分\n\n科目三实车：道路驾驶（公路或模拟场地）\n合格：90分（将抽取20%参加夜间考试）\n\n科目四笔试：安全文明驾驶相关知识\n合格：90分 \n \n自学人员上路学习驾驶前必须通过科目一考试，并且要到公安机关免费领取学车专用标识和学习驾驶证明。\n\n公安部将逐步推行科目二和科目三考试，一次性预约、连续考试。\n\n调整小型汽车夜间考试方式，可在日间采用模拟夜间灯光考试形式进行。\n\n[b]第三招：我可以跟谁学？[/b]\n家人朋友都可以，需具备以下条件：\n\n必须：具备安全驾驶经历等条件（具体由交管部门规定）\n加分项：拥有教练员证、驾驶技术有保障、安全驾驶年限长\n禁止：有交通违法记分满分记录、发生过交通死亡责任事故、吸毒记录\n\n[b]第四招：我要选什么样的车？ [/b]\n 保：按规定投保\n 检：经过机动车安检\n装：小型汽车、车辆需要安装辅助装置（副制动、辅助后视镜）\n置：放置统一式样的学车专用知识\n禁止：不得从事经营性的驾驶学习活动\n提示：可将私家车改装成教练车或购买专业教练车\n\n[b]第五招：我可以去哪里练车？[/b]\n在各地交通管理部门划分的区域和时间内进行学习\n避：交通高峰、危险时间、高速公路、快速路、危险路段如山区\n\nQ:上路练习算无照驾驶吗？\nA：只要驾驶合规教练车，在公安部门划定的自学道路，且在有教练资格人的陪同下开车，就不会被认定为“无证驾驶”。\n\n[b]第六招：练车时发生了交通事故怎么办？[/b]\n《关于推进机动车驾驶人培训考试制度改革意见的通知》\n自学人员在学习驾驶中有道路交通安全违法行为或者造成交通事故的，由随车指导人员依法承担责任。\n\n余凌云 清华大学法学院公法研究中心主任 \n一旦答应教别人开车，就形成了口头约定。口头约定也是合同约定，因此最好在承诺前，就学车可能出现的风险问题明确细化，避免纠纷。\n\n公安部、交通运输部、保监会：\n将制定实施用于自学驾驶的车辆条件、随车指导人员条件以及训练路线时间规定、交通违法处理、事故责任认定、保险理赔等管理制度。', ''),
(169, '自主预约考试报名流程', '1、登陆报名网站公安部交通安全综合服务管理平台，http://ah.122.gov.cn/\n2、选择您所在的城市\n[attach]23[/attach]\n3、点击右上角用户注册，如实填写个人相关信息\n[attach]24[/attach]\n4、点击考试预约，确认学员信息，并选择考场和考试时间\n[attach]25[/attach]', ''),
(170, '', '', ''),
(171, '', '', ''),
(172, '细节是啥啊', '', ''),
(173, '细节是啥啊', '', ''),
(174, '。。。。你在APP里直接看啊，科目二，里面有很多倒车入库的技巧啊', '', ''),
(175, '。。。。你在APP里直接看啊，科目二，里面有很多倒车入库的技巧啊', '', ''),
(176, '汗死，你们下载APP咋不看呢，里面有起步熄火的原因呢。我复制的，你看一下有没有帮助啊\n经验分享：\n\n1、离合到半联动点以后就踩住不要动了，也不需要抖动太厉害，然后慢松刹车。\n\n2、要会应变，对于怠速低的车辆。半坡起步时还是要加油。记原能起步开着一半又熄火就是动力不够就要加油。\n\n3、慢慢的抬离合起步 这样如果考试车离合低 一般起不来\n\n4、半联动起步 就是离合踩到一半 车有劲往前走的时候 到坡上了 离合不动 直接踩刹车停车 如果车不熄火 就表示成功了 如果熄火 表示离合还需要压一点点 再次起步的时候 慢慢放刹车 然后离合不动 如果处于相对静止 再放1点离合就可以了\n【坡道起步】\n\n1. 打左转向灯，一定要打，不然听说要扣10分的，完美的话，按下喇叭，准备起步。\n\n2. 首先拉起手刹，准备起放下(这样保证能很快放下手刹，有些同学离合油门都控制好了就是半天都放不下手刹，导致熄火)。\n\n3. 然后慢抬离合器，抬到车身抖，抖得太厉害了就往下踩点点，不然就要熄火的。然后右脚轻踩油门，眼睛看到发动机转速表，一般我们发动机不走时，正常转速表在800-1000转，这时我们油门加到它到1500-2000转，一直踩油门到车身不抖为止，如果车上人多，4人或者5人，我建议油门踩到2000转以上。\n\n4. 此刻稳住离合和油门，瞬间放下右手的手刹，车就绝对起步前进了;\n\n5. 如果车不前进有后溜趋势，你就轻抬下离合器，同时加点油。如果抬离合时车抖得厉害，你就多给点油，100%起步成功!\n\n有的教练车怠速调得高有的调得低，部分调得高的教练车可以不用给油都可以坡道起步，但这样我认为不是很保险，人多加上坡陡很可能熄火溜车，加上考试的车不是教练的车，很多都很垃圾。必须要有个向上足够的动力，坡道起步就肯定不是问题了。\n\n【坡道定点停车】\n\n1. 要到定点停车线前10米就要减慢速度，用离合器来控制车速度，保持考倒桩那个速度前进上去，同时打右转向灯，不打灯听说要扣10分;\n\n2. 采用3把方向(先向右打90度，要靠边了回正，再像左打45度，再回正)尽量将车靠到边上直线前进，这样保证右边不会超过30cm。\n\n3. 当要到停止线时，就对离合器多踩点就走得更慢了，如果力不够就抬点，此时右脚一定要放在刹车上，眼睛瞄准停止线，一到达停止线(看左侧后视镜下边看到)， 就踩住刹车离合停下。然后使劲拉下手刹(看车上人多少，人多就拉高点)，驳回方向灯，慢慢地松脚刹，如果发现有点往后溜车就立即踩住刹车，重新拉使劲拉手 刹。这样保证停车非常标准，也不会错位。\n\n此方法是学院多次考试的经验总结，利用这种方法，离合一定要控制好，油门一定要跟，这样往上走的动力就肯定有，就不容易熄火和 溜车了。希望对大家面对恐怖的坡道起步有一定帮助!\n ', '', ''),
(177, '汗死，你们下载APP咋不看呢，里面有起步熄火的原因呢。我复制的，你看一下有没有帮助啊\n经验分享：\n\n1、离合到半联动点以后就踩住不要动了，也不需要抖动太厉害，然后慢松刹车。\n\n2、要会应变，对于怠速低的车辆。半坡起步时还是要加油。记原能起步开着一半又熄火就是动力不够就要加油。\n\n3、慢慢的抬离合起步 这样如果考试车离合低 一般起不来\n\n4、半联动起步 就是离合踩到一半 车有劲往前走的时候 到坡上了 离合不动 直接踩刹车停车 如果车不熄火 就表示成功了 如果熄火 表示离合还需要压一点点 再次起步的时候 慢慢放刹车 然后离合不动 如果处于相对静止 再放1点离合就可以了\n【坡道起步】\n\n1. 打左转向灯，一定要打，不然听说要扣10分的，完美的话，按下喇叭，准备起步。\n\n2. 首先拉起手刹，准备起放下(这样保证能很快放下手刹，有些同学离合油门都控制好了就是半天都放不下手刹，导致熄火)。\n\n3. 然后慢抬离合器，抬到车身抖，抖得太厉害了就往下踩点点，不然就要熄火的。然后右脚轻踩油门，眼睛看到发动机转速表，一般我们发动机不走时，正常转速表在800-1000转，这时我们油门加到它到1500-2000转，一直踩油门到车身不抖为止，如果车上人多，4人或者5人，我建议油门踩到2000转以上。\n\n4. 此刻稳住离合和油门，瞬间放下右手的手刹，车就绝对起步前进了;\n\n5. 如果车不前进有后溜趋势，你就轻抬下离合器，同时加点油。如果抬离合时车抖得厉害，你就多给点油，100%起步成功!\n\n有的教练车怠速调得高有的调得低，部分调得高的教练车可以不用给油都可以坡道起步，但这样我认为不是很保险，人多加上坡陡很可能熄火溜车，加上考试的车不是教练的车，很多都很垃圾。必须要有个向上足够的动力，坡道起步就肯定不是问题了。\n\n【坡道定点停车】\n\n1. 要到定点停车线前10米就要减慢速度，用离合器来控制车速度，保持考倒桩那个速度前进上去，同时打右转向灯，不打灯听说要扣10分;\n\n2. 采用3把方向(先向右打90度，要靠边了回正，再像左打45度，再回正)尽量将车靠到边上直线前进，这样保证右边不会超过30cm。\n\n3. 当要到停止线时，就对离合器多踩点就走得更慢了，如果力不够就抬点，此时右脚一定要放在刹车上，眼睛瞄准停止线，一到达停止线(看左侧后视镜下边看到)， 就踩住刹车离合停下。然后使劲拉下手刹(看车上人多少，人多就拉高点)，驳回方向灯，慢慢地松脚刹，如果发现有点往后溜车就立即踩住刹车，重新拉使劲拉手 刹。这样保证停车非常标准，也不会错位。\n\n此方法是学院多次考试的经验总结，利用这种方法，离合一定要控制好，油门一定要跟，这样往上走的动力就肯定有，就不容易熄火和 溜车了。希望对大家面对恐怖的坡道起步有一定帮助!\n ', '', ''),
(178, '你看一下首页的常见问题就都明白了', '', ''),
(179, '你看一下首页的常见问题就都明白了', '', ''),
(180, '头像可真辣眼啊', '', ''),
(181, '头像可真辣眼啊', '', ''),
(183, '', '', ''),
(184, '', '', ''),
(185, '', '', ''),
(186, '赞赞赞', '', ''),
(187, '赞赞赞', '', ''),
(188, '', '', ''),
(189, '', '', ''),
(190, '恭喜啊恭喜啊', '', ''),
(191, '恭喜啊恭喜啊', '', ''),
(192, '', '', ''),
(193, '', '', ''),
(194, '美美君给力啊，不会是嘻哈的托吧，懂得那么多。', '', ''),
(195, '美美君给力啊，不会是嘻哈的托吧，懂得那么多。', '', ''),
(196, '', '', ''),
(197, '', '', ''),
(198, '妹子，你多晒几张照片，我就告诉你科目二咋过的。哈哈哈', '', ''),
(199, '妹子，你多晒几张照片，我就告诉你科目二咋过的。哈哈哈', '', ''),
(200, '', '', ''),
(201, '', '', ''),
(202, '', '', ''),
(203, '', '', ''),
(204, '', '', ''),
(205, '', '', ''),
(206, '', '', ''),
(207, '', '', ''),
(208, '', '', ''),
(209, '', '', ''),
(210, '', '', ''),
(211, '', '', ''),
(212, '', '', ''),
(213, '', '', ''),
(214, '', '', ''),
(215, '', '', ''),
(216, '', '', ''),
(217, '', '', ''),
(221, '', '', ''),
(222, '', '', ''),
(224, '', '', ''),
(225, '', '', ''),
(226, '', '', ''),
(227, '', '', ''),
(228, '', '', ''),
(229, '', '', ''),
(230, '美美君，厉害哦', '', ''),
(231, '美美君，厉害哦', '', ''),
(232, '哇塞，亲，给力哦，都可以照着模板来了呢', '', ''),
(233, '哇塞，亲，给力哦，都可以照着模板来了呢', '', ''),
(234, '挂挡容易挂不上是怎么个情况 啊？', '', ''),
(235, '', '', ''),
(236, '', '', ''),
(237, '', '', ''),
(238, '', '', ''),
(239, '倒库好难，有什么技巧吗', '', ''),
(240, '怎么用app报名', '', ''),
(241, '自动挡档位在等红灯或者短暂停车的时候，该挂D挡还是N挡', '', ''),
(242, '先下载嘻哈学车app，里面有驾校超市，选择自己认为好的驾校就可以报名了', '', ''),
(243, '先下载嘻哈学车app，里面有驾校超市，选择自己认为好的驾校就可以报名了', '', ''),
(244, '现在报名都什么价格', '', ''),
(245, '听说以后考试越来越难是吗', '', ''),
(246, '是的听说还要增加虹膜用于考驾照', '', ''),
(247, '是的听说还要增加虹膜用于考驾照', '', ''),
(248, '终于拿上驾照了，没拿驾照的赶紧考，我感觉越来越难', '', ''),
(249, '你可以到嘻哈学车app上看到每个驾校的价格和星级', '', ''),
(250, '你可以到嘻哈学车app上看到每个驾校的价格和星级', '', ''),
(251, '用app怎么学车啊', '', ''),
(252, '用这个app真的可以不被教练骂吗', '', ''),
(253, '用app约车，可以给教练差评和好评', '', ''),
(254, '用app约车，可以给教练差评和好评', '', ''),
(255, '每当到驾校，感觉智商为零', '', ''),
(256, '是的', '', ''),
(257, '是的', '', ''),
(258, 'app里有约车功能，你前提要注册号，就可以直接约车了', '', ''),
(259, 'app里有约车功能，你前提要注册号，就可以直接约车了', '', ''),
(260, '考完试一身轻松，终于解放了', '', ''),
(261, 'P挡，是停车挡，也叫驻车挡。当需要长时间停车的时候，把车子停稳以后，就要挂入P挡。\n\nR挡，是倒车挡，顾名思义就是倒车的时候用的，要注意的一点是，同样要等车子停稳了，才能挂入R挡。\n\nN挡，是空挡，用来切断发动机和变速箱之间的动力，要注意的一点是绝对禁止空挡滑行。\n\nD挡，叫前进挡，这时候变速箱会根据情况在各个挡位之间自动切换，大家只要控制好油门踏板就行了。\n\n3挡，限位挡，用来限制变速箱的换挡范围，这时候不管车速和油门怎么变化，变速箱只会在1~3挡之间进行切换。\n\n2挡和1挡也是类似的，2挡是把挡位限制在1和2挡之间，而挂入1挡的话，变速箱就会一直处于最低挡。\n\nS，表示运动模式，在这种模式下面，变速箱还是会根据情况自动切换挡位，但是换挡时机会稍微延迟，让发动机在高转速上保持较长的时间，以使车子获得更大的动力，当然，相应的油耗就会增加。\n\nL挡，跟1挡一样，就是最低挡，保证车子获得最大的扭矩却不升挡，特别适合严重交通堵塞和上下坡度特别大的斜坡的情况。\n\nM挡，表示手动模式，挂入这个挡位，意味着你可以像开手动挡车一样直接来控制变速箱进行升降挡，旁边的“+”和“-”就分别代表升挡和降挡。', '', ''),
(262, 'P挡，是停车挡，也叫驻车挡。当需要长时间停车的时候，把车子停稳以后，就要挂入P挡。\n\nR挡，是倒车挡，顾名思义就是倒车的时候用的，要注意的一点是，同样要等车子停稳了，才能挂入R挡。\n\nN挡，是空挡，用来切断发动机和变速箱之间的动力，要注意的一点是绝对禁止空挡滑行。\n\nD挡，叫前进挡，这时候变速箱会根据情况在各个挡位之间自动切换，大家只要控制好油门踏板就行了。\n\n3挡，限位挡，用来限制变速箱的换挡范围，这时候不管车速和油门怎么变化，变速箱只会在1~3挡之间进行切换。\n\n2挡和1挡也是类似的，2挡是把挡位限制在1和2挡之间，而挂入1挡的话，变速箱就会一直处于最低挡。\n\nS，表示运动模式，在这种模式下面，变速箱还是会根据情况自动切换挡位，但是换挡时机会稍微延迟，让发动机在高转速上保持较长的时间，以使车子获得更大的动力，当然，相应的油耗就会增加。\n\nL挡，跟1挡一样，就是最低挡，保证车子获得最大的扭矩却不升挡，特别适合严重交通堵塞和上下坡度特别大的斜坡的情况。\n\nM挡，表示手动模式，挂入这个挡位，意味着你可以像开手动挡车一样直接来控制变速箱进行升降挡，旁边的“+”和“-”就分别代表升挡和降挡。', '', ''),
(263, '不错哦 很详细哎', '', ''),
(264, '不错哦 很详细哎', '', ''),
(265, '我还没考呢，求经验分享呀', '', ''),
(266, '我还没考呢，求经验分享呀', '', ''),
(267, '', '', ''),
(268, '好像现在学车也不怎么贵啊', '', ''),
(269, '好像现在学车也不怎么贵啊', '', ''),
(270, '用嘻哈学车就不难啦，哈哈', '', ''),
(271, '用嘻哈学车就不难啦，哈哈', '', ''),
(272, '是吗 不要吓我啊 我还没考驾照呢', '', ''),
(273, '是吗 不要吓我啊 我还没考驾照呢', '', ''),
(274, '我朋友有用嘻哈学车哎  这个到底好用吗', '', ''),
(275, '科目一要考多少分才行啊', '', ''),
(276, '90分', '', ''),
(277, '90分', '', ''),
(278, '我个人觉得我还是比较喜欢用嘻哈学车app约车，这样我在公司请假的概率都低了，而且还能有效的多练，不用等，推荐在学车和要学车的朋友们可以使用一下', '', ''),
(279, '好用，可以下一个试试', '', ''),
(280, '好用，可以下一个试试', '', ''),
(281, '什么时候可以考科三，考完科二还要等那么久', '', ''),
(282, '真的啊 那挺好的 我请假都请怕了！谢谢！我来下载试试', '', ''),
(283, '真的啊 那挺好的 我请假都请怕了！谢谢！我来下载试试', '', ''),
(284, '现在政策放开了  科二科三可以连着考', '', ''),
(285, '现在政策放开了  科二科三可以连着考', '', ''),
(286, '科目二难吗', '', ''),
(287, '还好吧 应该不难 我刚考过 细心一点 多加练习', '', ''),
(288, '还好吧 应该不难 我刚考过 细心一点 多加练习', '', ''),
(289, '现在都说要增加科目五，真的假的', '', ''),
(290, '听说10月份以后会改考驾照的要求是吗', '', ''),
(291, '科目二比较难的就是倒库和坡道，其他的都很简单了。\n一、倒库的时候一定要手快脚慢，手快的意思就是转动方向盘要及时，脚慢的意思就是速度要控制住。\n\n二、在驾校学的时候让教练帮你找好你需要看的点，以后都要记清楚。\n\n三、坡道定点要准，起步的时候因为是驾校的车，所以很容易熄火和后溜。这就要你注意离合和刹车的配合。半联动后车身晃动激烈后，松刹车，再慢慢松离合，就可以起步了。\n\n希望可以帮到你\n ', '', '');
INSERT INTO `xh_user_action_history_data` (`history_id`, `associate_content`, `associate_attached`, `addon_data`) VALUES
(292, '科目二比较难的就是倒库和坡道，其他的都很简单了。\n一、倒库的时候一定要手快脚慢，手快的意思就是转动方向盘要及时，脚慢的意思就是速度要控制住。\n\n二、在驾校学的时候让教练帮你找好你需要看的点，以后都要记清楚。\n\n三、坡道定点要准，起步的时候因为是驾校的车，所以很容易熄火和后溜。这就要你注意离合和刹车的配合。半联动后车身晃动激烈后，松刹车，再慢慢松离合，就可以起步了。\n\n希望可以帮到你\n ', '', ''),
(293, '', '', ''),
(294, '谁能告诉我怎么才能把倒库练好', '', ''),
(295, '刚报名驾校，用APP做科目一，不用看书', '', ''),
(296, '科目二考试挂两次了。还能不能再继续考？平时练的都挺好的，教练考试没有问题，模拟也都及格', '', ''),
(297, '可能是紧张了 放轻松啦 就当做平时模拟考试一样啊', '', ''),
(298, '可能是紧张了 放轻松啦 就当做平时模拟考试一样啊', '', ''),
(299, '科目三调头一档，在什么时候用二挡？', '', ''),
(300, '哇塞 这个太棒了', '', ''),
(301, '哇塞 这个太棒了', '', ''),
(302, '科目二考过了，真的很幸运', '', ''),
(303, '科目二终于考过了，给打击分享考试经验，在未考试之前的晚上睡好觉，精神好会成功', '', ''),
(304, '第二天练车，好热', '', ''),
(305, '的了好长时间，才考科三，一次就过了', '', ''),
(306, '紧急求助，侧方位停车右打死方向看哪个点？', '', ''),
(307, '现在天气练车刚刚好了 我以前练车的时候经历了酷暑严寒  唉往事不堪回首啊', '', ''),
(308, '现在天气练车刚刚好了 我以前练车的时候经历了酷暑严寒  唉往事不堪回首啊', '', ''),
(309, '恭喜恭喜', '', ''),
(310, '恭喜恭喜', '', ''),
(311, '恭喜恭喜呀  我也考完了', '', ''),
(312, '恭喜恭喜呀  我也考完了', '', ''),
(313, '过啦过啦，本本拿到手了，大家考试一定不要紧张', '', ''),
(314, '看看我的练车场地', '', ''),
(315, '不错啊', '', ''),
(316, '不错啊', '', ''),
(317, '驾照在手，说走就走', '', ''),
(318, '亲 真任性啊', '', ''),
(319, '亲 真任性啊', '', ''),
(320, '用app做题方便，还有注解', '', ''),
(321, '科目二怎么那么难，倒库老是倒不对', '', ''),
(322, '马上要考科三了，祝我顺利吧', '', ''),
(323, '现在报名都多少钱，有包过的吗？', '', ''),
(324, '练车好辛苦啊', '', ''),
(325, '练车练了好几天了，感觉还是有点车感的，棒棒哒', '', ''),
(326, '加油哦，车感是要训练的，后面越练越棒', '', ''),
(327, '加油哦，车感是要训练的，后面越练越棒', '', ''),
(328, '我也是这么觉得 的', '', ''),
(329, '我也是这么觉得 的', '', ''),
(330, '哈哈 学车没有轻松的，但是拿到驾照拿一刻，一切都是值得的。\n自己在驾校也可以用嘻哈学车电子教练来多联系，熟悉车感就好了', '', ''),
(331, '哈哈 学车没有轻松的，但是拿到驾照拿一刻，一切都是值得的。\n自己在驾校也可以用嘻哈学车电子教练来多联系，熟悉车感就好了', '', ''),
(332, '我一开始也是这么觉得的额 但是越到后面越觉得练车的日子还是很美好的', '', ''),
(333, '我一开始也是这么觉得的额 但是越到后面越觉得练车的日子还是很美好的', '', ''),
(334, '包过 不还得考过吗  哈哈哈哈哈', '', ''),
(335, '包过 不还得考过吗  哈哈哈哈哈', '', ''),
(336, '今天考了两次都没过，有的被教练说，倒库好难啊，怎么才能考过啊', '', ''),
(337, '有时候教练会比较着急，或者有的教练脾气很差，现在好像有一种电子教练，可以代替真人教练，自己可以在车里慢慢练，语音提示学员如何操作。最棒的是不会被教练慢。', '', ''),
(338, '有时候教练会比较着急，或者有的教练脾气很差，现在好像有一种电子教练，可以代替真人教练，自己可以在车里慢慢练，语音提示学员如何操作。最棒的是不会被教练慢。', '', ''),
(339, '现在科目三还考不考夜考了？', '', ''),
(340, '祝你顺利', '', ''),
(341, '祝你顺利', '', ''),
(342, '我也在用', '', ''),
(343, '我也在用', '', ''),
(344, '能告诉我怎么用吗', '', ''),
(345, '能告诉我怎么用吗', '', ''),
(346, '听说在合肥用嘻哈学车app报名驾校有优惠是吗', '', ''),
(347, '', '', ''),
(348, '厉害哦', '', ''),
(349, '厉害哦', '', ''),
(350, '压离合器老是熄火怎么办啊？', '', ''),
(351, '今天刚刚报名驾照了 希望都能顺利通过吧', '', ''),
(352, '合肥驾校电子教练横空出世 未来市民学车或便宜千元-万家热线', '\n[attach]36[/attach]\n\n副标题：在机器人创客大赛上嘻哈学车电子教练受媒体青睐\n2016-09-28 09:34 来源：万家热线\n\n 编者按：据公安部的最新数据显示，截至2015年11月底，中国驾驶人已达3.2亿，数量位居世界第一，预计2020年驾驶人数将达到4.7亿。到2020年汽车驾驶培训行业市场规模将达2365亿元，正因如此，更多与驾考相关的产业受到大众关注，而智能驾培产品也渐渐走入人们的视线，相较于传统的驾校人工教练，未来市民学车或将便宜千元。\n \n作为2016首届中国创新创业大赛机器人创客大赛的创客选手之一，嘻哈网络技术有限公司推出的“嘻哈电子教练教考系统”，作为顺应时代产物，嘻哈网络旨在打造一款代替真人教练教学的智能电子教练，为未来汽车驾驶教考提供便捷体验。\n \n[b]嘻哈学车电子教练嘻哈学车电子教练[/b]\n \n嘻哈网络技术有限公司前身，主打线上互联网学车领域，即“网学车”。通过手机APP即可轻松预约教练、自选教练、自选场地进行驾考学习的一款产品，正因嘻哈学车有涉及驾考领域基础，嘻哈学车创始人张全雷先生才大胆提出打造一款智慧、人性、安全化的电子教学系统，从而规避真人教练的教学弊端。\n \n[b]电子教练或将代替传统教练员[/b]\n \n聊到学车，可能每一位拿到驾照的人都有苦水要诉，驾校教练长期面对反复多次的教学内容及笨拙操作的新手学员，难免脾气焦躁。学员风吹日晒排队等车，上车生怕哪个动作惹毛教练。长期以来不仅学车效率难以提升，更造成更多学员与教练相处困扰。而张全雷先生开发制造的嘻哈学车“电子教练”则是一款永远有耐心纠错、永不骂人的学车教练!将智能科技与生活贴切融合。\n\n[attach]39[/attach]\n \n图为学员正在使用嘻哈电子教练进行学习图为学员正在使用嘻哈电子教练进行学习\n \n“电子教练定位于线下学车体验产品。从驾驶技能的理论图文知道开始，到各项目操作技巧语言提示、动作矫正提示反复训练，最后到模拟真实场景考试，循序渐进，一步步让学员掌握真正的驾驶技能。”嘻哈电子教练产品经理孟良介绍。\n \n所以说避免传统驾培方式中，一个教练使用一辆车教学， “电子教练”可以3-5辆车同时教学，教练只需要在学员上车前简单的培训一下就可以自行上车进行练习。“电子教练”运用虚拟现实及人工智能科技，确保学车人驾驶动作的正确，并实时记录练习过程和播报成绩，学员不仅随车就可以看到练习记录和成绩，而且可以通过嘻哈学车APP查看历史学车详细记录，帮助学员找到不足，提高训练针对性，解放教练员的人力资源。\n \n嘻哈学车电子已于今年6月开始线下测试，目前已经在合肥八一驾校实地使用3个多月时间，嘻哈学车根据场地情况搭建三维立体场地，一套完整的信息传输系统控制车辆的教学工作，拥有安全保障、自主教学的智能驾培产品在降低驾校运营成本、提高教学质量和考试通过率提供了强大的科技支持。\n \n[b]市民未来学驾照或将便宜千元\n [/b]\n在行业转型升级的当下，智慧驾校是未来的趋势，无论驾考如何改革，自学直考走向何方，驾校作为机动车驾驶员培训主战场的角色不会变，驾培行业的健康发展离不开正规驾校。标准化教学、导师级服务只有利用计算机智能化的应用才可以完美呈现。\n \n而电子教练具备良好教练的全部品质和优良基因，不厌其烦的重复教导学员、纠正学车时出现的错误，看似简单的重复教学，人工智能达到的效果是人无法替代和实现的。\n \n[attach]37[/attach]\n\n图为学员正在使用嘻哈电子教练进行学习图为学员正在使用嘻哈电子教练进行学习\n \n正因如此，智能电子教练规避传统驾培模式的痛点，降低驾校人工成本。据嘻哈学车孟良介绍，后期大批量投入行业使用后，或相对于传统人工教学费用或将便宜1000元上下，真切的给予学员实惠。希望在未来嘻哈学车能够真正给予用户一款优秀的智能驾培产品，并真正的便捷于大众。\n \n产品重中之重是优化用户体验感\n \n据了解，在嘻哈学车做电子教练前，国内已经有2~3家科技公司开始研发此类产品，技术成熟但终究未深入接触驾考行业缺乏实战基础，采用传统驾考的架构，成本高、安全保障不足等原因并未能够达到节约驾校培训成本的需求，所以没有大规模投入使用。\n \n嘻哈学车正因有了多年驾考经验积累，依托产品线研发属于自己品牌的电子教练，目前仅上市两个多月，已经在安徽、河南、广东、山西、陕西等多省投入驾考教学使用，且应用驾校反映口碑良好，受到学员、教练一致认可。\n \n当然，中国人常说切勿沾沾自喜，实打实以注重用户体验为主旨才是产品存活的根本。“不断优化产品，提升产品体验感，从技术层面入手，简化系统配件，走核心集成路线，另一方面从设备使用层面入手，简化设备使用方法，如同操作手机一样简易的使用电子教练系统，这才是嘻哈学车未来一年要用心走的一条路。”\n\n[attach]40[/attach]\n \n嘻哈电子教练教考后台操作系统嘻哈电子教练教考后台操作系统\n \n嘻哈学车电子教练产品经理孟良继续补充到“未来一年计划布点全国一半以上省市、装车量1000套以上，同时不断技术创新降低成本，把实惠让利给驾校、学员，提升学车体验，三年后希望电子教练能真正成为驾培行业里的知名产品。”\n科技创新，成就大业。2016首届中国创新创业大赛机器人创客大赛目前已经进入紧张的初赛阶段，从初赛脱颖而出的优秀团队即将参加10月16日至17日在安徽合肥举办的复赛及决赛。一个汇聚全民创新创业的大舞台已然亮起聚光灯，为即将兴起的机器人产业的未来培养和储备人才，首届中国创新创业大赛机器人创客大赛正全力以赴。（了解更多机器人创客大赛信息）\n ', ''),
(353, '合肥版“网学车”APP悄然风靡', '来源：合肥日报“网上报名学车，用APP随时随地就近约教练，网上报名考驾照，学车用电子教练……”在国家级合肥创新产业园，“80后”小伙张全雷创办的网学车平台——“嘻哈学车”，成功打造“互联网＋驾考＋驾培”新模式，一举抢占时代风口。目前，“嘻哈学车”提供的学车机器人电子教练，已在全国十多个省市广泛推开，下一步拟覆盖全国市场。\n\n出生于1982年的张全雷，毕业于合肥工业大学经济管理专业。十多年来，张全雷一直在驾考驾培领域打拼，朋友圈遍及全国各地。熟悉传统驾校的痛点和堵点，洞悉互联网的前景和未来，张全雷2010年走上创业路。2014年，张全雷注册安徽国华光电技术有限公司，主攻智能交通，在驾考系统硬件、软件及系统解决方案方面取得多项知识产权。在此基础上，张全雷于2015年成立安徽嘻哈网络技术有限公司，按照“互联网＋驾培＋驾考”模式，研发出“网学车平台”暨“嘻哈学车APP”和“学车电子教练”。\n\n诞生于合肥的“嘻哈学车”，在全国开辟“网学车”先河，在驾校管理、招生模式、学车模式、考试模式等方面产生革命性影响。以个人学车为例，只需下载“嘻哈学车”APP，即可上网报名。在学车方面，过去还要排队等待，现在上网可以提前预约。教练也不再固定一人，可以随时就近在单位或者在家门口预约教练，传统驾培中的“经理班”将成为历史。和传统学车不同，“嘻哈学车”的学员在上车学习时，还有电子教练随身辅导，可代替真人教学，给予标准化、专业化和不厌其烦的教学指导。\n\n科技创新，是张全雷带领“嘻哈学车”闯荡全国驾培市场的独门武器。今年7月份，“嘻哈学车”自主发明的学车电子教练在肥率先投用，现在已推广到广东、广西、山西、陕西、河南、内蒙古、黑龙江等全国十几个省份。张全雷介绍：“学车电子教练主动刹车安全系统相当于传统学车中的教练员控制‘副刹’，防止学员学车过程中因操作失误而撞车，更加准确、及时和安全。”9月10日，张全雷代表安徽国华光电技术有限公司与合肥虹视信息工程有限公司签约，在国内首次将虹膜识别技术应用于驾考领域，这将有效杜绝驾考过程中的“替考、作弊、违法操作”等行为，确保考试公平公正。上溯到2012年创业之初，张全雷是在全国驾培领域引进北斗系统的第一人。\n\n学员报名“嘻哈学车”，经过一段时间的学习，即可网上预约考试，在“嘻哈学车”APP预约考试一栏，可直接进入公安部互联网综合服务平台，提前预约考试场地和考试时间。在考试前，“嘻哈学车”电子教练还为学员提供“模拟考试”，让学员在模拟考试中提高技能，提高一次通过率。由于“网学车”改变了驾校招生、教练教学和学员学车模式，驾校管理也将随之一变。例如：驾校可以提供更加人性化、个性化的服务，教练也可以依托驾校场地自主网上招生，驾校管理将更加市场化、多元化。\n\n来源：合肥日报 “网学车”-嘻哈学车 发布：北斗应用驾考领导者-安徽国华光电技术有限公司出品；下载嘻哈学车APP更多精彩内容等着你，嘻哈学车，快快乐乐学车，轻轻松松考驾照。', ''),
(354, '《创业英雄汇》海选合肥站总决选成功举行 嘻哈学车受益匪浅！', ' 2016年9月27日，由中央电视台财经频道、合肥市“双创示范”领导小组办公室、共青团合肥市委员会联合主办，安徽省青年企业家协会协办，合肥市青年就业（创业）服务中心、凤凰安徽频道联合承办的中央电视台首档大型青年创业实战公开课——《创业英雄汇》海选合肥站总决选在合肥大剧院多功能厅举行。\n[attach]41[/attach]\n中共合肥市委副书记汪卫东出席活动并致辞。本次《创业英雄汇》海选合肥站活动自8月26日正式启动以来，深入一线，面向全社会，重点从高校、众创空间、孵化器等创业“源头”发掘优秀创业项目。经过专业评委的层层检验和把关，经过海选初赛复试脱颖而出的29个优秀创业项目现场进行了精彩路演。创业项目含涵盖互联网、医疗健康、高新技术等领域,涉及生产、生活、生态的各方面，有着前沿的科技创新和广阔的应用前景。总决选现场，由国内一线创投人士和合肥本地企业家、创业专家组成的评委团对参赛项目进行了评分和点评。最终，将有6-8个优秀项目有机会代表合肥创新、创业最高水平，经过栏目培训后，登上中央电视台《创业英雄汇》的舞台。\n[attach]42[/attach]\n截至2016年8月，共有240多位创业选手登上了《创业英雄汇》的舞台，其中135个项目获得现场意向融资，累计意向融资总额近7亿元。其中，互联网融合服装产品的“雀之恋旗袍+”项目获意向融资3900万元，医疗健康类项目“方舟万宝”获意向融资2300万元，单个项目融资纪录被不断刷新。\n[attach]43[/attach]\n此外，《创业英雄汇》通过海选活动的举办，深入创业一线发掘了大量优秀项目，极大地提升了《创业英雄汇》的社会知名度和品牌影响力。2015年以来，栏目组相继走进深圳、武汉、西安、成都、广州、厦门、济南、青岛、清华大学、北京大学等城市和高校开展海选活动，得到各地积极响应，更吸引了来自我国港、澳、台地区以及美国、英国、新加坡、德国、韩国等国家的创业者参与，社会各界反响热烈。', ''),
(355, '“奇瑞杯”第二届安徽省机动车驾驶教练员     职业技能大赛合肥站 ', '来源：军英八一驾校\n2016年9月24日,由奇瑞汽车主办，安徽驾协、国华光电、嘻哈学车协办的“奇瑞杯”第二届安徽省机动车驾驶教练员职业技能大赛合肥站比赛在军英八一驾校南岗大型车驾驶人考试中心完美落幕，来自军英八一驾校的比赛选手朱涛勇夺合肥市赛区第一名，军英八一驾校比赛选手胡晓峰夺得第二名，安徽军一机动车驾驶培训学校比赛选手徐传奇夺得第三名。\n[attach]44[/attach]安徽省道路运输管理局车辆管理处处长范守敏致辞 \n9点30分,比赛开幕式在军英八一驾校南岗大型车驾驶人考试中心准时举行。\n \n安徽省道路运输管理局车辆管理处处长范守敏、副处长施溢源、合肥市运管处副处长王贤明等领导观摩比赛并现场指导。\n \n比赛于十点正式开始，第一场进行的是理论比赛，选手到达赛场，有序坐好之后，考官先核查选手的身份信息，发放试卷，在考官示意答题后，考试正式开始，考场十分安静，选手都目不转睛地盯着手中的考卷，认真答题。\n理论考试结束后，紧接着进行示范讲解比赛，选手个个着装整齐，用标准的手势，清晰的话语示范着比赛环节的每一个步骤。在这里，我们看到的是真正一流的教练员，他们之间没有最好，只有更好。\n \n进行完示范讲解，接下来便是场地五项（即：倒车入库、侧方位停车、曲线行驶、直角转弯、坡道定点与起步）比赛，本轮比赛，比的不仅仅是技术，更是速度，五项比赛内容一气呵成。\n \n在确保每一项比赛项目都标准完成的情况下，用时最少的选手将获得最高得分。整个比赛真的是争分夺秒，只听见车轮在地上不断地发出吱吱响声，这是一场离合器踏板、加速踏板、制动踏板完美结合的比赛！\n[attach]45[/attach]\n最后进行的便是期待已久的智能夺宝大赛了！如果说场地五项是一场离合器踏板、加速踏板、制动踏板的完美结合比赛，那么这场比赛便是人车合一的比赛了！规定的面积内，需要完成三次掉头，夺得四个宝物，穿越多个障碍，每一个环节都要求既快又准，同样，选手要求完成所有项目，用时越少的得分便越高，这是一场真正的要求做到人车合一才能赢得的比赛！完美的漂移、伸手窗外夺取宝物的时机把握都将给你节约更多的时间。\n \n比赛一开始，只听见一阵发动机猛烈轰动的声音，放眼望去，比赛车辆已飞入赛场，一个完美的漂移过后紧接着又两个漂移，只见场地留下深深的轮胎印痕，选手已完成比赛！这个是1号选手，来自军英八一驾校的胡晓峰！！！比赛一开场就吸引了所有观众的眼球，现场呼声不断！比赛还在继续，呼声依旧不断，每一次完美的漂移都将现场的氛围烘托到了极限！\n \n很快，最后一名选手上场了，他是前面几场考试的最高分得主！如果这一轮完美地完成，就能拿下冠军，他就是来自军英八一驾校的朱涛选手，在众目睽睽之下，在欢呼声中，他冷静地坐入了考试车辆，没有冠军就在眼前的急躁，没有因欢呼声带来的自豪，沉着、冷静！最后在伴随着车轮与地面组合成的音乐声中，完美地完成了比赛！\n \n在所有的比赛完成之后，等待的便是成绩的公布，在紧张的核算过后，成绩终于出来了！\n \n    获得本次比赛前6名选手分别是：军英八一驾校朱涛、胡晓峰，安徽军一机动车驾驶培训学校徐传奇、安徽省国安机动车驾驶培训学校解光财、董兆军、合肥途顺驾驶员培训有限公司陈卫东！\n精彩图集：\n\n[attach]46[/attach]\n\n[attach]47[/attach]\n ', ''),
(356, '安徽合肥：嘻哈学车、虹膜识别两家创新项目入选   长三角青年创业联盟项目库', '\n       长江三角青年创新创业联盟由30个长三角城市市长在联席会议上批准成立。8月23日上午，由长三角城市经济协调会、上海市政府合作交流办和盐商集团·青商汇共同举办的“长三角青年创新创业联盟成立仪式暨第一期长三角青创训练营开营仪式”在上海举行。\n \n       联盟各成员城市团市委书记、副书记、创业部门负责人、众创空间代表、导师代表、创业青年、长三角协调会各专委会和联盟、上海市有关团组织及青联特邀嘉宾等共计120余人参加了此次活动。\n\n[attach]49[/attach]长三角青年创新创业联盟第一届会员在谷歌上海公司学习\n\n 联盟成立后的工作重心将放在构建长三角青创项目库、长三角青创导师团、长三角青创基地群即“一库一团一群”服务平台上，并通过定期举办长三角青创高峰论坛、长三角青创训练营、长三角青创巡演周、长三角青创项目对接会等活动，致力成为长三角经济圈创业服务标杆，为长三角地区的青年创业者打造创新创业服务的生态闭环。\n \n       安徽嘻哈网络技术有限公司创始人张全雷和合肥虹视信息工程公司的CEO柏一博同时入选创业联盟项的优秀青年，并且成为联盟的第一届会员。嘻哈学车项目和虹膜识别项目被纳入长江三角青年创业联盟的青创项目库。\n\n[attach]50[/attach][attach]51[/attach]\n\n 安徽嘻哈网络技术有限公司主要经营电子、通信与自动控制技术研究、开发；网络技术的研究、开发；计算机技术开发、技术服务；软件服务；软件测试服务；软件批发；软件零售；软件开发；游戏软件设计制作；信息技术咨询服务；数据处理和存储服务。\n \n       嘻哈学车是一款专注驾驶人培训和考试的手机APP和电脑PC软件，该软件为广大学车人提供一个便捷、实用、经济、安全的学车平台；同时为“驾培单位”提供了新的经营管理模式，为驾培单位更好的管理团队，管理财务提供了强大的互联网管理手段。\n \n       安徽嘻哈网络技术有限公司创始人兼董事长张全雷参加了长三角青年创新创业联盟会议，并被评为创业联盟的优秀青年。\n  \n       合肥虹视信息工程有限公司一家致力于虹膜生物识别核心技术、相关产品的研发、应用服务及产业化的高新技术企业。\n \n       “虹膜识别”技术被广泛认为是21世纪最具发展前途的生物认证技术，其发展优势已经在全球各地的各种应用中逐渐显现出来。并且申请了多项有关“虹膜识别”的专利，拥有虹膜编码识别模组、虹膜编码识别主板、虹膜锁、无线虹膜注册机、虹膜门禁考勤一体机、虹膜移动身份认证机等多种产品。\n \n       合肥虹视信息工程有限公司投资人柏一博参加了长三角青年创新创业联盟会议，并被评为创业联盟的优秀青年。\n \n       随着第一期长江三角青创训练营的结束，来自长江三角洲30个成员城市的优秀创业青年因政府的号召聚集在中国青创盐商站，扩展了视野，增长了知识，坚定了方向。相信安徽嘻哈网络技术有限公司在这种良好的创业环境中，会越走越好。\n ', ''),
(357, '', '', ''),
(358, '原标题：三部委发布驾考改革重要配套制度 4月1日起全面实施', '央广网北京2月4日消息（记者杜希萌）2015年11月，国务院办公厅转发公安部、交通运输部《关于推进机动车驾驶人培训考试制度改革的意见》，出台了一系列驾驶人培训考试改革的新举措。按照《意见》要求，公安部制定完善配套制度，修改了《机动车驾驶证申领和使用规定》，以规章形式细化固化改革措施。公安部、交通运输部、中国保监会联合发布《关于机动车驾驶证自学直考试点的公告》，规定了自学直考的试点范围和条件要求。公安部、交通运输部联合下发《关于做好机动车驾驶人培训考试制度改革工作的通知》，对改革推进工作进行部署，全力确保各项改革措施有效落实。新部令和公告已向社会公布，将于2016年4月1日同时施行。\n\n惠民生，各项服务举措目标路径全部明确\n\n新部令围绕服务经济社会发展、回应人民群众新需求，将改革意见确定的便民利民新措施予以细化固化，做到改革既于法有据，又可操作可执行。\n\n强力推进自主约考，惠及每年3000多万新驾驶人。提供互联网、电话、窗口等多种报考约考渠道，改变驾校集中包办约考，取消考试名额分配制，保障学员知情权、选择权。搭建便捷高效的互联网约考平台，实现网上报名、网上约考、网上缴费，开通车管服务“直通车”，切实做到考试资源公平分配、考试机会公正获取。公安部部署在福建、广东等19个省的28个城市试点全国统一的约考平台。试点城市将于3月底前推广到位，其他地方将于今年年底前全部开通。\n\n全面取消异地限制，流动人员跨市跨省办证更加方便。在原来放开小型汽车、摩托车驾驶证异地申请领证的基础上，全面放开所有车型驾驶证异地申请、异地考试，申请人持身份证和居住证即可在居住地申领驾驶证，实现公共服务均等化。全面放开驾驶证异地补领、换领、审验，驾驶人持身份证即可在全国范围内办理补换证、审证业务，实现信息异地流转、业务就地办理，数据内部传递、群众一次办成。\n\n进一步放宽残疾人驾车条件，共享汽车文明成果。2003年以来，公安部与相关部门密切配合，先后放开左下肢、右下肢、双下肢以及听力障碍人员驾驶汽车的条件，已为7.4万名残疾人发放了驾驶证。随着残疾人驾车制度的完善、车辆改装技术的进步，借鉴国外相关成熟做法，公安部商残疾人联合会、卫生计生委等部门，进一步放宽了上肢残疾人、单眼视障人员驾车条件。上肢残疾人一只手掌缺失，另一只手符合规定的，可以申请残疾人专用小型自动挡载客汽车驾驶证，允许驾驶安装有专门辅助装置的小型汽车。左手符合规定，右手手掌完整但手指缺失的，可以申请小型汽车、小型自动挡汽车驾驶证。单眼视障人员优眼视力达到5.0以上，水平视野达到150度的，可以申请小型汽车、小型自动挡汽车驾驶证。\n\n调整定期体检制度，惠及700多万老龄驾驶人。适应老年人身体条件改善的状况，参考其他国家的相关做法，新部令将每年体检年龄由60周岁调整为70周岁。该项措施施行后，将惠及700多万60至70周岁的老龄驾驶人。同时，对未按期体检驾驶证被注销的，给予救济恢复途径，按规定体检并提交证明后，可以直接恢复驾驶资格。新部令实施前，因未体检被注销驾驶证，且驾驶证在有效期内或者超过有效期不满一年的，按规定体检并提交证明后，可以一并享受救济政策。\n\n稳推进，自学直考试点条件要求一一落定\n\n驾驶培训关乎社会公共安全。在道路上学习驾驶，不仅关系自学人员自身的交通安全，更关系其他交通参与者的出行安全,自主学习驾驶应有严格的管理制度，以保障道路交通公共安全。公安部、交通运输部、中国保监会联合发布的《关于机动车驾驶证自学直考试点的公告》，从自学用车要求、指导人员条件、法律责任、监督管理制度等方面，对自学直考提出了明确的规范要求。\n\n明确试点范围。鉴于我国道路环境复杂，混合交通明显，交通参与者素质参差不齐，试点自学直考将按照《意见》试点推进的要求和“依法、规范、稳妥、有序”的原则逐步开展。根据选取不同区域、兼顾城市规模、体现典型性的精神，选择一些交通环境较好、管理水平较高的地市开展试点。今年，先期在天津、包头、长春、南京、宁波、马鞍山、福州、吉安、青岛、安阳、武汉、南宁、成都、黔东南、大理、宝鸡16个城市开展自学直考试点，试点工作从2016年4月1日正式开始。\n\n明确条件要求。限定训练车辆，自学直考用车应为非营运小型汽车或者小型自动挡汽车，加装供随车指导人员使用的副制动装置、辅助后视镜，经机动车安全技术检验合格，按规定投保交强险；限定随车指导人员，随车指导人员应当取得相应或者更高车型驾驶证五年以上，没有吸食毒品记录，未发生死亡交通责任事故或者重伤负主责的交通事故，没有记满12分或者驾驶证被吊销记录；限定训练路线和时间，在道路上学习驾驶，应按照公安交管部门指定的路线和时间进行，高速公路、城市快速路、学校和医院周边道路不得作为学习驾驶路线，0时至5时、道路交通高峰时段不得作为学习驾驶时间。\n\n明确管理制度。建立学车专用标识管理制度，科目一考试合格后，自学直考人员和随车指导人员共同向车管所免费领取学习驾驶证明和学车专用标识。自学人员按照随车指导人员的指导，在道路上学习驾驶，应当携带学习驾驶证明，在限定训练车辆车身前后放置、粘贴学车专用标识。建立车辆和人员一一对应制度，一个学车专用标识在规定时间内只允许签注一名自学人员、一名随车指导人员、一辆自学用车。随车指导人员不得利用自学用车从事经营性驾驶教学活动。\n\n明确法律责任。根据《道路交通安全法》及其实施条例，自学人员在随车指导人员指导下发生交通违法行为的，对随车指导人员予以处罚。自学人员有未取得学习驾驶证明、学习驾驶证明超过有效期、无具备资格人员随车指导等行为的，按照未取得机动车驾驶证驾驶机动车违法行为，对自学人员予以处罚；属于将机动车交由自学人员驾驶的，对行为人予以处罚。学习驾驶期间发生交通事故的，依法由随车指导人员承担责任，无具备资格人员指导的自学人员自行承担法律责任。\n\n需要提示的是，与驾校培训相比，自学直考的考试标准不降低，考试要求不放松。驾驶培训是一项专业性、技能性培训，驾校作为职业性培训机构，仍然是学习驾驶的主渠道。建议大家根据自身实际情况，理性选择学驾方式，保证学习质量效果。\n\n提素质，驾驶培训考试制度规范突出严格\n\n新部令和两部贯彻通知进一步严格了驾驶人培训考试制度，严格了境外驾驶证换证制度，规范了职业教育培训制度，着力提升新驾驶人的安全文明意识和驾驶操作技能。\n\n强化培训管理，培养安全文明合格驾驶人。两部贯彻通知要求，驾校要落实培训主体责任，严格按照培训大纲规定的培训学时、内容进行培训，突出安全驾驶、文明行车意识的培养。建设和使用全国统一标准的计时培训系统，严厉打击学时造假行为，发现驾校减少培训内容和学时、伪造或篡改培训系统数据等违法违规行为，依法责令停业整顿，严重的吊销经营许可。交通运输部、公安部将组织修订驾驶培训教学与考试大纲，进一步调整优化培训、考试内容和规定学时、里程，引导建立一整套融知识、技能、意识、安全为一体的驾驶规范化教学体系。\n\n严格考试制度，确保考试结果公开公平公正。新部令规定严格落实考试内容，严格执行评判标准，不得减少考试项目、缩短考试里程、降低评判标准。推行随机安排考试，由计算机随机选配考试员、随机安排考生分组、随机选取考试路线，实现考试员与驾校、与考生信息双向屏蔽。推行考务公开，考前公开考试安排，考中公开考试视频，考后当场公布成绩，以公开促公正。推进驾驶培训监管平台与考试系统联网对接，实现驾驶培训与考试信息共享，确保培训与考试有效衔接。\n\n杜绝“速成”驾照，严格持境外驾驶证换证制度。针对一些人员伪造境外驾驶证，或者取得境外“速成”驾驶证，换领我国驾驶证的问题，借鉴其他国家通行做法，新部令进一步严格规范了持境外驾驶证换证制度。境外驾驶证换领我国驾驶证时，公安机关将启动出入境记录核查程序。对长期在国外生活居住的我国内地居民和境外驾驶人，持境外驾驶证换领国内驾驶证的，应当考试科目一，申请大中型客货车驾驶证的，还应当考试科目三。我国内地居民取得境外驾驶证时，在核发国家或地区连续居留不足三个月的，换领我国驾驶证时，需要参加全部科目考试。\n\n推行职业教育，提高重点驾驶人整体素质。推行大型客货车职业化教育培训，利用大专院校优质教育资源，提升重点驾驶人文化素质和职能素养。2014年，交通运输部牵头，联合公安部等五部门部署开展大客车驾驶人职业教育试点工作，此次改革，将大货车驾驶人职业培训一并纳入。在试点基础上，总结形成科学、实用的理论基础教材和实操训练教程，建立完善健全的驾驶培训职业教育体系。根据新部令，接受驾驶职业教育的学生，取得小型汽车驾驶证一年后，可以申请大型客车或者牵引车驾驶证，申请时年龄不得低于20周岁。\n\n公安部将会同交通运输部等部门指导各地公安交管部门、道路运输管理机构，迅速落实两部贯彻通知要求，严格执行新部令规定，积极稳妥做好自学直考试点工作，进一步推动改革措施落实，切实让改革成效惠及群众，让学车领证更便捷、更高效。', ''),
(359, '安徽省公安厅交警总队召开新闻通气会', '\n5月19日上午，安徽省公安厅交警总队召开新闻通气会，对省公安厅近日出台的《关于创新机动车驾驶人考试工作的意见》进行详细解读。中央驻皖及省、市30余家新闻媒体参加了新闻通气会。\n \n《意见》从八个方面进一步改革、创新和规范全省机动车驾驶人考试工作，下决心解决现有机动车驾驶人考试中“暗箱操作”和车驾管工作中“黄牛”泛滥等突出问题，努力使机动车驾驶人考试工作更加公开公正和便捷高效，进一步提升驾驶人的安全文明素质，积极开创全省驾驶人管理工作新局面。这八项重点措施是：\n \n一是进一步深化驾驶人考试约考模式改革。为切实维护群众申领驾驶证的权益，改变当前由驾校包办报考的做法，自2015年4月1日起，所有考生全部通过全省统一的互联网驾驶人考试预约系统进行科目二考试预约，约考的排队顺序、考试时间和场地均由计算机系统自动分配。今年下半年，结合公安部互联网交通安全综合服务平台的推广使用，我省将进一步试点实行由考生自主报考的约考模式，即报考方式、考试时间、考试地点等均由考生自主选择，从而杜绝驾驶人考试预约环节的人为干扰，促进考试公开公正。\n \n二是积极推行省内异地预约考试模式。为解决部分地方因为考试设施、考试能力不足而造成的考试积压问题，省公安厅将在全省范围内选择考试能力充裕的考场作为省内异地考场，向社会公示并自2015年6月1日起推行省内异地考试制度，对符合约考条件但2个月内无法在本地安排考试的考生，允许其选择异地考场，参加科目二或科目三道路驾驶技能考试，从而既减少了考生排队等候时间，又有效利用了考试资源。\n \n三是合理利用社会化考场，提高考试服务能力。为满足我省广大人民群众迅猛增长的学驾考证需求，各地交警部门一方面要努力提升本地驾驶人考试能力。合理优化驾驶人考试考场、线路布局，积极争取政府支持自建考场，同时要按照全省社会化考场管理规定，通过公平竞争、择优、有偿的方式合理使用社会化考场。要充实考试员数量，实行多渠道的考试员选用机制，建立多元化、多层次的考试员队伍。\n \n四是推行考试信息全公开，确保考试工作公平、公正。为充分保障考生知情权和监督权，实现驾驶人考试全过程透明，要通过互联网向社会公开考试场地、考试员、考试计划和报考结果。在考场、候考大厅等场所直播考试视频，考试成绩当场公布，有异议的考生可申请查询考试视频资料。公布考试场地设施布局、考试路线和流程，允许考生考前免费进入科目二考场熟悉环境。从而通过外部监督机制的建立，促进驾驶人考试廉洁公正。\n \n五是全面下放小型汽车类驾驶人考试权限。为促使驾驶人考试场地布局、数量能够满足本地考试需求，减少考生往返次数，大力推进驾驶人考试业务向县级延伸。对辖区内具备符合条件的驾驶人考试场地、设施及有资质的考试员的县级公安机关交通管理部门，市公安局交警支队应将小型汽车类驾驶人考试工作全面下放，从而方便县乡群众就近参加考试。\n \n六是全面实行专职考试员岗位交流轮岗制度。为提升考试员队伍素质，兼顾考试员队伍的活力和专业化、职业化水平，制定交流轮岗制度。各地公安机关对从事专职驾驶人考试工作满3年的考试员，要逐步进行交流轮岗；对从事专职驾驶人考试工作满5年的考试员，必须进行交流轮岗，从而防止发生徇私舞弊、执法不公问题。\n \n七是积极推进驾驶人考试监管平台建设。为全面提高我省对驾驶人考试的监管能力和水平，实现对考试过程、考试数据实时监控和事后倒查，各地要全面推进全国版、省版机动车驾驶人考试监管平台建设工作，2015年年底前实现省、市、县三级对驾驶人考试全过程的全面监管。\n \n八是建立驾驶人考试重点岗位执法全过程记录制度。为严格违规考试责任追究，促进驾驶人考试工作廉洁公正，确保考试员队伍风清气正，自2015年5月1日起，全省驾驶人考试岗位按照《安徽省公安交管部门执法记录仪使用管理规定(试行)》的要求，使用执法记录仪对驾驶人考试实行全过程记录。\n \n ', '');
INSERT INTO `xh_user_action_history_data` (`history_id`, `associate_content`, `associate_attached`, `addon_data`) VALUES
(360, '交通运输部关于修改《出租汽车经营服务管理规定》的决定（交通运输部令2016年第64号）', ' 交通运输部关于修改《出租汽车经营服务管理规定》的决定 \n交通运输部决定对《出租汽车经营服务管理规定》（交通运输部令2014年第16号）作如下修改： \n一、将规章名称修改为“巡游出租汽车经营服务管理规定”。 \n二、将第三条修改为：“出租汽车是城市综合交通运输体系的组成部分，是城市公共交通的补充，为社会公众提供个性化运输服务。优先发展城市公共交通，适度发展出租汽车。 \n巡游出租汽车发展应当与城市经济社会发展相适应，与公共交通等客运服务方式协调发展。” \n三、将第六条修改为：“交通运输部负责指导全国巡游出租汽车管理工作。 \n各省、自治区人民政府交通运输主管部门在本级人民政府领导下，负责指导本行政区域内巡游出租汽车管理工作。 \n直辖市、设区的市级或者县级交通运输主管部门或者人民政府指定的其他出租汽车行政主管部门（以下称出租汽车行政主管部门）在本级人民政府领导下，负责具体实施巡游出租汽车管理。” \n四、将第十五条中的“配发”修改为“核发”，“符合技术标准的计价器”修改为“符合规定的计程计价设备”。 \n五、删除第二十条、第三十条、第四十八条第（五）项、第五十条第（三）项。 \n六、将第二十三条、第二十四条、第二十八条、第四十九条中的“计价器”修改为“计程计价设备”。 \n七、将第二十九条第（一）项、第五十三条第（三）项中的“电讯、网络”修改为“电信、互联网”，“预约要求”修改为“服务需求”；将第二十九条第（三）项中的“预约”修改为“服务需求”；在第五十三条第（一）项中的“巡游揽客”后增加“站点候客”。 \n八、将第三十六条第二款修改为：“巡游出租汽车经营者应当根据经营成本、运价变化等因素及时调整承包费标准或者定额任务等。” \n九、删除第四十一条中的“网络约车”。 \n十、将第四十九条中的“出租汽车驾驶员违反本规定，有下列情形之一的，由县级以上道路运输管理机构责令改正，并处以警告或者50元以上200元以下罚款”修改为“ 巡游出租汽车驾驶员违反本规定，有下列情形之一的，由县级以上地方人民政府出租汽车行政主管部门责令改正，并处以200元以上2000元以下罚款”。 \n十一、在第五十三条前增加一条：“网络预约出租汽车以外的其他预约出租汽车经营服务参照本规定执行。” \n十二、将第五十三条第（二）项中的“七座及以下乘用车”修改为“符合条件的七座及以下乘用车”。 \n在第五十三条第（二）项下增加一项：“‘网络预约出租汽车经营服务’，是指以互联网技术为依托构建服务平台，整合供需信息，使用符合条件的车辆和驾驶员，提供非巡游的预约出租汽车服务的经营活动”。 \n十三、除第一条中“出租汽车行业”、第十五条中“中英文‘出租汽车’字样”、第十九条中“原许可机关应当根据《出租汽车服务质量信誉考核办法》规定的出租汽车经营者服务质量信誉考核等级”、第二十一条中“出租汽车服务”、第二十四条中“出租汽车服务标准”、第三十三条中“出租汽车专用收费项目”、第三十八条中“《出租汽车驾驶员从业资格管理规定》”、第四十二条中“出租汽车市场秩序”、第五十三条中“出租汽车标识”“预约出租汽车经营服务”的“出租汽车”外，将条文和附件中所有“出租汽车”统一修改为“巡游出租汽车”。将第七条中的“县级以上地方人民政府交通运输主管部门”、第八条、第十条、第十一条、第十三条、第四十四条、第四十五条中的“设区的市级或者县级道路运输管理机构”、第十二条、第四十条、第四十三条、第四十七条、第四十八条、第五十条中的“县级以上道路运输管理机构”、第十六条、第三十二条、第三十三条、第四十六条中的“设区的市级或者县级交通运输主管部门”、第四十二条中的“县级以上地方人民政府交通运输主管部门及设区的市级或者县级道路运输管理机构”统一修改为“县级以上地方人民政府出租汽车行政主管部门”。将第十七条、第五十一条和附件中的“道路运输管理机构”统一修改为“出租汽车行政主管部门”。 \n十四、删除附件1中的“申请许可内容”一栏。 \n条文序号作相应调整。 \n本决定自2016年11月1日起施行。 \n《出租汽车经营服务管理规定》根据本决定作相应修正，重新发布。\n \n巡游出租汽车经营服务管理规定\n \n（2014年9月30日交通运输部发布 根据2016年8月26日《交通运输部关于修改〈出租汽车经营服务管理规定〉的决定》修正）\n \n第一章　总　则\n \n第一条 为规范巡游出租汽车经营服务行为，保障乘客、驾驶员和巡游出租汽车经营者的合法权益，促进出租汽车行业健康发展，根据国家有关法律、行政法规，制定本规定。 \n第二条 从事巡游出租汽车经营服务，应当遵守本规定。 \n第三条 出租汽车是城市综合交通运输体系的组成部分，是城市公共交通的补充，为社会公众提供个性化运输服务。优先发展城市公共交通，适度发展出租汽车。 \n巡游出租汽车发展应当与城市经济社会发展相适应，与公共交通等客运服务方式协调发展。 \n第四条 巡游出租汽车应当依法经营，诚实守信，公平竞争，优质服务。 \n第五条 国家鼓励巡游出租汽车实行规模化、集约化、公司化经营。 \n第六条 交通运输部负责指导全国巡游出租汽车管理工作。 \n各省、自治区人民政府交通运输主管部门在本级人民政府领导下，负责指导本行政区域内巡游出租汽车管理工作。 \n直辖市、设区的市级或者县级交通运输主管部门或者人民政府指定的其他出租汽车行政主管部门（以下称出租汽车行政主管部门）在本级人民政府领导下，负责具体实施巡游出租汽车管理。 \n第七条 县级以上地方人民政府出租汽车行政主管部门应当根据经济社会发展和人民群众出行需要，按照巡游出租汽车功能定位，制定巡游出租汽车发展规划，并报经同级人民政府批准后实施。\n \n第二章　经营许可\n \n第八条 申请巡游出租汽车经营的，应当根据经营区域向相应的县级以上地方人民政府出租汽车行政主管部门提出申请，并符合下列条件： \n（一）有符合机动车管理要求并满足以下条件的车辆或者提供保证满足以下条件的车辆承诺书： \n1.符合国家、地方规定的巡游出租汽车技术条件； \n2.有按照第十三条规定取得的巡游出租汽车车辆经营权。 \n（二）有取得符合要求的从业资格证件的驾驶人员； \n（三）有健全的经营管理制度、安全生产管理制度和服务质量保障制度； \n（四）有固定的经营场所和停车场地。 \n第九条 申请人申请巡游出租汽车经营时，应当提交以下材料： \n（一）《巡游出租汽车经营申请表》（见附件1）； \n（二）投资人、负责人身份、资信证明及其复印件，经办人的身份证明及其复印件和委托书； \n（三）巡游出租汽车车辆经营权证明及拟投入车辆承诺书（见附件2），包括车辆数量、座位数、类型及等级、技术等级； \n（四）聘用或者拟聘用驾驶员从业资格证及其复印件； \n（五）巡游出租汽车经营管理制度、安全生产管理制度和服务质量保障制度文本； \n（六）经营场所、停车场地有关使用证明等。 \n第十条 县级以上地方人民政府出租汽车行政主管部门对巡游出租汽车经营申请予以受理的，应当自受理之日起20日内作出许可或者不予许可的决定。 \n第十一条 县级以上地方人民政府出租汽车行政主管部门对巡游出租汽车经营申请作出行政许可决定的，应当出具《巡游出租汽车经营行政许可决定书》（见附件3），明确经营范围、经营区域、车辆数量及要求、巡游出租汽车车辆经营权期限等事项，并在10日内向被许可人发放《道路运输经营许可证》。 \n县级以上地方人民政府出租汽车行政主管部门对不符合规定条件的申请作出不予行政许可决定的，应当向申请人出具《不予行政许可决定书》。 \n第十二条 县级以上地方人民政府出租汽车行政主管部门应当按照当地巡游出租汽车发展规划，综合考虑市场实际供需状况、巡游出租汽车运营效率等因素，科学确定巡游出租汽车运力规模，合理配置巡游出租汽车的车辆经营权。 \n第十三条 国家鼓励通过服务质量招投标方式配置巡游出租汽车的车辆经营权。 \n县级以上地方人民政府出租汽车行政主管部门应当根据投标人提供的运营方案、服务质量状况或者服务质量承诺、车辆设备和安全保障措施等因素，择优配置巡游出租汽车的车辆经营权，向中标人发放车辆经营权证明，并与中标人签订经营协议。 \n第十四条 巡游出租汽车车辆经营权的经营协议应当包括以下内容： \n（一）巡游出租汽车车辆经营权的数量、使用方式、期限等； \n（二）巡游出租汽车经营服务标准； \n（三）巡游出租汽车车辆经营权的变更、终止和延续等； \n（四）履约担保； \n（五）违约责任； \n（六）争议解决方式； \n（七）双方认为应当约定的其他事项。 \n在协议有效期限内，确需变更协议内容的，协议双方应当在共同协商的基础上签订补充协议。 \n第十五条 被许可人应当按照《巡游出租汽车经营行政许可决定书》和经营协议，投入符合规定数量、座位数、类型及等级、技术等级等要求的车辆。原许可机关核实符合要求后，为车辆核发《道路运输证》。 \n投入运营的巡游出租汽车车辆应当安装符合规定的计程计价设备、具有行驶记录功能的车辆卫星定位装置、应急报警装置，按照要求喷涂车身颜色和标识，设置有中英文“出租汽车”字样的顶灯和能显示空车、暂停运营、电召等运营状态的标志，按照规定在车辆醒目位置标明运价标准、乘客须知、经营者名称和服务监督电话。 \n第十六条 巡游出租汽车车辆经营权不得超过规定的期限，具体期限由县级以上地方人民政府出租汽车行政主管部门报本级人民政府根据投入车辆的车型和报废周期等因素确定。 \n第十七条 巡游出租汽车车辆经营权因故不能继续经营的，授予车辆经营权的出租汽车行政主管部门可优先收回。在车辆经营权有效期限内，需要变更车辆经营权经营主体的，应当到原许可机关办理变更许可手续。出租汽车行政主管部门在办理车辆经营权变更许可手续时，应当按照第八条的规定，审查新的车辆经营权经营主体的条件，提示车辆经营权期限等相关风险，并重新签订经营协议，经营期限为该车辆经营权的剩余期限。 \n第十八条 巡游出租汽车经营者在车辆经营权期限内，不得擅自暂停或者终止经营。需要变更许可事项或者暂停、终止经营的，应当提前30日向原许可机关提出申请，依法办理相关手续。巡游出租汽车经营者终止经营的，应当将相关的《道路运输经营许可证》和《道路运输证》等交回原许可机关。 \n巡游出租汽车经营者取得经营许可后无正当理由超过180天不投入符合要求的车辆运营或者运营后连续180天以上停运的，视为自动终止经营，由原许可机关收回相应的巡游出租汽车车辆经营权。 \n巡游出租汽车经营者合并、分立或者变更经营主体名称的，应当到原许可机关办理变更许可手续。 \n第十九条 巡游出租汽车车辆经营权到期后，巡游出租汽车经营者拟继续从事经营的，应当在车辆经营权有效期届满60日前，向原许可机关提出申请。原许可机关应当根据《出租汽车服务质量信誉考核办法》规定的出租汽车经营者服务质量信誉考核等级，审核巡游出租汽车经营者的服务质量信誉考核结果，并按照以下规定处理： \n（一）考核等级在经营期限内均为AA级及以上的，应当批准其继续经营； \n（二）考核等级在经营期限内有A级的，应当督促其加强内部管理，整改合格后准许其继续经营； \n（三）考核等级在经营期限内有B级或者一半以上为A级的，可视情适当核减车辆经营权； \n（四）考核等级在经营期限内有一半以上为B级的，应当收回车辆经营权，并按照第十三条的规定重新配置车辆经营权。\n \n第三章　运营服务\n \n第二十条 巡游出租汽车经营者应当为乘客提供安全、便捷、舒适的出租汽车服务。 \n鼓励巡游出租汽车经营者使用节能环保车辆和为残疾人提供服务的无障碍车辆。 \n第二十一条 巡游出租汽车经营者应当遵守下列规定： \n（一）在许可的经营区域内从事经营活动，超出许可的经营区域的，起讫点一端应当在许可的经营区域内； \n（二）保证营运车辆性能良好； \n（三）按照国家相关标准运营服务； \n（四）保障聘用人员合法权益，依法与其签订劳动合同或者经营合同； \n（五）加强从业人员管理和培训教育； \n（六）不得将巡游出租汽车交给未经从业资格注册的人员运营。 \n第二十二条 巡游出租汽车运营时，车容车貌、设施设备应当符合以下要求： \n（一）车身外观整洁完好，车厢内整洁、卫生，无异味； \n（二）车门功能正常，车窗玻璃密闭良好，无遮蔽物，升降功能有效； \n（三）座椅牢固无塌陷，前排座椅可前后移动，靠背倾度可调，安全带和锁扣齐全、有效； \n（四）座套、头枕套、脚垫齐全； \n（五）计程计价设备、顶灯、运营标志、服务监督卡（牌）、车载信息化设备等完好有效。 \n第二十三条 巡游出租汽车驾驶员应当按照国家出租汽车服务标准提供服务，并遵守下列规定： \n（一）做好运营前例行检查，保持车辆设施、设备完好，车容整洁，备齐发票、备足零钱； \n（二）衣着整洁，语言文明，主动问候，提醒乘客系好安全带； \n（三）根据乘客意愿升降车窗玻璃及使用空调、音响、视频等服务设备； \n（四）乘客携带行李时，主动帮助乘客取放行李； \n（五）主动协助老、幼、病、残、孕等乘客上下车； \n（六）不得在车内吸烟，忌食有异味的食物； \n（七）随车携带道路运输证、从业资格证，并按规定摆放、粘贴有关证件和标志； \n（八）按照乘客指定的目的地选择合理路线行驶，不得拒载、议价、途中甩客、故意绕道行驶； \n（九）在机场、火车站、汽车客运站、港口、公共交通枢纽等客流集散地载客时应当文明排队，服从调度，不得违反规定在非指定区域揽客； \n（十）未经乘客同意不得搭载其他乘客； \n（十一）按规定使用计程计价设备，执行收费标准并主动出具有效车费票据； \n（十二）遵守道路交通安全法规，文明礼让行车。 \n第二十四条 巡游出租汽车驾驶员遇到下列特殊情形时，应当按照下列方式办理： \n（一）乘客对服务不满意时，虚心听取批评意见； \n（二）发现乘客遗失财物，设法及时归还失主。无法找到失主的，及时上交巡游出租汽车企业或者有关部门处理，不得私自留存； \n（三）发现乘客遗留可疑危险物品的，立即报警。 \n第二十五条 巡游出租汽车乘客应当遵守下列规定： \n（一）不得携带易燃、易爆、有毒等危害公共安全的物品乘车； \n（二）不得携带宠物和影响车内卫生的物品乘车； \n（三）不得向驾驶员提出违反道路交通安全法规的要求； \n（四）不得向车外抛洒物品，不得破坏车内设施设备； \n（五）醉酒者或者精神病患者乘车的，应当有陪同（监护）人员； \n（六）遵守电召服务规定，按照约定的时间和地点乘车； \n（七）按照规定支付车费。 \n第二十六条 乘客要求去偏远、冷僻地区或者夜间要求驶出城区的，驾驶员可以要求乘客随同到就近的有关部门办理验证登记手续；乘客不予配合的，驾驶员有权拒绝提供服务。 \n第二十七条 巡游出租汽车运营过程中有下列情形之一的，乘客有权拒绝支付费用： \n（一）驾驶员不按照规定使用计程计价设备，或者计程计价设备发生故障时继续运营的； \n（二）驾驶员不按照规定向乘客出具相应车费票据的； \n（三）驾驶员因发生道路交通安全违法行为接受处理，不能将乘客及时送达目的地的； \n（四）驾驶员拒绝按规定接受刷卡付费的。 \n第二十八条 巡游出租汽车电召服务应当符合下列要求： \n（一）根据乘客通过电信、互联网等方式提出的服务需求，按照约定时间和地点提供巡游出租汽车运营服务； \n（二）巡游出租汽车电召服务平台应当提供24小时不间断服务； \n（三）电召服务人员接到乘客服务需求后，应当按照乘客需求及时调派巡游出租汽车； \n（四）巡游出租汽车驾驶员接受电召任务后，应当按照约定时间到达约定地点。乘客未按约定候车时，驾驶员应当与乘客或者电召服务人员联系确认； \n（五）乘客上车后，驾驶员应当向电召服务人员发送乘客上车确认信息。 \n第二十九条 巡游出租汽车经营者应当自觉接受社会监督，公布服务监督电话，指定部门或者人员受理投诉。 \n巡游出租汽车经营者应当建立24小时服务投诉值班制度，接到乘客投诉后，应当及时受理，10日内处理完毕，并将处理结果告知乘客。\n \n第四章　运营保障\n \n第三十条 县级以上地方人民政府出租汽车行政主管部门应当在本级人民政府的领导下，会同有关部门合理规划、建设巡游出租汽车综合服务区、停车场、停靠点等，并设置明显标识。 \n巡游出租汽车综合服务区应当为进入服务区的巡游出租汽车驾驶员提供餐饮、休息等服务。 \n第三十一条 县级以上地方人民政府出租汽车行政主管部门应当配合有关部门，按照有关规定，并综合考虑巡游出租汽车行业定位、运营成本、经济发展水平等因素合理制定运价标准，并适时进行调整。 \n县级以上地方人民政府出租汽车行政主管部门应当配合有关部门合理确定巡游出租汽车电召服务收费标准，并纳入出租汽车专用收费项目。 \n第三十二条 巡游出租汽车经营者应当建立健全和落实安全生产管理制度，依法加强管理，履行管理责任，提升运营服务水平。 \n第三十三条 巡游出租汽车经营者应当按照有关法律法规的规定保障驾驶员的合法权益，规范与驾驶员签订的劳动合同或者经营合同。 \n巡游出租汽车经营者应当通过建立替班驾驶员队伍、减免驾驶员休息日经营承包费用等方式保障巡游出租汽车驾驶员休息权。 \n第三十四条 巡游出租汽车经营者应当合理确定承包、管理费用，不得向驾驶员转嫁投资和经营风险。 \n巡游出租汽车经营者应当根据经营成本、运价变化等因素及时调整承包费标准或者定额任务等。 \n第三十五条 巡游出租汽车经营者应当建立车辆技术管理制度，按照车辆维护标准定期维护车辆。 \n第三十六条 巡游出租汽车经营者应当按照《出租汽车驾驶员从业资格管理规定》，对驾驶员等从业人员进行培训教育和监督管理，按照规范提供服务。驾驶员有私自转包经营等违法行为的，应当予以纠正；情节严重的，可按照约定解除合同。 \n第三十七条 巡游出租汽车经营者应当制定包括报告程序、应急指挥、应急车辆以及处置措施等内容的突发公共事件应急预案。 \n第三十八条 巡游出租汽车经营者应当按照县级以上地方人民政府出租汽车行政主管部门要求，及时完成抢险救灾等指令性运输任务。 \n第三十九条 各地应当根据实际情况发展巡游出租汽车电召服务，采取多种方式建设巡游出租汽车电召服务平台，推广人工电话召车、手机软件召车等巡游出租汽车电召服务，建立完善电召服务管理制度。 \n巡游出租汽车经营者应当根据实际情况建设或者接入巡游出租汽车电召服务平台，提供巡游出租汽车电召服务。\n \n第五章　监督管理\n \n第四十条 县级以上地方人民政府出租汽车行政主管部门应当加强对巡游出租汽车经营行为的监督检查，会同有关部门纠正、制止非法从事巡游出租汽车经营及其他违法行为，维护出租汽车市场秩序。 \n第四十一条 县级以上地方人民政府出租汽车行政主管部门应当对巡游出租汽车经营者履行经营协议情况进行监督检查，并按照规定对巡游出租汽车经营者和驾驶员进行服务质量信誉考核。 \n第四十二条 巡游出租汽车不再用于经营的，县级以上地方人民政府出租汽车行政主管部门应当组织对巡游出租汽车配备的运营标志和专用设备进行回收处置。 \n第四十三条 县级以上地方人民政府出租汽车行政主管部门应当建立投诉举报制度，公开投诉电话、通信地址或者电子邮箱，接受乘客、驾驶员以及经营者的投诉和社会监督。 \n县级以上地方人民政府出租汽车行政主管部门受理的投诉，应当在10日内办结；情况复杂的，应当在30日内办结。 \n第四十四条 县级以上地方人民政府出租汽车行政主管部门应当对完成政府指令性运输任务成绩突出，经营管理、品牌建设、文明服务成绩显著，有拾金不昧、救死扶伤、见义勇为等先进事迹的出租汽车经营者和驾驶员，予以表彰和奖励。\n \n第六章　法律责任\n \n第四十五条 违反本规定，有下列行为之一的，由县级以上地方人民政府出租汽车行政主管部门责令改正，并处以5000元以上20000元以下罚款。构成犯罪的，依法追究刑事责任： \n（一）未取得巡游出租汽车经营许可，擅自从事巡游出租汽车经营活动的； \n（二）起讫点均不在许可的经营区域从事巡游出租汽车经营活动的； \n（三）使用未取得道路运输证的车辆，擅自从事巡游出租汽车经营活动的； \n（四）使用失效、伪造、变造、被注销等无效道路运输证的车辆从事巡游出租汽车经营活动的。 \n第四十六条 巡游出租汽车经营者违反本规定，有下列行为之一的，由县级以上地方人民政府出租汽车行政主管部门责令改正，并处以10000元以上20000元以下罚款。构成犯罪的，依法追究刑事责任： \n（一）擅自暂停、终止全部或者部分巡游出租汽车经营的； \n（二）出租或者擅自转让巡游出租汽车车辆经营权的； \n（三）巡游出租汽车驾驶员转包经营未及时纠正的； \n（四）不按照规定保证车辆技术状况良好的； \n（五）不按照规定配置巡游出租汽车相关设备的； \n（六）不按照规定建立并落实投诉举报制度的。 \n第四十七条 巡游出租汽车驾驶员违反本规定，有下列情形之一的，由县级以上地方人民政府出租汽车行政主管部门责令改正，并处以200元以上2000元以下罚款： \n（一）拒载、议价、途中甩客或者故意绕道行驶的； \n（二）未经乘客同意搭载其他乘客的； \n（三）不按照规定使用计程计价设备、违规收费的； \n（四）不按照规定出具相应车费票据的； \n（五）不按照规定携带道路运输证、从业资格证的； \n（六）不按照规定使用巡游出租汽车相关设备的； \n（七）接受巡游出租汽车电召任务后未履行约定的； \n（八）不按照规定使用文明用语，车容车貌不符合要求的。 \n第四十八条 巡游出租汽车驾驶员违反本规定，有下列情形之一的，由县级以上地方人民政府出租汽车行政主管部门责令改正，并处以500元以上2000元以下罚款： \n（一）在机场、火车站、汽车客运站、港口、公共交通枢纽等客流集散地不服从调度私自揽客的； \n（二）转让、倒卖、伪造巡游出租汽车相关票据的。 \n第四十九条 出租汽车行政主管部门的工作人员违反本规定，有下列情形之一的，依照有关规定给予行政处分；构成犯罪的，依法追究刑事责任： \n（一）未按规定的条件、程序和期限实施行政许可的； \n（二）参与或者变相参与巡游出租汽车经营的； \n（三）发现违法行为不及时查处的； \n（四）索取、收受他人财物，或者谋取其他利益的； \n（五）其他违法行为。 \n第五十条 地方性法规、政府规章对巡游出租汽车经营违法行为需要承担的法律责任与本规定有不同规定的，从其规定。\n \n第七章　附　则\n \n第五十一条 网络预约出租汽车以外的其他预约出租汽车经营服务参照本规定执行。 \n第五十二条 本规定中下列用语的含义： \n（一）“巡游出租汽车经营服务”，是指可在道路上巡游揽客、站点候客，喷涂、安装出租汽车标识，以七座及以下乘用车和驾驶劳务为乘客提供出行服务，并按照乘客意愿行驶，根据行驶里程和时间计费的经营活动； \n（二）“预约出租汽车经营服务”，是指以符合条件的七座及以下乘用车通过预约方式承揽乘客，并按照乘客意愿行驶、提供驾驶劳务，根据行驶里程、时间或者约定计费的经营活动； \n（三）“网络预约出租汽车经营服务”，是指以互联网技术为依托构建服务平台，整合供需信息，使用符合条件的车辆和驾驶员，提供非巡游的预约出租汽车服务的经营活动； \n（四）“巡游出租汽车电召服务”，是指根据乘客通过电信、互联网等方式提出的服务需求，按照约定时间和地点提供巡游出租汽车运营服务； \n（五）“拒载”，是指在道路上空车待租状态下，巡游出租汽车驾驶员在得知乘客去向后，拒绝提供服务的行为；或者巡游出租汽车驾驶员未按承诺提供电召服务的行为； \n（六）“绕道行驶”，是指巡游出租汽车驾驶员未按合理路线行驶的行为； \n（七）“议价”，是指巡游出租汽车驾驶员与乘客协商确定车费的行为； \n（八）“甩客”，是指在运营途中，巡游出租汽车驾驶员无正当理由擅自中断载客服务的行为。 \n第五十三条 本规定自2015年1月1日起施行。\n \n ', ''),
(361, '《出租汽车驾驶员从业资格管理规定》和《巡游出租汽车经营服务管理规定》解读', '一、《巡游出租汽车经营服务管理规定》做了哪些修订  \n根据《国务院办公厅关于深化改革推进出租汽车行业健康发展的指导意见》（国办发[2016]58号）和《网络预约出租汽车经营服务管理暂行办法》（交通运输部、工业和信息化部、公安部、商务部、工商行政管理总局、国家质量监督检验检疫总局、国家互联网信息办公室令2016年第60号）发布后的规章体系架构，修改后的《巡游出租汽车经营服务管理规定》调整了适用范围，并对出租汽车行业定位、经营者与驾驶员利益分配等方面做出了一系列规定。明确出租汽车是城市综合交通运输体系的组成部分，是城市公共交通的补充，为社会公众提供个性化运输服务。巡游出租汽车发展应当与城市经济社会发展相适应，与公共交通等客运服务方式协调发展。通过明确发展定位，着力构建多样化、差异性城市综合运输服务体系，更好满足人民群众出行需求。针对出租汽车“份钱”问题，要求巡游出租汽车经营者根据经营成本、运价变化等因素及时调整承包费标准或者定额任务等，更好地构建企业和驾驶员运营风险共担、利益合理分配的经营模式，加快推进传统行业转型升级。\n \n二、《出租汽车驾驶员从业资格管理规定》做了哪些修订 \n \n修订后的《出租汽车驾驶员从业资格管理规定》对适用范围进行了明确，出租汽车驾驶员从业资格包括巡游出租汽车驾驶员从业资格和网络预约出租汽车驾驶员从业资格等，并结合网约车新业态的特点，对驾驶员条件、考试内容、证件类别、注册管理、继续教育以及法律责任等方面作了相应适应性调整。\n \n三、为什么要对网约车驾驶员进行管理，修订在哪些方面考虑了网约车的特点？ \n \n无论网约车还是巡游车，提供的是面向公众的普遍客运服务，依法对驾驶员实行准入管理，这是行业管理部门为保证运输安全和服务质量的底线要求。《出租汽车驾驶员从业资格管理规定》修订中充分考虑网约车特点，通过“量身定制”式的制度设计与管理创新，积极支持新业态规范发展。如：与巡游车驾驶员相比，最大限度简化了网约车驾驶员考试内容，并规定其注册及注销，可通过平台公司向发证机关所在地出租汽车行政主管部门报备来完成等。\n \n四、巡游车和网约车驾驶员的申请条件是否一样？ \n \n根据修订后的《出租汽车驾驶员从业资格管理规定》，申请参加出租汽车驾驶员从业资格考试的，应当满足以下条件：取得相应准驾车型机动车驾驶证并具有3年以上驾驶经历；无交通肇事犯罪、危险驾驶犯罪记录，无吸毒记录，无饮酒后驾驶记录，最近连续3个记分周期内没有记满12分记录；无暴力犯罪记录；城市人民政府规定的其他条件。作为出租汽车驾驶员，无论是从事巡游还是网络预约服务，在申请条件上并无区别，为促进新老业态公平竞争创造积极条件。\n \n五、从业资格考试条件中的无暴力犯罪记录等相关证明材料如何提供？会不会给当事人带来不便？ \n \n修订后的《出租汽车驾驶员从业资格管理规定》明确，申请参加出租汽车驾驶员从业资格考试的，应当提供符合相关规定的证明或者承诺材料：（一）机动车驾驶证及复印件；（二）无交通肇事犯罪、危险驾驶犯罪记录，无吸毒记录，无饮酒后驾驶记录，最近连续3个记分周期内没有记满12分记录的材料；（三）无暴力犯罪记录的材料；（四）身份证明及复印件；（五）城市人民政府规定的其他证明材料。目前，我部正在与公安部门积极协调，通过信息化手段，对当事人提供承诺材料予以核实，最大程度为申请当事人提供便利。\n \n六、巡游车和网约车驾驶员的从业资格考试内容有何区别？ \n \n修订后的《出租汽车驾驶员从业资格管理规定》明确：出租汽车驾驶员从业资格考试包括全国公共科目和区域科目考试。全国公共科目考试是对国家出租汽车法律法规、职业道德、服务规范、安全运营等具有普遍规范要求的知识测试。巡游出租汽车驾驶员从业资格区域科目考试是对地方出租汽车政策法规、经营区域人文地理和交通路线等具有区域服务特征的知识测试。网络预约出租汽车驾驶员从业资格区域科目考试是对地方出租汽车政策法规等具有区域规范要求的知识测试。设区的市级以上地方人民政府出租汽车行政主管部门可以根据区域服务特征自行确定其他考试内容。\n \n七、巡游车和网约车驾驶员的从业资格注册管理有何不同？ \n \n修订后的《出租汽车驾驶员从业资格管理规定》对巡游车驾驶员原有的注册规定有关要求基本予以保留，同时考虑到网约车新业态的特点，规定网约车驾驶员的注册及注销，可以通过网约车平台公司向发证机关所在地出租汽车行政主管部门报备来完成。\n \n八、在驾驶员继续教育方面做了哪些优化调整？ \n \n修订后的《出租汽车驾驶员从业资格管理规定》关于驾驶员继续教育，只是提出继续教育的结果性要求，对继续教育的方式和过程则不再作具体规定，并明确驾驶员继续教育由出租汽车经营者组织实施，进一步落实经营者主体责任，注重继续教育实效。同时要求取得从业资格证超过3年未申请注册的，注册后上岗前应当完成不少于27学时的继续教育，以更好地保证服务技能与业务素质。\n \n ', ''),
(362, '交通部：《超限运输车辆行驶公路管理规定》解读', '随着我国改革开放的逐步深入和国民经济的快速发展，特别是国家实施西部大开发、振兴东北老工业基地、中部崛起等区域发展战略以来，重点建设项目规模迅速扩大，同时重型车、大型平板车辆也日益增多。大型物件运输的兴起，有力促进了我国重大装备生产制造业及物流业的国际化、现代化，持续保障了国民经济的高速增长。但受利益驱动，车辆违法超限运输现象也愈演愈烈，严重威胁公路设施及人民生命财产的安全。采取有效措施，遏制违法超限运输行为越发迫切。2000年，原交通部《超限运输车辆行驶公路管理规定》（2000年第2号令，简称2号令）出台后，对大型物件运输提出了具体的要求，我国超限运输车辆通行管理和治理违法超限运输工作由无序、间断、不规范状态，逐步步入正规化、规范化轨道。但随着运输需求的增多，超限运输审批的局限性、不便民等问题日益凸显，无法满足新时期的要求。 \n另一方面，2004年九部委开展联合治超以来，全国货车严重超限超载运输蔓延的势头得到有效遏止，但随着治超工作的深入，原规章存在的自身缺陷及不足逐步显现，如执行标准不一、处罚裁量权过大等问题。此外，通过多年来对超限超载治理，交通运输部制定并下发了一系列的规范性文件，其中一些在实践中证明行之有效，有必要上升到规章的层次予以固化，这也符合依法治国的要求。基于以上几方面考虑，交通运输部在总结多年治超工作经验的基础上，结合新形势新需求以及上位法规定，对《超限运输车辆行驶公路管理规定》进行全面修订。\n \n修订后的《超限运输车辆行驶公路管理规定》（以下简称《规定》）分五章，共五十五条，分别是总则、大件运输许可管理、违法超限运输管理、法律责任和附则。与原2号令相比，修订的主要内容是：统一了超限认定标准，优化了大件运输许可流程，加强了对大件运输车辆行驶公路的管理，规范了对违法超限运输行为的处罚等。\n \n一、统一了超限认定标准。在2004年集中治超中，为了遏止严重违法超限行为，制定了每轴平均轴载不超过10吨，车货总重最高不超过55吨的超限认定标准，与原2号令的认定标准之间存在一定差异，也与2004年发布的《道路车辆外廓尺寸、轴荷及质量限值》（GB1589-2004）车辆生产标准有所不同。与此同时，公安交警部门按照车辆行驶证核定的载质量进行超载治理，标准不统一矛盾越来越突出，国务院文件及相关部委联合发文中曾多次提出统一超限超载认定标准的要求。因此，《规定》结合近期修订的《汽车、挂车及汽车列车外廓尺寸、轴荷及质量限值》（GB1589-2016），对原超限认定标准进行了修改：一是在重量超限认定上，经与公安部、工信部等部门协商一致，按照GB1589确定的最大质量限值作为超限认定标准。二是在外廓尺寸超限认定上，继续沿用了车辆高度4米的标准，车辆长度参照GB1589调整为18.1米，车辆宽度调整为2.55米。并在此基础上，对超过宽度和长度标准，但符合《汽车、挂车及汽车列车外廓尺寸、轴荷及质量限值》规定，且车货总质量未超过限定标准的冷藏车、汽车列车、安装空气悬架的车辆以及专用作业车，不认定为超限运输车辆，使之与车辆生产标准保持一致。\n \n二、优化了大件运输许可流程。《规定》对《公路安全保护条例》确定的跨省大件运输联合审批机制进行了细化：一是对大件运输许可实行等级管理，按照高4.2米、宽3米、长20米和高4.5米、宽3.75米、长28米及总质量100吨的标准将大件运输许可分为三种情形，并在申请材料、程序要求、办理时限上予以区别对待，进一步提高了许可效率。二是规定了受理时间，申请跨省大件运输的，由起运地省级公路管理机构受理，并由其在2日内向沿线各省级公路管理机构转送申请资料。三是规定了办理时间，沿线各省级公路管理机构应根据运输物品的情形分别在2日、5日或者15日内作出许可决定，统一受理和集中办理的时间分别不超过5日、10日或者20日。四是涉及上、下游省份路线或者行驶时间调整的，由起运地省级公路管理机构组织协调处理。五是沿线各省级公路管理机构同意申请的，由起运地省级公路管理机构发放超限运输车辆通行证。\n \n三、提供了多项便民服务措施。一是要求公路管理机构加强与辖区内重大装备制造、运输企业联系，及时掌握其制造、运输计划，加强服务和监督管理。二是要求公路收费站设置超宽车道。三是规定了对同一大件运输车辆多次通行固定路线，装载方式、装载物品相同，且不需要采取加固、改造措施的，申请人可以根据运输计划向公路管理机构申请办理行驶期限不超过6个月的超限运输车辆通行证。四是要求建立大件运输许可管理平台，为公众提供网上提交申请、实时查询办理进度、网上打印通行证等便民服务。\n \n四、规范了加固、改造等行为。对于申请人自行采取加固、改造措施的，要求公路管理机构要对加固、改造方案进行审查，加强现场检查并组织验收。对于申请人不能采取有效加固、改造措施的，可以通过签订协议的方式，由公路管理机构制定相应的加固、改造方案，并组织实施。同时要求采取的加固、改造措施应当满足公路设施安全需要，并提出具体原则。\n \n五、规范了大件运输许可收费行为。《规定》对《公路法》明确的收费范围作了细化：一是需要采取加固、改造等防护措施的，所需费用由申请人承担，相关收费标准应当公开、透明。二是需要采取护送措施的，由申请人自行采取；不能自行采取的，可委托公路管理机构实施，收费标准由省级交通运输部门会同财政、物价部门制定。此外，对经批准的大件运输车辆，途径实行计重收费的收费公路时，对其按照基本费率标准收取车辆通行费。\n \n六、建立了大件运输许可信用管理制度。明确提出了承运人隐瞒有关情况或者提供虚假材料申请超限运输许可的，在1年内不准申请超限运输许可。\n \n七、明确了货运源头管理措施。一是强调了货运源头单位、货运企业和驾驶人的义务：货运源头单位应当安装符合标准的称重检测设备，对出站（场）货运车辆进行称重检测，签发货物装载单，确保出站（场）货运车辆合法装载；货运源头单位、货运企业应当加强对货运车辆驾驶人的教育和管理，督促其合法运输，不得指使、强令货运车辆驾驶人违法超限运输；货运车辆驾驶人不得驾驶违法超限运输车辆，途中应随车携带货运源头单位签发的货物装载单。二是明确了货运源头的监管主体和职责：道路运输管理机构应当通过巡查、技术监控等方式加强对货运源头单位的监督检查，督促其落实车辆合法装载的责任，制止不符合国家有关载运标准的车辆出场（站）。\n \n八、规范了路面执法行为。一是规定公路管理机构应当采取固定检测、流动检测、技术监控等方式，对货运车辆进行超限检测。采取固定检测的，应在省政府批准的治超站进行。二是规定公路管理机构可以利用移动检测设备，开展流动检测。经流动检测认定的违法超限运输车辆，应当就近引导至公路超限检测站进行处理；流动检测点远离公路超限检测站的，应就近引导至地方交通运输部门指定并公示的路政执法站所、停车场、卸载场等具有停放车辆及卸载条件的地点或者场所进行处理。三是规定公路管理机构应当根据保护公路的需要，在货物运输主通道、重要桥梁入口处等普通公路以及开放式高速公路的重要路段和节点，设置车辆检测等技术监控设备，依法查处违法超限运输行为。四是规定公路管理机构应当使用经依法定期检定合格的称重检测设备；未定期检定或者检定不合格的，其检测数据不得作为卸载或者处罚的依据。\n \n九、增加了计重收费站发现违法超限运输的报告义务。计重收费站利用称重检测设备发现通行车辆涉嫌违法超限运输的，有权拒绝其通行，及时报告公路管理机构，并提供相关称重数据、照片、视频监控等资料。\n \n十、提出了超限运输检测技术监控记录资料以及计重数据等资料作为证据使用的规定。2012年修改后的《民事诉讼法》和2015年修改后的《行政诉讼法》都增加了电子数据作为证据种类。《规定》据此要求公路管理机构可以根据保护公路需要，设置超限运输车辆动态检测等技术监控设备；违法行为地或车籍所在地的公路管理机构可以根据这些技术监控设备记录资料，对违法超限运输车辆的所有人依法予以处罚。利用这种“非现场执法”形式获取的证据来执法，大大提高了执法效率。此外，还确立了计重数据等资料的法律地位，规定公路管理机构有权查阅和调取公路收费站车辆称重数据、照片、视频监控等资料，并可以将调取的称重数据、照片、视频监控等资料作为行政处罚的证据使用。\n \n十一、明确了违法信息登记抄报和处理反馈制度。一是要求公路管理机构、道路运输管理机构建立联动执法工作机制，加强对违法超限运输的货运车辆、车辆驾驶人、货运企业、货运源头单位的责任追究。二是公路管理机构在违法超限运输案件处理完毕后7日内，应当将与案件相关的信息和资料抄告车籍所在地道路运输管理机构。三是对1年内违法超限运输超过3次的货运车辆和驾驶人，以及违法超限运输的货运车辆超过本单位货运车辆总数10%的道路运输企业，由道路运输管理机构依法处理，并将结果向公路管理机构反馈。\n \n十二、明确了治超处罚自由裁量权。对于尺寸超限以及重量超限的违法行为，根据违法行为性质、情节和危害程度，明确了处罚自由裁量权。其中，尺寸超限的，按照超限程度分别处200元以下、200元以上1000元以下、1000元以上3000元以下的罚款；重量超限的，明确了每超1000千克罚款500元的标准。\n ', '');
INSERT INTO `xh_user_action_history_data` (`history_id`, `associate_content`, `associate_attached`, `addon_data`) VALUES
(363, '国华网：专访嘻哈学车董事长兼CEO张全雷：我这样看学车APP', '[attach]52[/attach]\n昨天国内各大媒体播出了公安部力推网络平台 缴罚款、约驾考都能在线办了。这对一些不愿意或者说没有互联网思维的驾校是一个非常不好的消息，但拥抱互联网的驾校看到的全部是商机。对于我们嘻哈学车这样软件开发公司来说，更加坚定了我们的目标，也为我们推动嘻哈学车扫清了政策障碍。对在线学车学车来说进入了“快速发展阶段”。\n \n张全雷谈到了几件事:1、如何看待巨头会不会涉入学车App？2、如何看待全国“群雄逐鹿”？3、如何看待行业未来？\n \n给自己打分—“85分”\n \n张全雷给嘻哈学车试运行的表现打了85分，在他看来，这一段时间嘻哈学车犯了太多错，也试了太多错。但整体还是走过来了。在采访中，学经济出身的张全雷一直在讲商业模式，嘻哈学车是市场牵引走的，而并不是技术推动走的。他把驾校看做卖家，把学车人看做买家，而在线学车正是在做一个类似支付宝的平台生意，而未来嘻哈也将由此展开涉足更多相关领域。\n \n而说到试错，记者问到了前一阵嘻哈与平面媒体的广告合作。张全雷说，那也是一次试错，但合作金额没有市场上所说的达亿人民币那么邪乎，事实证明，线下的平面广告并不能带来真正的宣传效果。要知道互联网产品品牌已经退其次了，主要的特征是参与度。所以嘻哈学车走互联网“嘻哈学车”宣传才是对的路。\n \n总的看来，他认为，从立项到现在“惊喜”太多、市场变化太快，国家政策来的也太及时；如果重来一次，嘻哈学车不会走到现在...\n \n怎么看待对手—“群雄逐鹿才刚开始”\n \n谈到对手，张全雷笑称，终于敢说其它学车软件了，2月份之前嘻哈把其它学车APP看成强大的竞争对手，如今，嘻哈学车APP在全国已经名声大噪，进入了学车软件第一梯队。记者问：是不是需要融资，来给嘻哈学车烧钱？张全雷说：“其实嘻哈一直在烧钱，也有几家大的风投来谈过，但是嘻哈现在也有自己的造钱功能，目前这个阶段不需要”。张全雷对此也承认，线下推广真的很重要。对于线下产品，我与线上产品一样的看重，毕竟我们就是做线下产品起家的，线下产品要做好，更要有互联网的“味道”。\n \n怎么看待行业—“相当不容易”\n \n聊到这个行业，张全雷则脱口而出一组排比：固化思维、利益藩篱、竞争激烈、局面复杂、时间仓促。当然，说市场的同时，这五点也是当下嘻哈要面对的。\n \n固化思维，很多人经营驾校大半辈子了，一直都是现有的思维模式在经营着，现在突然间要用互联网思维去想、去做、去赚钱，首先是接受不了，再着就是排斥；学车软件需要花很多的力气去给这些校长们“洗脑”，即使现在国家政策已经“明朗”了。\n \n利益藩篱要打开是非常难的事情，总理说过“触动利益比触动灵魂还难”。其实现在已经有一部分人在用互联网预约考驾照了，但是主管部门是“阳奉阴违”的，背后做了很多的屏障，更不愿意去宣传“自学自考”，只有打破了这些利益链自由化的学车才可以真正的到来，互联网学车才可以没有阻力。\n \n竞争激烈，张全雷并不认为在线学车市场更像团购，在他看来，团购是一个进入门槛很低的市场，如果现在做也能做。但在线学车不是，烧钱+线上+政策给这个行业奠定了相对较高的门槛，即便是巨头也不可能轻易的入场，只有像我们国华光电这样的企业一直在做这个行业，非常了解这个行业才会去做。而即使在这样的情况下，市场竞争仍然激烈，记者得知，市面上已经有许多各行各业进入了这个行业，我看了他们做的产品，要么是纯互联网化，要么就是加互联网，根本没有互联网加的概念在里面。尽管如此，他们也会在局部地区和嘻哈学车竞争一段时间的。\n \n局面复杂，资本、传统、对手都是影响在线学车行业的因素，而作为一个本地化属性较强的行业，每拓展一个城市就面临着一种新的地方“政策”和线下环境。张全雷说，虽然已过了线下推广高峰，但嘻哈仍然保留了一直接近100人的线下团队分布在全国各地，未来的目标是进入国内绝大部分城市。\n \n时间短促，正如上文所说，对于这一行业的变化张全雷只能用太多“阻力”来形容。政策的更迭、对手的更迭、乃至是自身团队的更迭，以及模式的更迭，速度都远远超出了想象，但未来应该会“减速”下来。\n \n最后\n \n面对同行纷纷开始转型，张全雷显得很淡定，表示，嘻哈学车暂时不会涉足其它领域，明年的计划仍是推广互联网驾校和移动互联用户。而讲到学车App的未来，张全雷说了一件事：在线学车的对手不应该是同行，而应该是哪些仍然使用传统模式经营的驾校和学车人这些用户习惯，目前，在各种学车行为中，使用学车App的人只占到学车行为总数的1%，张全雷说，我的目标是做到70%。', ''),
(364, '交通部官网新闻：甘肃构建互联网+驾培服务平台', '\n近日，经甘肃省运管局批复同意，甘肃省互联网+驾驶培训服务平台之行业监管系统正式通过技术验收。\n \n据悉，甘肃省互联网+驾驶培训服务平台下辖三大系统，行业监管系统（A端）为全省统一的政府端，供省、市、县三级道路运输管理机构使用，为行业监管和决策提供数据支持；驾校管理系统（B端）和公众学车系统（C端）则为开放的市场端。其中，驾校管理系统（B端）供驾驶培训机构选用，驾培机构可利用互联网公开驾校教练员、培训车辆和场地、培训时段、收费方式等多种培训服务方式信息。公众学车系统（C端）则供学员选用，提供先培训后付费等多种培训服务方式，满足学员个性化、差异化培训需求。\n \n据了解，互联网+驾驶培训服务平台运营后，甘肃省可通过互联网实现驾校、场地、教练、学员资源等线上宣传、线上报名、预约学车、在线支付、线下培训。培训服务质量通过线上评论投诉，直达目标用户，通过大数据统计分析，向用户推荐优质资源，推进机动车驾驶培训模式变革。\n ', ''),
(365, '政策利好襄助顶尖虹膜技术团队在肥落地生根', '\n虹膜识别，这是比指纹识别更高级的人体识别技术。在合肥，有一群80后青年放弃几十万年薪的管理岗位，义无反顾地走上了艰难创业之路，潜心研究开发虹膜识别技术，致力抢占国内高地，一举填补省内空白。9月10日，合肥虹视信息工程有限公司与安徽国华光电技术有限公司正式签约，在国内首次将虹膜识别技术应用于驾考领域，能有效杜绝驾考中“替考、作弊、违法操作”等行为。\n \n    虹膜是人类黑白眼球之间的圆环体，其纹理特征在人一岁左右形成且终身不变，和指纹相比，虹膜识别唯一性更强，安全性更高(活体采集不可替代)，时效性更快(视频扫描眼球瞬间识别)。合肥虹视信息工程有限公司，这家诞生于2015年的年轻企业，已在虹膜识别技术领域创造了数个第一。自诞生之日起，推出首枚虹膜识别芯片，创新性实现了虹膜识别技术应用的“硬件化”。\n \n    两年来，该公司又在电梯、道闸、驾考等领域开创国内虹膜识别技术应用的先河。事实上，合肥人研发虹膜识别技术肇始于2012年，合肥虹视信息工程有限公司总经理柏一博是六大“创业元老”之一。看到虹膜识别技术的空白和前景，柏一博与合伙人组建了创业团队，从武汉、合肥多所高校招来顶尖人才，主攻虹膜识别技术。\n \n    三年“潜伏”，柏一博带领的团队推出首枚虹膜识别芯片。柏一博的创业搭档虞海锋解释说，以前虹膜识别停留在软件模式上，数据还要回到后台处理，耗时长，芯片诞生实现了“硬件化”。就像商场购物，传统“软件模式”需要经历到后台仓库取货的过程，新的“硬件芯片”可以在店面现场取货。芯片的诞生，大大开拓了虹膜识别技术应用的现实空间。\n \n    兑现当初的承诺，合肥虹视信息工程有限公司伴随芯片同时面世。\n \n    让情怀落地，柏一博的创业团队在合肥顺利扎根。几年来，他们在合肥获得了实实在在的帮扶，房租、水电、专利申报均有真金白银的补贴。去年，合肥高新区管委会特别腾出一楼800多平方米的沙盘展示厅，供合肥虹视研发使用。高新区发放的“合创券”，让合肥虹视专利申报从10万元降至5万元。截至目前，合肥虹视已经申报了5项技术专利。\n \n    在政策的大力支持下，合肥虹视成长迅速，前景广阔。两个月前，合肥虹视与富士电梯签订协议，将在国内生产首批5000台虹膜电梯。“居民乘坐电梯，扫描眼球虹膜，电梯自动到达所居楼层。”下一步，合肥虹视将打造全国首个儿童虹膜识别库，助力公安部门建设第三方寻子系统，为儿童建立终身安全符。同时，将虹膜识别技术广泛应用于信息、国防、公共安全、智能家居等多个领域。柏一博说，合肥虹视将致力于打造中国第一个虹膜比对云平台。（合肥日报）\n ', ''),
(366, '国华网：搜狐网报道嘻哈学车让未来已经到来', '[attach]53[/attach]\n互联网让未来已经到来，嘻哈学车颠覆了传统的驾考驾培行业改变了人们的学车领证习惯！国家机关发声，公安部：构建互联网交通安全综合服务管理平台，提供10大类130多项在线服务 2016年底完成全国推广应用，再次向人们宣传，向企业宣告互联网时代已经到来。\n       作为全国驾考、驾培企业在全国率先使用北斗卫星高精度GNSS用于机动车驾驶人科目考试系统作为主要评判技术的高新技术企业：安徽国华光电技术有限公司推出的互联网智能学车系统，是顺应时代潮流，通过互联网平台更好服务人民群众的一款以移动互联网为主导的手机APP系统学车软件。在“嘻哈学车时代”，学车的人们享受的不单单是“省钱、方便”，更多的是享受着嘻哈学车理念带来的“尊严”，以往考试难，学车累的时代一去不复返了。对于传统意义上的驾校来说，嘻哈学车是助力驾培企业发展的新引擎，新手段。互联网时代革的是固守传统模式驾校的“命”，绝非是革的拥抱互联网驾校的命。\n       互联网时代颠覆了传统行业的一切，也改变了人们生活的方方面面。以往，我们学车需要去驾校报名，驾校安排教练员、教学车辆，现在不是，只要我们拿起我们的智能手机，你运用网上智能学车软件，你就可以轻轻松松的报名，你再点击预约学车，你就可以快快乐乐的找到你满意的教练和就近的驾培基地。通俗的说，现在是我们学车人，选教练选车辆，掌握了选择的自主权。\n       对于驾校来说，刚开始拥抱互联网的“阵痛”是在所难免的，因为互联网改变了我们以往的工作方式，工作状态。我们试曾想过，现在我们不去革自己的命，时代的潮流一定会淹没我们，摧毁我们的“固守”！只有我们改变了，我们才可以适应这个时代，适应我们的社会，更加好的去服务学员，服务我们的社会。自己进步了，带来的不是一点点收入的改善，还有社会的文明，民族的进步。\n新闻链接：http://mt.sohu.com/20150723/n417379541.shtml', ''),
(367, '“网学车”从骗局到真相还有多远？', '摘要：国民跟风是一种病，又赶上国家创新创业浪潮的推波助澜以及驾改东风的持续推进，催生的“网学车”软件在华夏大地揭竿而起，花样模式让人眼花缭乱，应接不暇。那么，作为驾驶培训的主体-驾校如何选择利用“网学车”，百姓如何选择“网学车”软件，是一种时代需要和消费需求，乱象丛生，骗局太多回归本质还有多远？\n \n1、热衷“网学车”创业群体面面观？\n \n选择“网学车”创业的创业者们主流分三种，一种是驾考系统供应商为实现企业转型做出的战略布局；一种是互联网从业者看中了驾培这片互联网细分市场蓝海，商业模块的补充；一种就是一些驾校的举办者想通过建立所谓的“网约车”平台来增加自己驾校竞争力和招生数量，从而达到强大自己，削弱别人的目的。\n \n无论是哪一种动机进行“网学车”的创业者，都是路漫漫其修远兮的创业征程，在短时间内都不会有大的起色或者说快速实现网学车创业者当初的设想，这是一种残酷的现实问题。这中间的逻辑就是其过高的成功预期，残酷的市场环境，不成熟的商业逻辑。还有最重要的一点就是出发点和落脚点的思想扭曲和思维错位，也就是说“网学车”创业者们思考好了你为什么要做“网学车”吗？这个很关键，也是决定你能否走下去、走多远的关键因素。\n \n网学车是一个社会属性特别强的创业项目，如果一个网学车的创业者创建网学车平台是为了赚大钱，实现人生飞黄腾达，那么几乎没有希望可以在这个行当继续走下去，或者说没有持续性。创业需要组织、组织需要愿景，是需要“梦想、理想和思想”支撑的，没有这些的创业者，都是乌合之众，凑拢班子。随着全球经济持续低迷，在经济形势呈下滑趋势的大环境里，补贴经济、免费经济已经不合时宜，现在还在提免费学车，“0元学车”简直就是鬼话。其实，现在的用户是很聪明的，把用户当傻子的创业者自己才是最大的傻瓜，他们至始至终从思想到行为全是骗局，这也是第一批要死掉或者被淘汰出局的伪“网学车”创业者。“0元学车”的推动者都是一帮子没有钱、没有道德底线和职业水准又做着白日梦的人，他们所谓的商业逻辑就是“空手套白狼”，他们自己推理都不通的商业逻辑就开始大肆宣扬他们所谓的商业模式如何如何的好，纯属扯淡。创业项目，只有商业逻辑对了，才有可能成功。\n \n2、“网学车”要解决的问题在哪里？\n \n网学车是先解决痛点才有爽点的一个创业项目，或者说利用互联网打通传统产业与网络平台之间的“利益链条”才是一个网学车的第一步，也就是你利用互联网惠及的利益群体越多你才会有更高的爽点，我们现在说的爽点不是狭隘的理解为一个APP使用的舒服度而是分享。驾校、教练员、学员乃至政府管理部门对其的管理都是利益攸关不可分割的重要组成部分，说大了还有相关的产业链条如何通过“网学车”平台获取商业价值和社会价值。\n \n“网学车”解决的不仅仅是驾校招生，学员学车的问题，更不是免费经济。羊毛出在猪身上，狗买单的商业逻辑本身就是伪命题，羊毛还是出在羊身上，只不过通过“网学车”可以更高效、更便利更符合现在人们生存习惯而已，再深入的讲，网学车可以更有效的资源匹配，疏通好、管理好驾考、驾培中间的各个环节，所以说没有足够的格局和高度以及社会责任感，一切网学车都是纸老虎，不堪一击，没有未来。\n \n3、骗局到真相只有一步之遥\n \n现在的人是很现实的也是很聪明的，难免会有喜欢占小便宜的一小撮人相信了所谓的“0元学车”、免费学车，到头来发现不是他们理解的那种免费，感觉自己上当受骗了，他们的这种经历那是会影响很多周边人群的，也直接导致利用“0元学车”的驾校丧失了品牌价值，被归纳到“骗子”行列，这种负面的口口相传，能量远远的大于新闻媒体的报道。暂且不说“0元学车”推动者们的动机，就其商业逻辑就是走不通的。他们的逻辑思维就是你没有钱又想学车，我们来帮你办理信贷，然后你自己分期去还款，姑且不说银行有多好骗，就学员整个学车下来支付的银行或信贷机构的利息就是一笔很大的费用，一个驾照学下来，算一下，比传统的学车费用多支付了许多，成本远远大于传统学车的成本，接下来还会有人相信吗？还会有人用吗？再接下来还会有人被骗吗？这些人的逻辑思维还有所谓的“互联网生态圈”，学车、买车、购车、保险、购物、车生活，这些利益链条真的就是如此的好关联吗？试想，B-A-T整合起来都很费劲的事情，他们可以做的到吗？\n \n因此来说，网学车很快就会走出“骗局”回归到网学车本质上来，如今的“网学车”从骗局到真相只有一步之遥的距离。', ''),
(368, '解读交通运输部 公安部发布《机动车驾驶培训教学与考试大纲》的内容', '\n为了加强机动车驾驶培训管理工作，规范驾驶培训教学行为，提高驾驶培训质量，制定本大纲。\n一、制定依据\n根据《中华人民共和国道路交通安全法》及实施条例、《中华人民共和国道路运输条例》、《机动车驾驶员培训管理规定》、《机动车驾驶证申领和使用规定》等有关规定制定本大纲，主要包括：机动车驾驶培训教学大纲和驾驶培训教学日志。\n二、学时安排\n1.机动车驾驶培训教学的学时安排见下表：\n2.本大纲的学时为各车型基本学时要求。\n3.增加考试内容和项目的，须相应增加学时。\n4.每个学员课堂学习时间每天不得超过4学时，实际操作学习时间每天不得超过4学时。\n三、教学要求\n1.本大纲分为“道路交通安全法律、法规和相关知识”、“基础和场地驾驶”、“道路驾驶”和“安全文明驾驶常识”四部分内容。每部分内容培训结束后，应对学员的学习进行考核。“基础和场地驾驶”、“道路驾驶”两部分考核不合格的，由考核员提出增加复训的内容和学时建议。鼓励机动车驾驶员培训机构（以下简称驾培机构）聘用二级及以上教练员担任考核员。\n2.“道路交通安全法律、法规和相关知识”和“安全文明驾驶常识”教学可采取多媒体教学、远程网络教学、交通安全体验等多种方式，倡导课堂教学与远程网络教学相结合。课堂教学不得低于6学时，其中，“道路交通安全法律、法规和相关知识”不得低于4学时，“安全文明驾驶常识”不得低于2学时。\n3.“基础和场地驾驶”中“操纵装置的规范操作”和“起步前车辆检查与调整”教学内容，应采用驾驶模拟设备教学；“道路驾驶”中“恶劣条件下的驾驶”、“山区道路驾驶”、“高速公路驾驶”等内容，可采用驾驶模拟设备教学。模拟教学学时为4学时。\n4.“安全文明驾驶常识”教学应与“道路驾驶”教学交叉融合；“基础和场地驾驶”与“道路驾驶”可交叉训练。\n四、其他\n1.驾培机构应根据本大纲制定教学计划，倡导根据学员特点进行差异化教学。\n2.轮式自行机械车（M）、无轨电车（N）、有轨电车（P）三种准驾车型的培训教学大纲，由各省根据需要和地方特点自行制定，并报交通运输部备案。\n3.各省应当根据实际对各准驾车型培训里程做出相关要求，但最低不得少于300公里。\n4.大型客货车驾驶员职业教育，参考本大纲，按有关规定另行制订人才培养方案。\n五、培训教学大纲（培训教学大纲具体内容）\n \n机动车驾驶人考试大纲\n为规范机动车驾驶人考试工作，明确考试内容，提高考试科学水平，制定本大纲。\n一、制定依据\n根据《中华人民共和国道路交通安全法》及其实施条例、《中华人民共和国刑法》、《机动车驾驶证申领和使用规定》、《机动车登记规定》、《道路交通安全违法行为处理程序规定》、《道路交通事故处理程序规定》等有关规定制定。\n二、考试目标\n根据规定，符合国务院公安部门规定的驾驶许可条件的人员，可申请参加机动车驾驶人考试。机动车驾驶人考试执行全国统一的考试内容和合格标准，考核应考人员是否了解和掌握道路交通安全法律法规知识、安全文明驾驶常识和驾驶技能，是否具备驾驶安全意识。对通过考试的人员，公安机关交通管理部门核发机动车驾驶证。\n三、考试内容\n1.本大纲分为“科目一  道路交通安全法律、法规和相关知识考试”、“科目二  场地驾驶技能考试”、“科目三  道路驾驶考试”和“科目三  安全文明驾驶常识考试”四部分内容。\n2.“科目一  道路交通安全法律、法规和相关知识考试”内容包括驾驶证和机动车管理规定、道路通行条件及通行规定、道路交通安全违法行为及处罚、道路交通事故处理相关规定、机动车基础知识等六部分内容。\n3.“科目二  场地驾驶技能考试”内容和“科目三  道路驾驶技能考试”内容按照《机动车驾驶证申领和使用规定》中关于不同准驾车型规定的相应考试项目进行设置。\n4.“科目三  安全文明驾驶常识考试”内容包括安全行车常识、文明行车常识、道路交通信号在交通场景中的综合应用、恶劣气象和复杂道路条件下安全驾驶知识、紧急情况下避险常识、典型事故案例分析、交通事故处置及常见危险化学品处置常识等八部分内容。\n四、考试要求\n1.对考试内容的考核要求按照由低到高分为三个层次，分别是“了解”、“熟知”和“掌握”，高一层次的考试要求包括低一层次的考试要求。\n——了解，要求应考人员清楚考点的概念、作用，能够在简单交通环境中进行识别和应用。\n——熟知，要求应考人员全面了解考点知识，能够理解知识要点内涵，清楚操作要领，并能够分析、解释原因。\n——掌握，要求应考人员能够深入理解考点知识、技能及有关原理，能够在复杂交通环境中综合运用相关知识，熟练驾驶车辆。\n2.考试大纲科目一考试和科目三安全文明驾驶常识考试的考试要点分为通用考试要点和专用考试要点。通用考试要点适用于所有准驾车型考试。专用考试要点适用于大型客车、牵引车、城市公交车、中型客车、大型货车准驾车型考试，大纲考试要点中带有“※”符号的为专用考试要点。\n3.轮式自行机械车（M）、无轨电车（N）、有轨电车（P）三种准驾车型的考试大纲，由各省级公安机关交通管理部门根据需要和地方特点自行制定，并报公安部备案。\n五、考试要点（考试要点具体内容）\n ', ''),
(369, '黑驾校:科目二还没考却被告知以后别来练了', '\n记者 张全录 实习生 黄诗慧 李铭洋\n \n科目二还没考，市民肖先生前天晚上就接到交发驾校青山一分校教练的消息：“明天带你看完场地，我就不管你了。”肖先生诧异地追问，教练回答：总校把分校“甩”了，分校只好把大家“甩”了。而要退钱，似乎也不可能。像肖先生这样的学员，还有一两百人之多。\n \n一两百驾校学员被“甩”\n \n肖先生说，他花了3200元在交发驾校设在青山生态停车场的点报了名。22日，他就要参加科目二考试了，20日晚上，他的教练给他打电话说，明天带他们去谌家矶看考场，看完考场，22日考完试，就各自想办法吧。因为，交发总校把青山这个分校“甩”了。\n \n武汉晚报记者联系了青山的这处分校的一名负责人。肖先生的钱，就是交给了他。\n \n该负责人说，他只是交发驾校总校下面的一个加盟分校。所谓加盟，就是总校给予招生权、场地优惠使用权，教练车由分校自己出。2014年，他买了20辆车加盟成立了这个分校，和交发驾校总校签了为期5年的合同。\n \n“现在才两年，他们（总校）就把我们甩了。我们确实收了学员们的钱，但这钱，除了培训费外，都交给了总校。”这名负责人愤愤不平地说，“我建议学员去投诉总校，找运管或车管，或是市长热线都可以。”\n \n分校总校相争学员受害\n \n总校“甩”了分校，直接的影响就是，总校不再为分校提供优惠的场地了。\n \n昨天上午，位于青山区冶金大道生态停车场的分校练车场地，只有零星几个学员在练车。场地一名管理人员说，这里曾是交发驾校练车的场地，8月15日到期，交发驾校没有再续租，所以，学员就不能再在这里练车了。现在，这些在训练的学员是跟他们私下商量，自掏腰包，再接着练几天。\n \n生态停车场一名负责人也证实，他们和交发驾校确实有5年的租赁合同。不过，8月15日，两年时间到期后，交发驾校没有继续付款租赁场地，所以场地就要被收回了。\n \n这处分校的负责人说，“没了场地，我们想继续教学员练车也没了地方，所以，我们也很无奈。受影响的学员大约有200多人。”\n \n对于总校撂担子不管的说法，交发驾校总校一名负责人联系记者表示，他们这几年一直在亏，承租场地后，根据分校业绩情况，第一年免费给分校使用，第二年，按照每个桩位每年1.8万元的优惠价格给分校有偿使用。\n \n现在总校不想继续租了，分校需要自己找训练场地，天下没有永远免费的午餐。分校不去租赁场地，导致学员无场地练习，分校的责任更大。不过，这名负责人同时也承认，学员是交发的学员，没场地，学员的训练就没有保障，就成为受害者，所以，他们有责任去帮学员协调解决这一问题。\n谁为“甩”学员行为负责？\n \n湖北尊而光律师事务所李澍青律师认为，分校或加盟学校，与总校有合作协议，用的是总校名义招生，总校也认同并给予分校使用这种名义，那么总校就有责任为学员负责。\n \n学员要维护自己的权益，首先可以通过分校与总校沟通。如果沟通无果，可以向相关主管部门投诉总校和分校。当然也可以通过法律途径，向法院起诉总校及加盟分校。分校若认为总校有违约行为，一样可以通过法律途径解决。\n \n昨天下午，记者向交发驾校上级主管部门武汉市交委作了反映，工作人员表示将在22日核实相关情况后，督促驾校依照合同给予受影响学员一个合理的解决方案。 ', ''),
(370, '人工智能：不宜期望过高与“智能”两个概念', '在8月20日召开的“人工智能与智慧家庭”圆桌论坛上，来自研究院所、中外企业和高校的嘉宾围绕人工智能在智慧家庭的落地展开探讨。 \n“不要对当前的人工智能期待值过高”成为嘉宾们普遍共识，大家认为，应从用户需求出发，采取单点突破的方式，把技术转化为产品，解决消费者在某些领域、某个方面的刚性需求。\n \n厘清：人工智能是服务于人而非战胜人\n \n人工智能历经三起两落，起落背后离不开技术的驱动。如果抛开技术不谈，人类痴迷于人工智能的诉求到底是什么呢？\n \n在某些方面，人工智能水平的确能够超越人类，但至于人类有没有必要造出一个比自己还聪明的机器来，中科院计算所教授张云泉说“这个倒不一定”，他认为，类似小冰这样的机器人，能够满足人的某种需求就可以了。\n \n作为小冰项目运营总监的徐元春也认可这种说法。“人工智能被创造出来的目的不是为了打败人类，而是为了让人类生活得更好。”他说，人类社会一直在进化，最有效、最传统、最核心的方式还是对话，小冰在研发和实践中坚持的核心就是对话即平台。\n \n在英特尔中国研究院新技术中心经理张红看来，人工智能对于企业来说就是一个工具。这个工具能够提高你的生产效率，能够帮助你解决问题，由此解决你更多用户面临的问题。\n \n提醒：不要对人工智能抱以太高期待\n \n随着大数据、深度学习技术的出现，人工智能迎来了又一次发展高潮。不过它会和前几次一样，再度偃旗息鼓吗？在专家看来，目前大家对人工智能的期望值过高。\n \n机器人真的能代替人做决策吗？“我觉得这个时代还没有到来。”IBM中国研究院认知交互技术总监秦勇说，今天的人工智能更多是在扮演一个提供帮助、提供建议的角色，未来真的要让机器人在智慧家居或驾驶场景做决策，需要解决很多技术难题。\n \n中科院自动化所研究员黄向生介绍说，大家都希望人形机器人可以代替人类做更多工作，但人工智能其实包括智能和机器人两大块，前者做好容易，但机器人本体要想达到用户的期待值却非常非常困难。\n \n驭驾科技CEO吴甘沙表示，家庭人工智能真正的强需是帮助做家务，这些都需要灵巧控制，目前机器人差得很远，几十万美金的机器人只能做很简单的事情，未来也许随着3D打印和人工肌肉技术的进步可以解决，但需要一定时间。\n \n“要想一步到位走得很远，很高，还需要很长时间。”北京航空航天大学机器人研究所研究员陶永认为，就硬件来说，应避免一些太高大上、太空的东西，还是要把小的、成熟的技术往前推一小步，应用到产品中去，哪怕只是提升一小点功能。\n \n区分：智能和人工智能是两个概念\n \n过去的智能化，与今天人人在谈的人工智能，两者之间是什么关系？在业内人士看来，这是两个概念，却常被混为一谈。\n \n有些做智能化的摇身一变也改叫人工智能了，但海尔人工智能总监、机器人团队负责人李宏言却认为，人工智能需要很多启发式的算法，需要有数据的支持以及训练模型，传统家电加上WIFI、有个APP控制实现联动只能叫智能家电，远远没有达到人工智能的层面。\n \n对此，长虹技术中心副总经理展华益深有感触。他表示，长虹最早对智能的理解是装上安卓系统、加载大量应用，但在人工智能出现以后，长虹意识到当时对智能的理解并不是现在所说的人工智能。他说，“‘懂你’是人工智能最关键的地方，有思考、决策、推理的能力。”\n \n不过在路波机器人CEO颜其锋看来，当前的机器人还是有其局限性的，其实只是人工+智能。\n \n出路：从需求出发 为用户创造服务价值\n \n无论是智能硬件还是人工智能，从现实需求出发，解决用户的消费痛点才是唯一出路。\n \n中国家用电器研究院院长助理、智慧家庭研究中心主任梅晓春认为，企业既要有大的体系思维和规划，但更重要的是从消费端的刚性需求、满足某一个核心需求点出发，而不是从设计入手，这样对于促进行业发展和规模形成才有推动意义。\n \n对于人工智能的价值认知，TCL工业研究院北京创新中心总监刘靓认为有两点： 一是人工智能应用到智慧家庭中本质上要解决家庭的一些问题，真正为家庭带来增值。二是人工智能技术一定是围绕着人的需求不断发展，人的需求会随着社会的发展水平不断升级，人工智能技术的发展必须紧跟社会发展步伐体现相应价值。\n \n陶永表示，未来五到十年，教育娱乐、音视频通话、短途代步等服务机器人将走进普通家庭，医疗机器人、智能健康服务、智能救援机器人等应对老龄化社会的服务型机器人将成为热点。\n \n(来源:新华网)\n \n(责编：赵英梓、林露)\n ', ''),
(371, '国华网：中安在线报道嘻哈学车颠覆传统的驾考驾培模式 拥抱互联网改变学车领证习惯', '[attach]56[/attach][attach]57[/attach]\n\n 互联网让未来已经到来，嘻哈学车颠覆了传统的驾考驾培行业改变了人们的学车领证习惯！国家机关发声，公安部：构建互联网交通安全综合服务管理平台，提供10大类130多项在线服务 2016年底完成全国推广应用，再次向人们宣传，向企业宣告互联网时代已经到来。\n       作为全国驾考、驾培企业在全国率先使用北斗卫星高精度GNSS用于机动车驾驶人科目考试系统作为主要评判技术的高新技术企业：安徽国华光电技术有限公司推出的互联网智能学车系统，是顺应时代潮流，通过互联网平台更好服务人民群众的一款以移动互联网为主导的手机APP系统学车软件。在“嘻哈学车时代”，学车的人们享受的不单单是“省钱、方便”，更多的是享受着嘻哈学车理念带来的“尊严”，以往考试难，学车累的时代一去不复返了。对于传统意义上的驾校来说，嘻哈学车是助力驾培企业发展的新引擎，新手段。互联网时代革的是固守传统模式驾校的“命”，绝非是革的拥抱互联网驾校的命。\n       互联网时代颠覆了传统行业的一切，也改变了人们生活的方方面面。以往，我们学车需要去驾校报名，驾校安排教练员、教学车辆，现在不是，只要我们拿起我们的智能手机，你运用网上智能学车软件，你就可以轻轻松松的报名，你再点击预约学车，你就可以快快乐乐的找到你满意的教练和就近的驾培基地。通俗的说，现在是我们学车人，选教练选车辆，掌握了选择的自主权。\n       对于驾校来说，刚开始拥抱互联网的“阵痛”是在所难免的，因为互联网改变了我们以往的工作方式，工作状态。我们试曾想过，现在我们不去革自己的命，时代的潮流一定会淹没我们，摧毁我们的“固守”！只有我们改变了，我们才可以适应这个时代，适应我们的社会，更加好的去服务学员，服务我们的社会。自己进步了，带来的不是一点点收入的改善，还有社会的文明，民族的进步。\n新闻链接：http://finance.anhuinews.com/system/2015/07/23/006886533.shtml\n ', ''),
(372, '科技部：“十三五”力推新能源汽车技术创新', '21日，以“安全保障 创新引领”为主题的中国电动汽车百人会夏季论坛召开。科技部副部长阴和俊透露，科技部在“十三五”期间将大力推进新能源汽车技术创新发展，目标是到2020年建立完善的电动汽车动力系统科技体系和产业链，为我国新能源汽车产业发展提供更有力的科技支撑。 \n作为低碳化、信息化和智能化的最佳平台，新能源汽车正成为新一轮科技革命的重要载体。阴和俊表示，目前我国新能源汽车技术研发和产业化取得重大进展，技术创新获得显著进步，产业化进程处于引领地位。具体表现在增程技术取得重要进展，关键零部件技术获较大突破。同时，公共技术平台初步建成，建立起较完善的新能源汽车标准体系，基本能满足技术研发及产业化需求。\n \n2016年1—6月，全国新能源汽车累计产销量均超过17万辆，较2015年同期大幅提高。然而，在新能源汽车示范推广应用过程中，暴露出充电基础设施建设不足、车辆安全隐患增加等问题。\n \n“其中安全问题亟须解决。特别是近一年来，电动汽车安全事故呈现上升趋势，除少部分低水平的新能源汽车产品进入市场的原因外，也有因自身安全防护性不足、充电和运营监控防护不够等导致的安全事故。”阴和俊说，新能源汽车安全是一项系统工程，需整车与动力电池以及基础设施各方面共同努力，加强整个系统工程技术的完善与提升，建立有效的运营安全及充电监控保障体系。\n \n阴和俊介绍，从2015年下半年起，科技部联合财政部、工信部等组织实施“十三五”国家重点研发计划新能源汽车试点专项，从基础科学问题、共性核心关键、动力系统技术、集成开发与示范四个层次，重点对动力电池与电池的管理系统、电机驱动与电力电池总成、电动汽车智能化、燃料电池动力系统、插电增程式混合动力系统、纯电动系统六个方向进行研发部署，以完善我国新能源汽车研发体系，升级新能源汽车技术平台。（刘垠）\n \n ', ''),
(373, '张全雷在青年创业者创业科技人员代表座谈会发言！', '\n尊敬的国务院督查组领导、各位小伙伴们：     \n      上午好！今天能够代表青年创业者在这里交流发言，我深感荣幸，也倍感压力。安徽国华光电技术有限公司以及安徽嘻哈网络技术有限公司在各级党委、政府的正确领导下，在各级团委的关心支持下，近年来发展迅速，除了我们自身的努力，更得益于政府扶持与帮助。   \n     自放管服实施以来，政府不仅门好进、脸好看了，对我们企业的发展更关心、更热情了。各种创业扶持政策陆续出台，青年创业环境持续优化，创业者迎来了新的发展机遇，本公司也在近年来走上快速发展的道路。 \n\n[attach]54[/attach]\n\n[attach]55[/attach]\n\n国务院督查组第十三组组长及国务院参事主持会议     \n      安徽国华光电技术有限公司、安徽嘻哈网络技术有限公司（以下简称：国华光电、嘻哈网络）成立于2014年5月27日，坐落在国家科技创新示范市--安徽省合肥市，现拥有员工116名。国华光电是一家从事智能交通行业的高新技术企业，公司依靠创意设计及自主创新，获得了一大批智能交通领域知识产权，涵盖驾考行业硬件产品，软件产品及系统解决方案。国华光电自成立以来，产品不断升级，客户口碑越来越好,每年业绩递增。现在产品遍及广东、广西、深圳、湖南、安徽、江苏、河南、山西、陕西、辽宁、新疆、内蒙古等地。市场的迅速扩张离不开政府的“简政放权、放管结合、优化服务”政策，各地社会化考场逐步放开，行政审批的减少对机动车驾驶人考场的申请和落地都起到了积极的推动作用。国华光电在如此良好的政策环境下，拓展了市场，企业实力快速积累。\n\n[attach]58[/attach]\n\n国华光电、嘻哈网络董事长张全雷代表发言   \n      当2015年中央政府再次提出：“大众创业，万众创新”的时候，公司根据中央政府制定“互联网+”行动计划，秉承“创新迎势赢天下”的企业文化，在政府的良好政策环境下，成立了安徽嘻哈网络技术有限公司。基于国华光电传统产业--服务于驾校的一些软硬件，结合互联网+研发出了两款产品，网学车-“嘻哈学车”APP和“学车电子教练”。这两款产品紧密结合“互联网+驾校+学员”，使互联网思维与驾培行业相结合，实现了考取驾驶证学员线上线下的互动学习，提高了学员参加驾校培训的效率与效果，降低了驾校的经营成本与新手上路的社会风险，也使公司产品线更加完善，涵盖整个驾考驾培领域，广受社会各界好评。公司一跃成为该领域的明星企业。目前我们正在受公安部委托起草机器人教练的行业标准。\n\n[attach]59[/attach]\n\n[attach]60[/attach]\n   \n      在嘻哈网络审批上，较以往特别是营业执照、组织机构代码及税务登记三证合一的实施以来方便、快捷了许多，为我们初创企业融资、融智提供了便捷通道；在政府创新孵化器的培育下，小额信贷和融资得到了根本的改善。相对于从事传统行业的国华光电而言，嘻哈网络从事的互联网+产业，从业人员薪酬相对较高，人力资源成本居高不下；由于互联网产业是一个投入大、收益周期长的创投项目，需要长期大量的资金投入。现阶段，嘻哈网络需要大量的资金和资源整合、结合起来用于产品的推广和应用。随着全球经济持续低迷，民间资本投资在今年以来明显热度有所下降，现互联网相关行业在融资中面临着更多的困难。风投更青睐成熟稳定的产品和公司，小微企业需要用更高的成本获得融资，这些都不利于企业长远发展。   \n       针对于投融资问题，也是小微创新型企业迫切需要解决的核心要素问题，我们建议：一是建立更为科学合理的企业信用等级评定标准，降低企业贷款门槛，引导商业银行对中小企业进行信贷扶植；二是搭建更加规范活跃的投融资平台，拓宽融资渠道，引导创业投资、风险投资等、民间资本等支持培育中小企业发展；三是可以引进政府类相关资金和政策，予以扶持和鼓励，以政府层面推动、建立股权融投资退出机制，信用监管体系从体制上保证小微创新公司的健康持续发展。    \n   “雄关漫道真如铁，而今迈步从头越”，国华光电（嘻哈网络）的生存发展离不开各位领导的关心支持。在经济增速放缓的新常态下，我们深感压力重大，但也坚信，挑战与机遇并存，只要紧扣“创新”这一发展思路，不畏艰辛、直面挑战、抢抓机遇，国华光电（嘻哈网络）必将迎来快速发展的新时期。\n ', ''),
(374, '沪苏浙皖30城共谋“互联网+”发展：抱团实施四大重点行动(图)', '“互联网+”风生水起，作为中国经济“领头雁”的长三角地区如何在这方面继续成为“中国模范生”？3月25日，长三角城市经济协调会第16次市长联席会议在浙江金华市召开，30个成员城市围绕互联网＋’长三角城市合作与发展”主题，展开一年一度的“头脑风暴”。\n\n  \n根据此次会议达成的《“互联网+”长三角城市合作与发展共同宣言》，长三角城市将在“互联网+”上协同发展，在区域内形成“互联网+”新经济形态，使“互联网+”成为长三角地区经济社会创新发展的重要驱动力。\n \n成立于1996年的长三角城市经济协调会是长三角地区唯一的区域合作组织。20年来，该协调会经数次扩容，目前成员城市已有30个，覆盖沪苏浙全部25市和安徽东部的合肥、马鞍山、芜湖、滁州、淮南5市；其中，上海为常任主席方，每年成员城市轮值任执行主席。2017年的市长联席会议将在江苏淮安举行。\n \n携手开展四大重点行动\n \n作为此次长三角“市长峰会”的重要成果，《“互联网+”长三角城市合作与发展共同宣言》首先明确了长三角“互联网+”协同发展的路径与目标。\n \n在路径方面，长三角城市将以创新、开放和包容的“互联网+”思维改革创新，打造区域内“互联网+”产业融合新模式和“大众创业、万众创新”的生态环境，实现长三角区域经济提质增效和转型升级，形成对全国的产业辐射带动能力。\n \n其目标是，力争到2018年，基本实现互联网与区域内经济社会各领域深度融合，基本形成有利于互联网创新的宽松制度环境；力争到2025年，各城市网络化、服务化、协同化的“互联网+”产业生态体系基本完善，区域内“互联网+”新经济形态初步形成。\n \n围绕上述路径与目标，长三角城市将携手在4个方面开展重点行动，分别是“互联网+”基础设施建设、“互联网+”产业园区合作、“互联网+”城市间专题合作项目和“互联网+”一体化公共服务保障。\n \n其中，在基础设施方面，将推进互联网在长三角各城市运行和管理中的应用，加强城市间公共安全、排水防涝、消防、交通、污水和垃圾处理等基础设施的数字化、互联网化改造，提高互联互通和应急处置能力。在产业园区合作上，将共享园区发展信息，交流园区智能化管理经验，发布园区合作指数，形成优势互补、协作配套、共同发展的产业布局。在一体化公共服务保障上，将充分发挥互联网的高效、便捷优势，推行长三角区域内通信资费、医保结算等互联网应用。\n \n根据《宣言》，长三角城市还将在打造“互联网+”运营环境上展开合作，具体举措包括：加强扶持政策制订环节的对接，合力打造长三角工业云制造资源共享平台、产业电商平台，为长三角互联网产业融合创新提供基础支撑；探索建立长三角互联网+传统产业、大数据应用等联盟组织，为区域内互联网创业企业提供政策、资金、场地、人才等方面的综合服务，促进长三角互联网产业基地和集聚区的形成。\n \n启动“协同发展促进幸福度提升”课题研究\n \n在此次会议上，与会市长还共同签署了《长江三角洲地区城市合作（金华）协议》。根据该协议，2016年，长三角将成立青年创新创业联盟和新能源汽车联盟，并围绕城市群合作的重点领域，在6个方面启动课题研究。\n \n长三角青年创新创业联盟的主要任务是，为长三角青年创业者和企业家提供基础的融资、基金支持申报、法律、财税等服务，推进创业项目的产业化和金融化，并为创业者与投资机构间创造接洽机会，提供大型央企、国企等企业与创业产品的转化对接服务。长三角新能源汽车联盟则致力于促进沪苏浙皖3省1市实施充电基础设施互联互通共享，建设绿色高效交通网络体系；加强新能源汽车推广应用合作，形成长效的联动推进机制。\n \n即将付诸实施的6个课题分别为，构建长三角海洋经济合作机制研究；协同发展促进幸福度提升研究；新常态下长三角中小港口港产城联动发展路径研究；长三角城市优化创业创新环境对策研究；“一带一路”背景下的长三角物流品牌建设；长三角城市金融改革路径探索等。\n \n合作协议显示，“长三角城市优化创业创新环境对策研究”课题将通过对长三角城市创业创新环境现状及存在问题的梳理与分析，提出优化创业创新环境建设的对策措施。由温州牵头的“长三角城市金融改革路径探索”课题希望通过分析长三角城市金融现状和温州金融改革经验溢出效应，发现融资保障等方面存在的问题与危机，探索长三角城市金融安全保障等问题。\n ', '');
INSERT INTO `xh_user_action_history_data` (`history_id`, `associate_content`, `associate_attached`, `addon_data`) VALUES
(375, '网约车地方军挑战寡头', '网约车新政与行业巨头合并让市场变天。北京商报记者调查发现，以首汽约车为代表的网约车“国家队”正在加速拓展市场；而类似航班管家旗下自营的伙力专车等小众品牌网约车平台则加大补贴营销力度。伴随滴滴出行与优步中国的战略合并，网约车市场一家独大的局面并未形成，与之相反，从即将落地的兰州、济南等城市的网约车地方政策来看，数量、价格、监管等都可能实行全面管控，这让曾经的网约车巨头面对不小的压力，网约车市场竞争新格局或将形成。\n\n  \n小众品牌营销\n \n“接送机一口价，新用户首单仅需1元。”知名度并不高的伙力专车日前开始加码补贴营销。北京商报记者调查了解到，伙力专车为航班管家旗下自营网约车，主要从事机场、高铁站接送服务，目前已经开通50余个城市，伙力专车新用户1元体验接送机服务原计划在6月期间供用户体验，但截至昨日，北京商报记者依旧能够领取1元接送机／接送站体验券，该券最高抵扣80元（接送高铁最高抵扣50元）。昨日记者以北京商报社为起点，以首都机场3号航站楼为终点计算了解到，伙力专车的经济车型价格为一口价117元，其中包括高速费、停车费等。同样的路程，选用滴滴快车在不包含10元高速费、不动态加价的情况下需108元，易到需96元，伙力专车与上述主流网约车平台价格几乎相同。\n \n除价格上玩促销外，部分当下仍是小众品牌的网约车平台大搞事件营销。北京商报记者了解到，正在火热举行的里约奥运会上，中国游泳队员傅园慧意外走红，随后吉利汽车旗下的曹操专车推出相关视频广告，受到外界关注。据悉，曹操专车为吉利集团战略投资的互联网+新能源出行服务平台，为首个建立新能源汽车出行服务标准的网约车品牌。目前平台集合“新能源专车出行、新能源汽车分时租赁”等服务，平台没有私家车接入，目前仅开通杭州、宁波、青岛三个城市。\n \n \n“国家队”发力\n \n小众品牌网约车忙于营销、补贴用户，首汽约车、益民约车、神马专车等获得地方交通部门认可的专车“国家队”则加速全国布局。首汽约车CEO魏东日前在接受北京商报记者专访时表示，首汽约车目前已经进驻22个城市，车队规模近万辆，其中北京地区车队规模4000多辆。同样是贵阳市主管部门认可的神马专车曾被视为网约车市场的“李鬼”品牌，北京商报记者观察其App了解到，神马专车平台目前已经走出贵阳，可服务的城市包括成都、西安、咸阳等城市。\n \n北京商报记者统计发现，目前市场内已经诞生包括北京首汽约车、广州如约的士、上海的大众交通、强生出行、兰州的益民约车、贵阳神马专车、济南大众交通等近十个品牌的官方版网约车，同时，上述网约车平台也都纷纷表态走出地方发力全国市场。\n \n格局恐生变\n \n网约车合法化时，滴滴出行、优步中国、易到等平台狂欢的场景仍在，滴滴出行与优步中国战略合并引发垄断质疑至今未有结果。但各类网约车平台已闻风而动，行业竞争格局或许也将发生变化。\n \n值得关注的是，兰州市城运处日前通报网约车管理新规在兰州落地实施情况，并宣布已经制定出相关政策落地细则，其中包括网约车将进行数量控制、实施政府定价、规定经营车辆的年限、进行统一标识。消息一出引发巨大反响，不少分析人士认为，这样的管理方式是将网约车管理方式与出租车放在同样的框架内，不符合国家层面对网约车相对开放的管理思路。\n \n有意思的是，今年5月31日，由兰州国资利民资产管理有限公司、兰州交通发展建设有限责任公司、兰州三维大数据标准化研究院有限公司共同发起成立的新型网络约租车公司——“益民约车”面向兰州市场正式发车，采用“公务专车、统一新能源车辆、专业司机”的运营模式，首批投放500辆油电混合车辆。\n \n无独有偶，济南市客管中心昨日表示，未来济南网约车运价先由政府调节,然后再进行市场调节。此前更是有消息显示，未来济南网约车需要价值15万元的B级以上车型才允许加入网约车，不过该消息未能得到官方认可。\n ', ''),
(376, '创新盛果期折射科技强国光明前景', '\n当前，全球创新版图正在加速重构，科技创新已经成为各国实现经济再平衡、打造国家竞争新优势的核心。在诸多前沿基础研究领域，我国正在追赶和接近世界先进水平，有的已经渐居领先地位。唯有看得更远、更广，全面增强自主创新能力，唯有超前规划、提前落子，拿出定力和耐力播下火种、扎实耕耘，才能掌握下一轮全球科技竞争的战略主动。\n \n连日来，中国科技创新喜报频传。8月15日，2016年全球创新指数发布，中国首次跻身世界前25强，并在高科技出口比例、知识型员工等10项指标中拔得头筹；8月16日，我国成功发射世界首颗量子科学实验卫星“墨子”，在量子通信领域成功“弯道超车”，一举走在了欧美前头。\n \n中国逐渐迎来创新成果收获期，也在进入科技创新的黄金发展期。盘点近几年的成绩单，这是人们的普遍感受。“长征七号”运载火箭完成首飞，“蛟龙”号深潜7000米，“可上九天揽月，可下五洋捉鳖”的豪情正在化为现实；继C919下线和运20列装后，AG-600总装下线，“国之重器”接踵登场；中国“天眼”FAST主体工程完工，“墨子”号量子卫星升空……我们取得了一系列重大基础性前沿成就，建设了一批重大科技基础设施，突破了一大批核心关键技术，“深空、深海、深地、深蓝”全面发力。\n \n“为什么像伽利略、托里拆利、斯蒂文、牛顿这样的伟大人物都是欧洲人，而不是中国人或印度人呢？为什么近代科学和科学革命只产生在欧洲呢？”“为什么我们的学校总是培养不出杰出的人才？”今天，我们的科研人员正在用实实在在的成果，回答着曾困扰国人许久的“李约瑟之问”和“钱学森之问”。\n \n收获源于耕耘，厚积才能薄发。我们从一个一穷二白、百废待举的科技弱国成长为具有重要影响力的科技大国，科技创新从跟踪为主转向领跑、并跑、跟跑并存的新阶段，实乃得益于多年来的投入。而在这背后，更有一批科学人员几十年如一日地刻苦钻研。挽救上百个国家数百万人生命的抗疟疾药物青蒿素，是屠呦呦历经190次失败取得的结晶；反导中段试验技术走向新高度，是陈德明团队在大漠潜心研究26年的心血……步步为营、久久为功，我们终于等到了瓜熟蒂落。\n \n科学技术是第一生产力，创新位列五大发展理念之首。着眼未来，我们还需以更扎实的创新继续回答好那两个问题。身处后危机时代，各国都在为产业革命的到来摩拳擦掌，全球创新版图正在加速重构，科技创新已经成为实现经济再平衡、打造国家竞争新优势的核心。而反观国内，推进供给侧结构性改革迫在眉睫，人口结构深刻变化，环境压力日渐加大，消除贫困、优化民生等等刻不容缓，从经济发展、社会建设到生态文明、国家安全，桩桩件件都需要我们在创新上苦练内功，让创新驱动的引擎全速转起来。\n \n在今年的科技创新大会上，任正非称华为“正在逐步攻入无人区，处在无人领航、无既定规则、无人跟随的困境”，“已感到前途茫茫，找不到方向”。某种程度上说，这也是当下中国科技创新在一些领域的缩影。在诸多前沿基础研究领域，我国正在追赶和接近世界先进水平，有的已经渐居领先地位。唯有看得更远、更广，全面增强自主创新能力，才能不断推动科技创新从量的积累走向质的飞跃、从点的突破走向面的提升。唯有超前规划、提前落子，拿出定力和耐力播下火种、扎实耕耘，才能掌握下一轮全球科技竞争的战略主动。日前，《“十三五”国家科技创新规划》面向2030年深度布局，一系列重大项目与国家科技重大专项远近结合、梯次接续，出发点便在此。\n \n作为全国科技创新中心，首都北京有自己的独特优势和使命。一方面，京畿大地集聚了大量优质创新资源，科技与社会发展指数位列全国榜首，“独角兽”企业数量位居全球第二；另一方面，北京要落实好中央提出的要求、给出的定位，服务好创新型国家建设大局，责任很大、任务很重。正因此，在收获着前人辛劳的成果时，北京更有必要盘活资源，做好规划，从实践和理念上把创新放在优先位置。如此，才可算真正当好了科技创新排头兵。\n \n日日行，不怕千万里；常常做，不怕千万事。这是个笨办法，也是个好办法。延续前人的优良作风，汲取历史的有益经验，谨记科技创新的紧迫使命，我们终将收获累累硕果，早日成为世界科技强国。\n ', ''),
(377, '国华网：新安晚报报道嘻哈学车APP催生互联网驾校发展—引爆驾培行业新“钱”景', '[attach]61[/attach][attach]62[/attach]\n从2010年到2014年，驾驶人数量增加了1亿。驾驶人总量占全国总人口的22%，每5个人或3个适龄驾驶人中，就有一个人拥有机动车驾驶证。女性小汽车驾驶人从10年前的300万人增加到6059万人，增加19倍，而同期男性小汽车驾驶人仅增长了7.4倍。15%的大学生在校期间就取得了机动车驾驶证，还有超过50%的大学生持驾驶证毕业。近10年，51至60岁年龄段的小汽车驾驶证增长速度最快，60岁以上老年驾驶人从10万增长到393万，增长了38倍。2014年我国驾驶培训次数达到2769.90万次。驾驶培训机构达到13542家，驾驶培训机构车辆67.23万辆，预计2020年我国驾驶培训次数5726.66万次，驾驶培训机构数23342家，驾驶培训机构车辆110.83万辆。\n\n消费者可以选择不同的驾校，但是一般只能在该地区选择，一方面，驾驶培训对外地学员的收费要高，另一方面，选择外地培训的成本太高。目前，驾校市场实际上是一个相当封闭、明显“供给不足、求大于供”的市场，即“伪市场”。近年来，我国机动车驾驶人数量保持持续增长，导致车管所和驾校的服务压力激增，部分城市存在学员积压情况。截至2011年年底，合肥驾考学校积压学员多达40万。\n\n2013年初补费风波带来的是驾培行业持续一年的低迷，大量教练苦于没有生源，由于教练入行门槛低，2014年起又有大量的出租司机，外来教练，80、90后无证教练涌入这个行业，实力稍弱的老教练逐渐被淘汰，剩下的教练日子也不好过。驾培业发展的外部环境和内在条件虽然较为有利，但面临的矛盾依然不少。\n\n驾考新规相继出台，驾培行业改革提上日程，固守传统培训模式必然会使驾校的盈利之路越走越窄。积极革新经营模式，改变低效的训练模式是每个驾校都无法忽视的发展问题，智能驾培的适时出现给这些思考中的驾校带去一丝曙光。\n\n今年，李克强总理在政府工作报告中提出制定“互联网+”行动计划，将为互联网与传统行业各个领域的融合发展提供更大空间。可以展望的是，互联网时代的驾培行业，将快速走向规范化、信息化，公众足不出户就可以享受更加高效、规范的驾培服务。\n\n嘻哈学车 APP是驾培行业互联网的先行者之一。专注驾培行业多年，集驾培、驾考、陪练等学车基础服务，购车、车贷、保险等后期服务于一体，为客户提供驾培驾考一站式，多维度的全程跟踪服务。\n\n嘻哈学车APP平台收录了全国最全的驾校信息，轻轻一点，即可找到离自己最近的驾校，地图+导航，轻松找驾校。同时学车APP题库更新快，类目全，涵盖小车、客车、货车及摩托车。每日练一练，考试真轻松。不怕考题跟不上节奏!嘻哈学车APP在线预约系统，等你来约!方便快捷。买车?年审?学车APP后时代统统都可以帮你解决!嘻哈学车APP在手，驾照无忧!\n\n产品功能\n\n1.智能筛选：根据招生范围、练车时间、人气口碑自动筛选推荐合适驾校;\n\n2.智能匹配：人气最高、口碑最好、价格最低、认证推荐，为您匹配最合适的驾校;\n\n3.点评驾校：给驾校最中肯的点评，帮助其他学员找到更合适的驾校;\n\n4.驾校认领：权威驾校认领系统，尊享13项认领特权，让驾校和学员都能省心、放心;\n\n5.驾校管理：驾校信息管理，移动办公，展示驾校风采，给学员一个选择你的理由。\n\n互联网时代正在对驾驶员培训带来前所未有的冲击，深入改变着驾校学员的消费习惯和学习方式，也促使驾培机构教学模式和服务理念的全面革新。针对这些冲击，驾培行业应该使用更多的科技手段，更好的服务产品来满足学员和市场的需要。\n\n互联网学车第一品牌-嘻哈学车APP祝您学车愉快!\n\n新闻链接：http://jd.ahwang.cn/html/201509/21354404.html', ''),
(378, '未来驾培：是互联网➕学车还是驾校➕互联网？', '\n 摘要：什么是互联网➕，什么是➕互联网？在整个行业还没有弄清楚这些概念和商业逻辑时，互联网对驾校开炮，驾校对互联网抵制的“硝烟弥漫”笼罩着整个行业乃至整个社会。这些不成熟和消极思想无疑是驾考、驾培改革的最大系统摩擦力，也是回避不了的话题……那么驾考、驾培政策改革与互联网推动的驾培市场格局重塑之间矛盾吗？利益对抗还是利益共享，这是一个越讨论扑朔迷离的话题。  未来驾培：是互联网➕学车还是驾校➕互联网？首先我们解析一下什么是“互联网➕和➕互联网！”互联网➕是利用互联网和技术打通传统产业与市场、供应关系、金融服务、资本、人力、管理乃至相关低效资源不合理的配置和优化升级，那么什么是➕互联网呢？简单的说就是我们日常办公时使用的信息软件，我们企业建的网页、公众号、邮箱等等。未来驾培：是互联网➕学车还是驾校➕互联网？其次，互联网➕不仅仅是行业格局的重塑，利益的再分配或者什么免费经济的符号，这些互联网危机论者都是一些利益攸关者和肤浅的解析者，也是历史车轮进步的悖逆者。互联网是一个时代的音符，它的出现是人类文明的重大进步，绝非是祸害人们的洪水猛兽……至于互联网如何更好的服务行业、服务于行业经济，这需要我们共同努力推动它，研究它的规律和发掘它的价值，并不是简单的解析互联网的“属性”。  至于互联网革命于驾校还是驾校利用了互联网，这个是一个非常浅薄的话题和消极思想蔓延。那么，现在大多数驾校没有利用互联网的日子就好过了吗？我想，未必好过，利用了互联网的驾校日子就难过了吗？我想，未必难过。虚拟经济与实体经济是一种相互依存的关系，并非谁干掉了谁，谁灭了谁就可以活的更好，互联网经济最大的特质就是“分享经济”，如何分享是我们迫切需要研究的核心问题。如果我们还无法看清楚互联网或者对其很迷茫，那么有一条识别标准最简单也最有效，那就是有没有用，管不管用！ 回到互联网学车话题，仅仅一年多的时间，互联网学车在国家驾考、驾培改革的影响下，如雨后春笋在华夏大地拔地而起，其出身也五花八门，也有很多做驾校的老板投入进来，推崇所谓的“互联网驾校”，这是把前半生赚的钱用最短的时间烧完的节奏，如果说驾改、驾培改革要灭掉一些驾校才能罢休，那么，最先倒下的就是拖着重资产又盲目投资“互联网驾校”的这些哥们。驾校就是驾校，无论互联网来袭多么猛烈，驾校利用好它远比开发再利用它切合实际的多...饿肚子了，想到的不是去饭馆弄几个菜，而想养猪再吃肉，这样的思维逻辑就有问题。 互联网学车是驾培行业资源的整合绝非格局的重塑，也并非完全性质的对抗关系，而是虚拟经济与实体经济的优势互补、资源的完美匹配，互联网利用自身优势梳理、整合、优化整合闲散资源或者是说让传统驾校的资源都发挥到极致，这是它的价值所在。互联网学车也并非坊间传说的“淘宝、滴滴模式！”，不同的行业其呈现模式差别还是很大的，如何把互联网学车和互联网出行更好的融合到一起这是一件非常有价值的事情值得大伙们一起努力，互联网经济也并非免费经济，羊毛出在猪身上，狗买的单，这仅仅是一句玩笑，没有共赢就没有价值。 \n ', ''),
(379, '电磁轨道炮：临近空间战争的杀手锏？', '\n在科幻电影《变形金刚Ⅱ》中，游弋在大洋上的美国战舰配置有一种超级武器，凭借其惊人的威力与超高的精度，在决战之关键时刻，它令金字塔顶的“狂派”机器人瞬间即灰飞烟灭，这就是美军借好莱坞影片广为宣传的神秘杀手——电磁轨道炮。\n \n美军借好莱坞影片广为宣传的神秘杀手——电磁轨道炮。\n \n美军借好莱坞影片广为宣传的神秘杀手——电磁轨道炮\n \n自1920年法国科学家维勒鲁伯提出原理设想，经20世纪80年代美国“星球大战”计划高调渲染，直到近年来美国海军频繁试验，电磁轨道炮的相关技术难题日渐被攻克，距离真正走上战场指日可待。至此，作为临近空间飞行器的未来杀手，其广阔的军事应用前景，势必将重绘未来空天一体化作战的图景。\n \n美海军首次展示电磁轨道炮原型炮\n \n在美国海军试验的新型电磁轨道炮，所产生的爆炸可以使得一大块金属在空气中的速度达到5600英里每小时（约2.5千米/秒），试验的终极目标是将电磁轨道炮制成一个可舰载的能量为20-32兆焦的武器系统，射程能够达到50-100海里，由此可见，特殊的研制机理赋予了电磁轨道炮特殊的作战威力。\n \n其一是速度快。由于电信号的响应速度接近光速，因此，电磁轨道炮的电控制与电发射技术的响应时间也就极短。弹药无需携带弹丸，质量较一般炮弹弹丸轻，从而可以获得较高的装填速度。加之与小质量弹丸配合的轨道炮本体体积小、质量轻且加速快，因此轨道加速射弹的时间极短。于是，将这种超高速武器运用到临近空间作战中，一方面，传统防御系统由于助推时间过长而不能在助推段飞行起到拦截作用，而电磁轨道炮初速快的显著特点正好化解了这一难题；另一方面，低空、近程防空可采用电磁轨道炮发射无控射弹或电热炮发射受控弹头，其速度快、质量轻的特点有助于迅速瞄准、准确跟踪移动目标。\n \n其二是隐蔽性强。利用隐形化的进攻武器对敌人的各个战略枢纽进行毁灭性打击，可诱使敌人投入巨大的防御成本，而依旧陷入极大的恐惧之中，最终对其形成有效战略威慑，全面瓦解其主导优势。对此，电磁轨道炮不携带药弹、质量轻、体积小的特点使其在发射时不产生火焰、烟雾及冲击波，因而不易被敌人发现。这种隐形性使得电磁轨道炮的军用价值更加显著，为运用其在临近空间完成预警探测、侦查监视、通信保障及电子对抗等军事任务提供了坚实基础。\n \n其三是抗电磁干扰能力强。电磁干扰，简单而言，就是在电磁环境下任何能够引起装置、设备或系统性能下降或对无生命物质产生损害作用的电磁现象。电磁干扰的原因主要有两种：一种是通过导电介质把一个电网络上的信号耦合到另一个电网络之上，通常称之为传导干扰；另一种则是干扰源通过空间把其信号耦合到另一个电网络上，通常称之为辐射干扰。如何有效提高武器装备的抗干扰性是现代战争的重要命题。而将电磁轨道炮运用到临近空间则不会遇到这样的难题，原因如下：一方面，作为高功率脉冲武器的电磁轨道炮，本身早已经受过自身系统的强电磁干扰，外来的电磁干扰相较之下则可忽略不计；另一方面，速度快、射程远的电磁轨道炮可以反过来干扰其它电磁武器，可谓不战而胜。\n \n美国海军成功试射电磁轨道炮\n ', ''),
(380, '“伪创新”为何会流行？', '\n被誉为“治堵神器”的“巴铁”在短短几天中就被反转，不仅被质疑缺乏科学基础、发明“不实用”，是“伪创新”，更被怀疑已经变成融资的“噱头”。这种情节让我们想起了年初因引力波而意外蹿红的“民科”郭英森，短短几周时间，这个被众多明星大V力捧的“悲情人物”，很快就被证明连基本科学基础都不具备。\n \n这不仅让我们思索，到底是什么把他们带到聚光灯下，引起了公众的亢奋？更重要的是，在大众创业、万众创新的时代背景下，真正的创新应该是什么样的呢？\n \n有人将这些“非科学”、甚至“伪科学”的流行，归结为公众科学素养不足。这很有道理，如果公众缺乏必要的科学素养和科学精神，同时被同情所谓“弱者”的“本能”卷积起来，战胜理智，就会出现盲从。\n \n笔者不禁要再次呼吁科学普及的重要性——科技创新需要科学普及夯实基础。2016年5月30日，习近平总书记在“科技三会”上发表的重要讲话，高屋建瓴地论述了科学普及与科技创新的关系：“科技创新、科学普及是实现创新发展的两翼，要把科学普及放在与科技创新同等重要的位置。没有全民科学素质普遍提高，就难以建立起宏大的高素质创新大军，难以实现科技成果快速转化。”\n \n科技创新需要想象力，但这种想象力必须建立在科学基础之上，不能违背客观规律。而夯实这种基础的最有效途径，就是加强科学技术的普及。如果科普跟不上，一些领域的创新就会乏力，就会给那些披着高科技和创新的外衣、行欺骗公众之实的“伪创新”以可乘之机。而因为缺乏科学知识，公众也容易被蒙骗。这将阻碍真正的创新，并且挫伤公众对大众创业和万众创新的热情。\n \n防止“伪创新”干扰正常的科技创新秩序，需要多管齐下。就公众而言，我们需要强化科普工作，让互联网时代的科普“触手可及”，让公众掌握科学思维和科学方法，理智地作出判断。对政府决策部门而言，应该多征求科学家的意见，在对创新项目进行支持时，建立科学评判的遴选机制，别被“伪创新”天花乱坠的前景“忽悠”着“拍脑袋”。同时，我们也应该对创新进行必要的反思：什么样的创新是我们需要的，是我们应该鼓励的，是我们应该支持的？此外，大众媒体也要承担好把关人的角色，多思多想多核实，创造良好的科学普及和科技创新的媒介环境。\n ', ''),
(381, '张全雷：学车机器人教练未来已经到来！', '\n 摘要：市场需求催生了嘻哈学车电子教练横空出世，人类生存习惯的改变是嘻哈学车电子教练的生存土壤，嘻哈国华团队说：“我们做这些就是为了改变这个世界，哪怕是一点点的改变......   一、”谈时代有人说这是一个互联网时代，也有人说这是一个人工智能时代，也有人说这是一个科技改变世界的时代，都没有错。我们想说，这是一个给人惊喜太多的时代，一个变幻莫测的时代也是一个只有你想不到没有人做不到的时代。互联网时代可以说是人类的第三次工业革命，与前两次不同的是这次释放的是大脑加体能，一个以互联网＋人工智能催生的“懒人经济时代”已经到来。 二、谈背景嘻哈学车电子教练是在互联网时代大背景下，国家驾考、驾培改革的东风下应运推出的互联网＋机器人的“学车工业机器人教练应用”，这是对于驾培行业的一项伟大技术变革，释放的不仅仅是驾校劳动力体能还有极速的培训效率，也是高质量、标准化、学车文明度的社会进步。 三、谈技术嘻哈学车电子教练是由嘻哈国华团队倾情打造并推向市场的“互联网＋人工智能”学车培训整体解决方案的一环，也是围绕“智慧驾考、智慧驾培”打出的线上线下第一张‘王牌’，并非原始技术的创新，而是基于成熟应用技术的系统集成，是一款基于互联网、人工智能等技术应用的技术资源整合，已是成熟的技术产品和学车电子应用。 四、谈经济嘻哈学车电子教练的设计理念是一人管理“3-5台车”，对初学人员来说，只需要熟悉驾校培训车辆基本操作即可进入“嘻哈学车电子教练”学车体验，同时是教练的好帮手，学员的好老师，驾校的好员工。大面积的应用于驾校每年可以为驾校节约70%以上的人力资源成本，省下的钱就是驾校多赚的钱。 五、谈市场嘻哈学车电子教练是为了满足年轻一代学员的心理诉求，好奇需求，体验需求，尊严需求的人工智能学车应用。是被广大学车青年热捧的驾培机器人系统创新型集成产品，也是基于互联网＋打造的懒人经济产品，同时也是驾照“自学直考”一对一服务的教练员补缺、补充利器。 \n ', ''),
(382, '学车机器人教练离我们有多远？', '\n 最近国内几个活跃的驾培行业交流微信群里，大家都在热议“机器人教练”（另称“嘻哈学车电子教练”），有厂家宣称已经研制出“机器人教练”投放市场，可以取代真人教学的大部分工作。有驾校校长热捧，也有驾校校长不屑一顾。随着驾考改革的深入，中国人口红利的释放殆尽，转型期的驾校希望通过对新科技的应用降低成本、提升效率；而全国电子化考场集中建设了几年后，产能过剩的驾考设备厂家依托技术优势试图向培训市场浸透扩展蓝海。两种作用力下，“机器人教练”概念的出现，也就不足为奇了。 中国“机器人教练”据称已经上市销售的南北皆有，北方以北京河北为甚，南方以合肥南京为据。作为一个行业观察者，不亲临现场一睹风采，难平一颗好奇心。盛夏时节，走访了位于合肥的几家“嘻哈学车电子教练”研发基地。   机器人教练离我们有多远？从目前设备所呈现的实际效果来看，称为“嘻哈学车电子教练”要更为贴切一些。因为“机器人”这个概念对人体仿生的要求更高，而目前还无法与学员互动的设备妄称“机器人教练”，确有“大跃进”之嫌。“嘻哈学车电子教练”现在的主要功能是可以从事科目二单项科目的教学，还无法从事科目三教学。就能够从事的科目二教学情况来看，主要是辅助教练员教学，分工情况为：1、初步讲解由人工教练完成；2、单项的重复练习由“嘻哈学车嘻哈学车电子教练”完成，主要功能是通过屏幕示范教学与语音指导训练；3、科目的连贯训练由人工教练完成。由这个分工情况来看，嘻哈学车电子教练能够协助真人教练完成的教学大概占据科目二的一半学时部分。 机器人教练离我们有多远？嘻哈学车电子教练的工作原理主要借助车载GPS（或者精度更高的差分技术）和一些感应设备，判断车辆的行驶轨迹，并通过语音对学员进行教学提示。学员可以通过车载电脑选择需要培训的项目，接收设备对培训情况的实时提示，记录培训过程的数据等。有些嘻哈学车电子教练产品还设置有遇到障碍物自动刹车等主动安全功能。嘻哈学车电子教练时下的售价基本上在40000元/台左右，结合上面综述的功能，性价比几何？校长们就仁者见仁智者见智了。  机器人教练离我们有多远？从开发者的角度来说，嘻哈学车电子教练减轻了人工教练的劳动量，有些重复的工作交给机器，节约人工成本；标准化的教学便于管理与复制，杜绝了人工教练教学与情绪管理的不确定性；嘻哈学车电子教练不可能产生吃拿卡要，解决了驾培行业广受诟病的痛点。更高级的想法是通过手机客户端APP、嘻哈学车电子教练、驾考设备打通学员从报名到考试拿证的信息通道，从而打造一个驾考领域的互联网生态闭环。 机器人教练离我们有多远？从驾校经营者的角度来说，对嘻哈学车嘻哈学车电子教练有期待，但是这种期待绝对不限于仅仅解决科目二的项目练习，而是希望真正能够完成整套实际操作练习，尽大可能的取代真人教练。这种期待其实是对人工智能领域的一种高标准要求，由于对技术的陌生，这种超现实的期待与实际技术的反差其实是很大的。 机器人教练离我们有多远？从我的观察来看，嘻哈学车电子教练的开发难度是远远高于驾考产品的。驾考产品在使用时只需解决一个评判问题，学员按照自己平时练习的水平操控车辆，驾考产品对正确的操控说YES对错误的操控说NO即可，二者之间不需要交互。而嘻哈学车电子教练从事的教学任务，是需要与学员不断交流互动的，而这种互动中不确定因素太多，所以对人工智能的要求更高，和目前简单的语音播报差距甚远。然而要解决人工智能的很多要求，非短时间的研发与有限的资金所能及的。而要打通整个驾考背后的信息通道，更是一条漫漫长路。开发者可否放下心态？从高精度培训记录仪的角度切入，解决眼前驾校急需解决，而技术又能够解决，最重要性价比又适度的产品。我想这样的产品应该更贴合市场一些。   \n ', ''),
(383, '施一公：科技创新需要更大的责任和勇气', '\n“同学们，大家也许会诧异：为什么要义无反顾地追求科学、创造技术？原因很简单：当今的中国异常喧闹。” 中国科学技术协会副主席、清华大学副校长、中国科学院院士施一公直截了当地说。\n \n施一公是在第31届全国青少年科技创新大赛的开幕式上发表上述观点的。8月14日晚，面对参加本次大赛的500多名青少年选手、200名科技教辅人员和看台上以大学生为主体的观众，施一公作了主题为“科技创新需要责任和勇气”的主旨演讲。\n \n看着在座的年轻人，施一公“感慨万千”。从20世纪初中国“落后挨打”的窘境，到20世纪三四十年代“抗日救亡”的历史，从21世纪初“伟大复兴”的征程，再到中国“和平崛起”的严峻环境，49岁的施一公越说越激昂。他鼓励年轻人义无反顾地追求最前沿的科学，“为中华崛起和人类文明作出自己的贡献”。\n \n施一公认为，当下投机取巧、不劳而获的扭曲价值观在互联网上时时被热捧，拜金主义和对物质享受的狂热追求成为一些青少年的生活目标。所以他特别强调：“在当今社会，做正确的事情，是要有些定力的。”\n \n让施一公感到庆幸的是，他发现，定力、责任感、创新精神这些品质在一些中国企业身上得到良好的诠释。\n \n他对在座的青少年介绍说，有这么一家企业，1987年创立，在公司发展初期，就毅然决定把每年至少百分之十的销售收入投入研发。尽管它艰难起步，不被看好，砥砺前行，但这一点从未动摇。2015年，这家销售收入高达3950亿元人民币的企业拥有7.9万名研发人员，分布在全球16个研发中心，企业专利申请量居全球首位。\n \n“这是一家民营企业，叫华为！我这样理解华为二字：华为，中华所为，中华作为！”施一公大声说。在他看来，以中铁、中国交建、中国重工、中国中车等为代表的一批大型国企，和华为一样，都是在“异常喧闹”的环境中书写“中国篇章”的民族脊梁。\n \n对比这些“脚踏实地”的企业，施一公尖锐地批判：“在同一历史时期，在中国产生了许许多多不需要前沿科学技术就能挣大钱的捷径和一大批暴发户……在一些人眼里，财富成为简单的衡量成功的唯一标准。” 他疾呼，这种渲染会给青年学生、百姓大众带来错觉和误判。\n \n小时候看到的一张贴画至今让他印象深刻——一个梳着长辫子的中国人弓着腰，被一个外国士兵从后面殴打。\n \n“一个大国如何才能避免挨打？我相信，任何一个接受过基本教育的公民，都应该毫不犹豫地回答：来自科学技术。对于世界上任何一个强国，科学技术是最终的话语权！” 施一公说。\n \n中国青年报·中青在线记者观察到，施一公在说这些话时，记者周围的年轻人都停止了玩手机，伸着脖子、挺直腰板看着他。\n \n最后，施一公呼吁：在目前的网络噪音干扰之下，坚持科技创新需要更大的勇气和责任心。\n ', ''),
(384, '中国制造 奥运场上的另一股“洪荒之力”', '\n四年前，“中国制造”逐鹿伦敦。当年奥运会所有授权商品中，“中国制造”占比65%。“Made in China”的标签贴在运动员的服装上、场馆建设的零部件上，以及各种纪念商品上。成本和速度，是世界赋予“中国制造”的加分项；而利润和品牌，却成了国人眼中的减分项。 　　四年后，和运动员举起的国旗一样飘扬在里约奥运会上的，还有“中国制造”举起的实业大旗。正经历发达国家“高端回流”和发展中国家“中低端分流”双向挤压的中国企业，在里约赛场上，赢下了一个个漂亮的“单项冠军”。\n \n从为奥运服务的地铁列车，到比赛场馆的安检和对讲，从保障奥运会运转的全程供电系统，到场馆和运动村的空调设施，从比赛器材到兴建场馆的工程机械……。在里约，“中国制造”除了以往“Made in China”的统称，也慢慢享有各自专属的“代号”：中国中车、三一重工、中联重科、徐工集团、雷沃重工、美的电器，等等等等。中国制造业不再以“代工”的模样躲在背后，而是携着自己的品牌，走向前台。\n \n这既是一场高性价比的全球公关，更是一次厚积薄发的能量释放。它的背后，是站在十字路口上的中国制造业选择产业升级放弃走老路的结果。\n \n制造业是国民经济的主体，是立国之本，兴国之器，强国之基。逐渐丧失的低成本优势和一些高精尖领域的技术缺位，横亘在中国走向制造强国的道路上。不仅如此，我国制造业在整体质量、创新能力和品牌塑造上距离发达国家仍有较大差距。\n \n根据《中国制造2025》行动纲领，推动中国制造向中国创造转变，中国速度向中国质量转变，中国产品向中国品牌转变。转变既需要技术创新，也需要品质革命，既需要工匠精神，也需要制度保障。当“走出去”的中国品牌逐渐烙印于美丽巴西，我们有理由相信，“进行中”的转型升级，或将在下一个四年、下一个奥运赛场上，爆发出“洪荒之力”！\n ', ''),
(385, '易到为何不举报滴滴合并垄断', '\n滴滴优步合并是否垄断？\n \n“垄断要分怎么看，并不是规模大就一定代表垄断。”如果合并没有对后面新的业态和新的参与者造成毁灭性打击，甚至还给了他们市场空间，那么这个“垄断”是个伪命题。\n \n“我们认为，目前滴滴和优步中国均未实现盈利，且优步中国在上一个会计年度营业额没有达到申报标准。”\n \n易到总裁彭钢认为，滴滴与优步的合并不仅不是强强联手，反而是一种模式走到了尽头的标志,“大家必须合到一起，才能有效压低成本、提高效率，给资方一个交代。”这种合并证明了利用价格手段硬拉用户进来的模式是行不通的，而没有了不理性的补贴大战后，专车市场才开始真正的成长，这是专车市场回归到了原点。\n \n针对半个月前滴滴与优步全球达成的战略协议，昨天中国商务部再次做出回应，发言人沈丹阳称商务部至今仍未收到滴滴与优步的申请。而此前他在滴滴和优步刚宣布合作后就曾表示，滴滴和优步中国合并必须申报，甚至直白地称：“不申报的话，往下走不了。”\n \n发布\n \n商务部：未依法事先申报需承担法律责任\n \n商务部昨日例行新闻发布会中，有媒体问及，“市场比较关心的滴滴、Uber合并案，目前进展怎么样？商务部是否认为滴滴、Uber符合经营者集中反垄断的申报要求？”\n \n对此，新闻发言人沈丹阳表示，关于滴滴宣布与Uber全球达成战略协议这件事情媒体都很关心。依据《国务院关于经营者集中申报标准的规定》，我国经营者集中申报采取营业额标准。商务部公布实施的《经营者集中申报办法》规定了经营者营业额的计算方法。经营者应严格按照有关规定计算营业额后依法申报。如果达到申报标准，经营者未依法事先向商务部申报而实施集中，需承担相应的法律责任。根据《国务院关于经营者集中申报标准的规定》第四条，经营集中未达到第三条规定的申报标准，但按照规定程序收集的事实和证据表明该经营者集中具有或者可能具有排除、限制竞争效果的，商务部应当依法进行调查。\n \n这也是继月初商务部表示“尚未收到滴滴和优步中国相关交易的经营者集中申报”之后，针对此案的再次回应。\n \n反驳\n \n滴滴称未实现盈利不算垄断\n \n商务部方面要求滴滴申报的依据是我国的反垄断法。不过本月初滴滴方面就做出回应认为自己与优步中国的合并案并未达到反垄断审查申报的标准，因此无需申报，“我们认为，目前滴滴和优步中国均未实现盈利，且优步中国在上一个会计年度营业额没有达到申报标准。” 而且滴滴还有一种观点，对滴滴或优步的营业额算法，不能按照收入规模计算，因为其中一定比例是要分给加盟司机的。\n \n对于滴滴的反驳理据，业内也存在不同看法。一位网约车企业人士认为，滴滴关于没有盈利的理由更有道理一些，但关于收入规模计算方式则站不住脚。对营业收入的界定不能考虑你的成本怎么构成的，那是决定利润的事儿。换句话说，你给乘客的发票是只开具你收入的那部分还是连加盟司机那部分金额也开在一起了？如果按前者，是不是加盟司机应该再给乘客开一份发票呢？\n \n变化\n \n从举报到为合并“辩护”缘于乐视空降高管？\n \n一个值得注意的细节是，此前的网约车行业老三、如今因滴滴优步合并而跃居老二的易到，此前在滴滴、快的合并时就曾向商务部举报二者的合并应该申报，但据称没有获得商务部的答复。不过北京青年报记者了解到，虽然上一次希望阻止滴滴、快的合并，但如今易到对于滴滴、优步的合并则并没有过多发出反对声音，甚至反而称二者“没有垄断”。\n \n“垄断要分怎么看，并不是规模大就一定代表垄断。” 易到总裁彭钢就“垄断”话题昨天在接受北青报记者采访时表示，如果一项合并让后面的人就没有机会在这个行业生存了，这是垄断。比如所有人都用微信，其他的移动社交方式就没有空间了；比如IE浏览器捆绑了Windows，其他的浏览器就没有空间了。但他认为，如果合并没有对后面新的业态和新的参与者造成毁灭性打击，甚至还给了他们市场空间，那么这个“垄断”是个伪命题。\n \n对于易到的这种转变，有人认为是易到高层间的观念分歧，即易到创始人与乐视空降到易到的高管在这一问题上看法不一致。对于内部观念是否有分歧，易到方面昨天没有向北青报记者给予明确回应。但应该可以确认的是，即便有这种分歧也只是双方对于易到如何借此事进行“发挥”的策略分歧，而不涉及易到本身的经营发展战略。因为在乐视控股易到后，易到的高管层相当稳定——创始人周航出任易到的CEO，乐视空降的彭钢担任总裁。\n \n分析\n \n易到为何对滴滴优步合并“乐见其成”\n \n有分析人士指出，从易到对于滴滴两次并购的态度的变化，折射出了对专车行业未来发展趋势的新判断，那就是即便你之前在份额上可能产生了垄断，但随着未来调整市场策略是否还能维持优势是很难说的。直白一点就是：不依靠补贴，你还能这么牛吗？\n \n有数据显示，滴滴、优步中国按之前在专车市场的份额进行叠加的确达到了90%，但这一市占率很大程度上依靠的是高额补贴。易到CEO周航曾透露，2015年整个网约车市场烧掉了200亿美元，其中优步中国就烧了超过10亿美元。而互联网消费群体是没有忠诚度可言的：他们已经习惯了低于成本的享受服务，一旦你不补贴了很可能转身就走。因此规模并不意味着垄断，尤其是对于那些可替代性的行业，网约车即在此例。\n \n一个值得关注的现象反而是，虽然曾濒死的易到去年底获得乐视注资以来实现了重生，并且冲击到行业前三的位置，但作为行业带头大哥的滴滴一直不愿把易到放在眼里，担心有意无意地被易到“傍上”而为其做了推广。\n \n但这种做法却在滴滴宣布与优步合并之后发生了变化。在本周由滴滴推出的一个网约车出行调查中，问卷中充满了“易到”，比如“最近一个月是否使用过‘易到’？”等。据说，这一调查问卷在易到内部被积极传播。\n \n前景\n \n你预充的车费会成下一轮价格战的子弹？\n \n对此，易到总裁彭钢认为，这说明滴滴与优步的合并不仅不是强强联手，反而是一种模式走到了尽头的标志，“大家必须合到一起，才能有效压低成本、提高效率，给资方一个交代。”\n \n他认为，这种合并证明了利用价格手段硬拉用户进来的模式是行不通的，而没有了不理性的补贴大战后，专车市场才开始真正的成长，这是专车市场回归到了原点。“专车市场相对合理的竞争局面应该是把那些真正能提供服务的私家车、自营车辆、租赁公司车辆纳入进来，同时把真正需要用车的人吸引成客户，利用信息平台把它对接起来，而之前很多本来不该在这个圈子里的人都进来了，包括司机和乘客群体都是如此。”他表示，未来市场上可能会出现很多细分市场的差异化服务品牌，比如专门提供接机服务的、专门提供区域叫车的。\n \n其实还有一个很多人忽略的事实，如果滴滴和优步真的因为合并而放弃价格战，那无意中就成全了易到。因为易到在今年6月底刚刚完成为期7个月的“充100返100”活动，共获得了60亿元的预存款。如果行业真的放弃价格战，对于易到的这笔巨额预存款其实相当于是融资成本大大降低了！“从这个角度看，易到甚至可能对滴滴和优步的合并乐见其成。\n ', ''),
(386, '外媒称中国科技潜力瞬息万变 小米在华渐失优势地位', '\n参考消息网8月18日报道外媒称，在竞争异常激烈的中国智能手机市场，中国的小米公司正迅速失去其一度无可争议的优势地位。\n \n据美国《基督教科学箴言报》网站8月16日报道，成功的产品发布、充满魅力的风格、热情的粉丝群体，这一切曾赋予这家智能手机制造商“中国苹果”的美名，然而，现在这家公司的市场份额有一些已被其他竞争者夺走。\n \n报道称，尽管小米的硬件未在美国出售（它只在美国出售一些配件），但这家公司的大起大落表明了中国瞬息万变的科技潜力。苹果公司一直努力在中国这个竞争激烈的市场保持份额。\n \n小米是2014年全球最具价值的创业公司，仅用4年时间，估值就达11亿美元。据《华尔街日报》报道，该公司通过用“最低价”售卖高质量智能手机的方式推销自己的手机应用和其他服务。\n \n罗布·普赖斯在美国商业内幕网站撰文指出，分析人士把小米视作中国应对偶然进入本国市场的苹果公司的决定性手段。小米计划在2015年销售1亿台手机。\n \n但是，据彭博新闻社报道，小米在缺乏市场营销——它不屑使用付费广告，偏爱口碑宣传，拥有充满活力的忠实粉丝群体，还有可以成为新闻话题的公司高管演讲——的情况下强势进入现已饱和的市场，与此同时，其他中国竞争对手Oppo和Vivo也以咄咄逼人之势打入该市场。另据彭博新闻社报道，小米今年第二季度的出货量为1050万部手机，与2015年第二季度的1710万部相比减少了38%。\n \n报道称，在这样一个巨大的市场里，前三甲的快速变化说明，智能手机制造商必须更加努力，才能在中国保持自身特色和领先地位。\n \n彭博新闻社的彼得·埃尔斯特伦写到：“全球最大的市场——中国市场的竞争越来越激烈，国内制造商提高了产品质量、设计和营销水平，这给苹果公司、三星电子公司这样的全球领军企业施加了压力。根据国际数据公司的信息，苹果第二季度在中国的出货量减少了32%，市场排名跌至第五。”\n \n据《华尔街日报》报道，中国官方媒体16日称苹果计划在中国设立一个“独立的”研发中心。虽然苹果至今仍未提供任何细节，但这可能是苹果应对中国市场和自身管理难题的方式。\n \n报道称，这家美国公司可能还有其他的挑战，但是苹果和小米作为竞争对手，面临着的是一个相似且具有挑战性的市场。（编译/苑欣芳）\n ', '');
INSERT INTO `xh_user_action_history_data` (`history_id`, `associate_content`, `associate_attached`, `addon_data`) VALUES
(387, '商务部再回应滴滴优步合并：未依法申报需担法律责任', '\n8月17日，商务部召开例行新闻发布会，针对滴滴与优步中国合并一事，商务部新闻发言人沈丹阳表示，依据《国务院关于经营者集中申报标准的规定》，我国经营者集中申报采取营业额标准，如果达到申报标准，经营者未依法事先向商务部申报而实施集中，需承担相应的法律责任。\n \n沈丹阳表示，商务部公布实施的《经营者集中申报办法》规定了经营者营业额的计算方法，经营者应严格按照有关规定计算营业额后依法申报。如果达到申报标准，经营者未依法事先向商务部申报而实施集中，需承担相应的法律责任。根据《国务院关于经营者集中申报标准规定》第四条，经营者集中未达到第三条规定的申报标准，但按照规定程序收集的事实和证据表明该经营者集中具有或者可能具有排除、限制竞争效果的，商务部应依法进行调查。\n \n新京报记者联系滴滴出行询问滴滴并购优步中国是否需要提交相关申报，截至发稿未收到回复。\n \n8月1日，滴滴和优步中国宣布合并。在8月2日的商务部例行新闻发布会上，沈丹阳称商务部尚未收到有关滴滴和优步中国相关交易的经营者集中申报。同日，滴滴方面表示：目前滴滴和优步中国均未实现盈利，且优步中国在上一个会计年度营业额没有达到申报标准。\n \n根据反垄断法，经营者集中需要事先向商务部反垄断局进行申报的标准是：所有企业上一年度在全球范围内的营业额合计超过100亿元，并且至少两家在中国境内的营业额均超过4亿元；或者，所有企业上一会计年度在中国境内的营业额合计超过20亿元，并且至少两家在中国境内的营业额均超过4亿元。\n \nIT与知识产权律师赵占领表示，滴滴收购优步中国，应该适用的是后一个标准，即主要看两家企业上一年度的营业额总和是否超过20亿元，每家是否超过4亿元。如果达到这个标准，需要事先申报并通过审查，否则不能收购。\n \n赵占领指出，符合经营者集中申报标准而未申报的，商务部反垄断局可以责令停止实施集中、限期处分股份或者资产、限期转让营业以及采取其他必要措施恢复到集中前的状态，可以处五十万元以下的罚款。\n \n滴滴和优步中国的合并不仅在国内由于涉嫌垄断引发质疑，更搅动了整个国际上的专车市场。\n \n在优步（Uber）、滴滴奋力拼杀时，后者曾通过投资合作等方式拉拢了多位盟友。2015年9月，滴滴对Uber直接竞争对手、美国的Lyft投资1亿美元，之后又投资了印度的Ola，以及东南亚的GrabTaxi等。这几家形成了所谓的“反Uber联盟”，在全球牵制Uber。\n \n“反Uber联盟”与Uber一直保持的对峙局面，在Uber、滴滴和解后被一举击破，也让上述多家网约车公司处于尴尬境地。记者陈彦旭 刘夏\n ', ''),
(388, '制造业“新三极”格局加速成型', '\n8月18日，工信部将正式公布“中国制造2025”试点示范城市进展，介绍各地“中国制造2025”推进状况。\n \n    《经济参考报》记者梳理发现，2015年5月国务院发布《中国制造2025》至今，已有上海、广东、江苏、浙江、安徽、山东、陕西、四川、新疆等25个省区市出台了具体的地方实施政策。从政策内容来看，各地形成了东部转向高端装备制造、中部产业升级、西部优势产业突破的不同发展思路。相比我国传统的东中西部“老三极”格局，制造业“新三极”格局正在加速成型。\n \n    根据工信部等权威部门工作部署，以城市(群)为载体的《中国制造2025》试点示范工作将从下半年陆续展开。目前，宁波等地的首批试点示范城市创建工作已经展开。随着相关工作的推进，长三角、珠三角、环渤海地区的多个城市（群）将陆续展开试点。届时，各试点城市（群）更具针对性的试点实施方案也将随之出炉。\n \n    根据各地披露的公开信息，目前已有上海、广东、江苏、浙江、安徽、河北、山西、辽宁、吉林、福建、江西、河南、湖北、湖南、四川、甘肃、北京、天津、广西、宁夏、新疆、云南、青海、山东、重庆25个省区市相继出台了“行动纲要”或“实施意见”等《中国制造2025》地方性政策。此外，哈尔滨、南京、苏州、东莞等30多个城市也相继出台了各自的“中国制造2025”实施措施。\n \n    根据《中国制造2025》总体方针，地方政策均确立了各自未来在“中国制造2025”领域的发展目标，以及产业和投资侧重。江苏出台的《中国制造2025江苏行动纲要》确立了重点发展集成电路及专用设备、网络通信设备、智能制造装备、先进轨道交通装备、海洋工程装备和高端船舶、新型电力装备、航空航天装备等15个产业，并提出力争经过10年努力，让江苏制造业在“中国制造”中走在前列，若干重点行业和重要领域达到国内领先、世界先进水平。\n \n    陕西、甘肃等地出台的政策除了明确发展目标和重点发展领域外，还提出了具体的产业项目和投资金额。例如，《中国制造2025陕西实施意见》就要求对14个领域共100个项目给予资金支持，涉及总投资8041.79亿元；《中国制造2025甘肃行动纲要》提出，2016年到2018年组织实施600多个重点项目，总投资超2600亿元。\n \n    从政策具体内容来看，各地制造业转型升级形成了不同的发展思路和策略，即东部转向高端装备制造、中部产业升级、西部优势产业突破，制造业“新三极”格局有望伴随各地新一轮产业升级而加速成型。\n \n    江苏、浙江、广东、山东等东部制造业发达地区，均将产业发展重点聚焦高端装备制造和战略新兴产业等高技术领域，基本覆盖了先进轨道交通装备、海洋工程装备和高端船舶、新型电力装备、航空航天装备等《中国制造2025》提出的十大重点发展领域。此外，上述省份还提出重点发展机器人、增材制造、工业互联网等智能制造产业，以及“互联网+”相关产业。例如，浙江发布的《中国制造2025浙江行动纲要》提出，打造全国领先的机器人应用示范基地，积极发展高档数控机床、增材制造装备、专用和特种制造装备、智能成套装备电子、智能可穿戴设备。\n \n    安徽、河南、山西等中部省份提出全面升级制造业，除了继续深挖能源开采设备、煤化工装备、农机装备、基础工艺设备等原有优势产业的潜能外，还提出将发展重点拓展到新能源、新材料、生物制药、信息技术等产业。此外，中部省份还不约而同地提出，进一步优化制造业产业结构，提升高技术产业在整个制造业中的占比，并逐渐淘汰高耗能、高污染产业。例如，山西发布的《中国制造2025山西行动纲要》要求，积极引领新兴产业绿色发展，建设绿色数据中心和绿色基站，完善节能目标责任考核评价体系和节能长效机制，落实节能评估审查制度和环境影响评价制度，强化能耗限额标准管理。\n \n    陕西、四川、重庆、广西等西部省份则根据各自产业现状，提出了优势产业重点突破的发展战略。例如，陕西的信息技术、航天航空产业具有一定优势，因此确定重点发展集成电路、智能终端、云计算、大数据和物联网、航空航天等产业；四川和重庆则将在轨道交通、新能源、新能源汽车、装备制造等领域继续发力。\n \n    此外，西部省份还根据各自地理位置，确立了一系列对接“一带一路”战略的发展策略。例如，重庆、四川、广西、云南等省份均要求，将积极对接东盟国家，促进装备制造、轻工、食品等产业的海外发展；陕西、甘肃、青海则强调，将加强和丝路沿线国家，以及日本、韩国等国家的国际合作。\n ', ''),
(389, '滴滴优步合并 市场巨无霸诞生', '\n2016年08月02日 07:55:58  来源： 北京商报\n \n此时宣布合并或许是最好的时机。滴滴出行昨日下午宣布与Uber全球达成战略协议，滴滴出行将收购优步中国的品牌、业务、数据等全部资产在中国内地运营。从“剑拔弩张”到“相亲相爱”，网约车两巨头的合作时机恰到好处：政策上，网约车合法化让它们正“春风得意”；资本上，虽双方都有强大的融资能力，但避免内耗成为双方共识。接下来，滴滴与Uber能否实现1+1＞2的效果还有待实践检验。\n \n合并\n \n兜兜转转，还是走在了一起。经过传言、辟谣、再传言、再辟谣几个轮回，滴滴出行收购优步中国的消息昨日坐实。据悉，双方达成战略协议后， 滴滴出行和Uber全球将相互持股，成为对方的少数股权股东。Uber全球将持有滴滴5.89%的股权，相当于17.7%的经济权益，优步中国的其余中国股东将获得合计2.3%的经济权益。同时，滴滴出行创始人兼CEO程维将加入Uber全球董事会。Uber创始人特拉维斯·卡兰尼克也将加入滴滴出行董事会。对于上述交易数据，滴滴公关部向北京商报记者解释称，Uber全球可以对滴滴行使股东权利的股份数为5.89%，但是前者占了后者更多的经济利益。滴滴资深副总裁陶然强调，“这个交易案中5.89%股权不是投票权”。不过对于滴滴持股Uber全球的具体比例，滴滴方面并未透露。\n \n滴滴出行方面表示，未来优步中国将保持品牌和运营的独立性。滴滴出行总裁柳青表示，滴滴也将继续积极拓展国际化策略，期待与海内外伙伴深入合作，为行业、乘客和司机创造更多价值。据悉，滴滴出行将加快“扬帆出海”和国际化步伐，除将继续与全球伙伴合作打通本地优势资源外，滴滴还将进一步推进进入其他海外新兴移动出行市场，如中国港澳台、日本、韩国、欧洲、俄罗斯等地。\n \n而据《财经》报道称，目前滴滴出行、优步中国未向有关部门申报合并意向，有关人士分析表示，该笔交易可能引发交通、反垄断等监管部门的高度关注和严格审查。\n \n妥协\n \n尽管双方并未对烧钱补贴有太多提及，但来自投资方的压力被认为是促成这次合并的最主要原因。此前一位不愿具名的行业分析人士对北京商报记者表示，对于中国的专车平台来说，上市成为当前平台资本退出的最重要渠道。目前，神州专车已经启动新三板上市；易到被乐视控股后也正在拆除VIE结构，谋求在A股上市。与此相比，分别拥有超过250亿美元和80亿美元高估值的滴滴出行和优步中国似乎上市遥遥无期。同时，接连的巨额亏损让投资者看不到盈利日期，双方确实拥有多个合作的理由。此前有消息显示，滴滴出行去年亏损100亿元，优步中国则一年亏损10亿美元。\n \n彭博社称，合并的原因在于Uber的投资者们看到烧钱、补贴不可持续，希望可以尽快结束这种看上去两败俱伤的打法。\n \n滴滴优步合并 市场巨无霸诞生\n \n该报道中的知情人士透露，滴滴与Uber拥有贝莱德、高瓴资本、老虎基金、中国人寿4家共同的投资方，此次合并，老虎基金与高瓴资本起到了至关重要的作用。与其说是Uber管理层通过合并的方式结束中国市场的战争，倒不如说是为了保全球业务而向资本市场妥协。\n \n除资本压力外，新出台的网约车新政或许也是促成这一合作的关键因素。滴滴出行与优步为典型的C2C模式，主要服务车辆来自私家车挂靠模式。有分析人士认为，新政放权地方，政策仍存在诸多不确定因素。此前山东某地的客管中心曾在新政当天给出租车司机发布消息表明，“网约车数量和运价水平由地方政府决定”的态度。若行业未来照此模式发展，滴滴出行和优步中国将面临不小的压力。\n \n变数\n \n伴随着网约车市场占有率最靠前的两大企业联姻，网约车市场格局初定。在易观互联网交通出行研究中心研究总监张旭看来，收购完成后，网约车市场格局寡头化进一步提升。对于其他网约车平台而言，竞争压力将进一步增大，并倒逼竞品企业加快产品和服务创新。\n \n不过，在当前的中国网约车市场中，仍有易到、神州专车、首汽约车等多个玩家虎视眈眈，传统出租车企业开始转型发力网约车市场的力量不容忽视。北京商报记者统计发现，目前包括北京、上海等较大城市已出现多个地方性网约车平台。以首汽约车为例，自去年9月上线以来，已在北京地区投放车辆3800余部，全国近9000部，并在全国22个大中城市开通服务。\n \n张旭表示，网约车出行的渗透率仍处于较低水平，中国网约车出行市场仍需要投入大量资源对传统出行进行“互联网+”改革。\n ', ''),
(390, '第十届合肥国际文化博览会在肥举办，“嘻哈网络”受邀参会', '发布日期：2016-9-22\n      由合肥市人民政府主办，中华文化促进会、中国工艺美术学会倾力支持的第十届合肥国际文化博览会于9月22日-25日在合肥滨湖国际会展中心隆重举行。本届合肥文博会以“创意文化引领美好生活”为主题，重点展示我市文化改革与发展成果。同时，此次文博会还为各业界带来了丰富的“智能信息流”。\n[attach]63[/attach]\n       我司（安徽嘻哈网络技术有限公司）很荣幸的受邀出席参展，“嘻哈网络”团队携领先推出的“嘻哈学车”、“嘻哈学车电子教练”精彩亮相，成为此次博览会一道靓丽的风景。\n[attach]64[/attach]\n[attach]65[/attach]\n      本届文博会主展览面积约为7.3万平方米，分主展馆、5号馆、6号馆、7号馆、8号馆、9号馆。各展馆展示内容如下：\n      主展馆：文化产业综合展，包含一带一路展，合肥都市圈主题展，台湾文创展，文房用品展，幸福邮局，文化科技展等。\n[attach]66[/attach]\n      5号馆：动漫主题展暨合肥第七届动漫欢乐节，市民可玩掼蛋、打电竞，还将举行宅舞大赛、动漫儿童舞台剧等。\n      6号馆和8号馆：全国工艺美术精品展，6号展区将展出玉器雕刻、陶瓷和紫砂等；8号展区有红木家具展，大师作品展，福建大型木雕根艺展等。\n      7号馆：台湾特色产品展区，逛累了可来这品尝台湾风味小吃，采购特色农产品和休闲生活用品。 9号馆：展示智能科技，包括智慧家居、智慧医疗、智慧农业、无人机、无人车等。\n[attach]67[/attach]\n      展会期间，数字创意产业的知名学者、企业家等群贤毕至，纷纷进行观点交流、智慧碰撞，为关联产业的发展带来了更新的理念。当嘉宾来到我司展台前，通过我司工作人员的专业介绍，很诚恳的对“嘻哈学车电子教练”的主动刹车安全系统和辅助教学人工智能评判系统等核心特性给予了高度的评价和认可。\n      通过参加此次展会，我们坚信我司在未来的发展中，“嘻哈学车”和“嘻哈学车电子教练”完美的相结合，最终将发挥互联网的大数据、平台优势，在互联网技术上实现从报名到约车、约考的“网学车”服务，同时将学车电子教练融入驾培全过程，尽快实现创建一个将驾校、考场、教练、学员等多种角色的网络平台，构建起新型的驾培物联网，打造我国互联网驾考驾培生态圈闭环，更好、更便捷的服务于驾考驾培行业。\n[attach]68[/attach]\n       期待赴约更多的智能信息博览会，共同分享我们的创新成果！\n ', ''),
(391, '“互联网+”将让交通更智能', '\n2016年08月11日 08:34:17  来源： 经济日报\n \n国家发展改革委、交通运输部近日联合印发《推进“互联网+”便捷交通 促进智能交通发展的实施方案》，促进交通与互联网深度融合，推动交通智能化发展，为我国交通发展现代化提供有力支撑。\n \n《实施方案》明确，实施“互联网+”便捷交通重点示范项目27项，到2018年基本实现公众通过移动互联终端及时获取交通动态信息，掌上完成导航、票务和支付等客运全程“一站式”服务，提升用户出行体验；基本实现重点城市群内“交通一卡通”互联互通，重点营运车辆（船舶）“一网联控”；线上线下企业加快融合，在全国骨干物流通道率先实现“一单到底”；基本实现交通基础设施、载运工具、运行信息等互联网化，系统运行更加安全高效。\n \n在完善智能运输服务系统方面，《实施方案》提出，打造“畅行中国”信息服务，形成涵盖运输、停车、租赁、修理、救援、衍生服务等领域的综合出行信息服务平台，实现实时、多样化的信息查询、发布与反馈。\n \n加强智能交通基础设施支撑是关键基础。根据《实施方案》，我国将建设先进感知监测系统，形成动态感知、全面覆盖、泛在互联的交通运输运行监控体系。\n \n构建智能运行管理系统、健全智能决策支持系统是“重头戏”。《实施方案》明确，完善交通管理控制系统，提升装备和载运工具自动化水平，鼓励研发定制化智能交通工具，推进旅客联程联运和货物多式联运；健全智能决策支持系统，充分利用政府、企业、科研机构、社会组织等数据资源，挖掘分析人口迁徙、公众出行等特征和规律。（记者 齐慧）\n ', ''),
(392, '推动“互联网+交通”深度融合', '2016年08月15日 08:38:36  \n\n8月11日，河北廊坊市民在展示刚办理的京津冀交通一卡通。新华社记者　李晓果摄\n \n近年来，我国互联网新技术与交通领域碰撞出了“火花”：网络约车、网络购票、交通一卡通等新业态、新模式不断出现。但是，二者融合发展在市场应用、基础条件、技术支撑、政策环境等方面仍存在许多制约，难以满足发展智能交通、培育新业态的需要。\n \n近日，国家发改委、交通运输部联合印发了《推进“互联网+”便捷交通 促进智能交通发展的实施方案》。“这是国家第一次就智能交通发布的总体框架和近期实施方案，不仅考虑了近几年综合交通领域的应用需求，而且在支持战略性新兴产业和推动智能交通前沿技术研发等方面也作了安排。”交通运输部公路科学研究院总工程师王笑京告诉《经济日报》记者。\n \n此方案的出台，会达到怎样的效果？国家发改委基础司副司长郑剑介绍，从近期看，我国交通领域将基本实现公众通过移动终端及时获取交通动态信息，完成导航、票务和支付等客运全程“一站式”服务；基本实现重点城市群内“交通一卡通”互联互通，重点营运车辆（船舶）“一网联控”；线上线下企业在全国骨干物流通道率先实现货物运输“一单到底”；基本实现交通基础设施、载运工具、运行信息等互联网化，系统运行更加安全、高效。\n \n从远期看，逐步形成旅客出行与公务商务、购物消费、休闲娱乐相互渗透的“交通移动空间”；实现交通信息充分开放共享，高效配置交通运输资源；逐步构建覆盖更加广泛、体系更加健全、功能更加现代、感受更加便捷的智能交通体系，实现先进技术装备自主开发和规模化应用，交通运输服务效率、资源配置效率以及交通治理能力全面提升。\n \n“推动‘互联网+’交通融合，还应积极引入民间资本。”郑剑指出，新业态、新模式发展需要构建公平有序的市场环境，创新体制机制和监管方式。为此，《实施方案》提出，放宽市场准入，创造宽松发展环境；推动信用信息双向对接，加快共享交通发展；创新行业监管方式，建立健全联动协同机制，加大监管力度；健全网络安全保障体系，加强监测预警，保障信息安全；同时，完善相关法律法规，规范引导行业健康发展。\n \n“发展框架和实施内容在许多方面已进入世界前列。同时，又强调了符合实际和应用。很有借鉴意义，不少软硬件产品可以走出国门。”王笑京指出，《实施方案》对于交通控制网、5G应用、高速无线局域网应用、智能驾驶、智能汽车等未来新一代技术都有所涉及，对产业发展意义重大。\n ', ''),
(393, '江苏检察机关发出检察建议促驾培领域监管漏洞整改', '发布日期：2016-8-16 \n在交通日益发达的今天，越来越多的人购置了私家车，他们大多选择在驾校学习驾驶技术。而作为培训机构，驾校的任务本该是确保学员培养良好的安全意识和驾驶技能，可是江苏省泰州、盐城两地的49家驾校为了吸引生源、节约成本，竟利用信息系统漏洞伪造学时。近1.5万名学员没有开车练习，却拿到了代表上路驾驶资格的驾照。近日，泰州医药高新技术产业开发区检察院专门发出检察建议，建议泰州市、盐城市两地交通局运输管理处对这一乱象进行整治。\n\n空车疑云：人不在车上学时照样增加 \n \n“交通局吗？有的驾校在培训系统上做手脚，学员不用练车，照样赚学分、拿驾照，这事谁来管？”\n \n2014年6月25日，泰州市交通局交通运输管理处驾驶员培训科的工作人员小吴接到举报电话后，立刻通知了无锡博科公司泰州分公司的技术人员孙刚。\n \n得知系统有可能被人入侵，孙刚十分忐忑。原来，2012年以来，该公司就负责为交通系统研发、运营、维护“江苏省驾驶培训智能化管理与服务系统”。这个系统一般是由驾校在系统平台采集学员的姓名、身份证、指纹等基本信息，并制作学员卡。在场地训练、道路培训时，学员将卡插在车载学时仪上，就能实时定位并上传学时数据。当累积达到规定学时，学员才能参加驾驶考试。该系统是利用“互联网+”技术实现对驾校和学员的信息化、自动化管理，不想却被不法分子钻了空子。\n \n次日，孙刚便和同事赶到一所被举报的驾校，他随机将两辆停驶车上的学时仪拆下来，再查看后台服务器时，却大跌眼镜：只见两名根本不在现场的学员的学时竟在神秘地不断增加！孙刚立刻报警求助。\n \n根据举报人提供的线索，同年7月17日，犯罪嫌疑人李庆高被泰州市公安局医药高新区分局刑事拘留。\n \n黑客任务：一个以假乱真的模拟学时系统 \n \n学习计算机专业的李庆高大学毕业后，一直在苏州从事IT工作。2012年底，他接到朋友袁某（另案处理）的电话：“有个系统需要高手攻破，报酬丰厚，有没有兴趣？”\n \n交谈之下，他才知道，袁某受盐城一些驾校委托，在找一名能破解驾驶培训智能化系统的“黑客”。李庆高正缺钱花，便接下任务，开始对这一系统进行研究。袁某竭尽所能给予帮助，提供了车载学时仪、客户端资料、管理员账号和密码。通过账号和密码，李庆高登入了后台数据库，对通信协议进行分析，找出了其中的运行规律。\n \n原来，驾培系统通过两个渠道传输数据：一个是驾校的前台客户端传输教练数据，另一个是车载学时仪传输实时GPS数据，两者合二为一，就是一个完整的学员学时数据。换句话说，只要自己模拟出这两个数据，就能骗过后台电脑。\n \n说干就干，李庆高在自家台式机上设计了一个模拟客户端，并在无线网卡上绑定一名教练和学员的账号，制作了虚拟的GPS运行轨迹。他把这些数据传送到驾培系统后台，服务器对其“信以为真”，为学员增加了相应学时。\n \n成功了！李庆高按捺不住激动，立刻向袁某“报捷”。袁某赶来查验后，爽快地付了他5000元，并承诺软件完善后还有重谢。这下李庆高更有干劲了，他一口气购置了九台台式机，并设计了一个学员分配软件，通过它把教练、学员和对应的教练车都绑定到同一个网卡上。然后根据不同驾校的地址，李庆高把伪造的GPS轨迹控制在校址附近，并通过分析真实的学员数据设定了行车速度。由于系统规定每天最多只能练习四个学时，李庆高就设计四小时后自动切换下一批同车学员继续“练习”，每天能为数百名学员提供虚假学时。\n \n袁某以6万元的费用从李庆高手里买走软件，并声称将它卖给驾校。可很快李庆高就发现袁某根本没有卖出软件，而是自己联系驾校增加假学时，并按人头收取55元的代训费。眼看自己辛辛苦苦研发的“成果”却成了别人的摇钱树，李庆高气不过，也开始向驾校兜售自己的软件。\n \n供不应求：49家驾校争先“抢购”软件 \n \n一开始“推销”时，李庆高还有些忐忑，他知道自己这是违法行为，只要有驾校举报自己就要“进去”，为此他还给自己准备了个周诗的假名字。没想到，他每到一处驾校，就受到了负责人和教练的“热烈欢迎”。\n \n原来，很多驾校为利所趋，盲目扩招学员，却没办法保证每个人都能完成系统规定的培训学时。一部分学员没资格参加考试，就只能压到下一批，浪费成本不说，还会让驾校的名声受损。因此，为了吸引生源，提高培训效率，同时也节省燃油费，驾校争相请李庆高代为制作假学时。\n \n2013年5月至2014年7月，李庆高以每名学员55元的费用，替盐城36家驾校制作假学时，一共赚取违法所得77.59万余元，也就是说，总计有14107名学员通过伪造虚假学时参加了驾驶考试。\n \n2014年6月，李庆高来到泰州拓展业务，短短一个月内，他就联系到了13家驾校，并帮助300多名学员制作假学时，没想到却迅速被举报。\n \n2015年4月22日，泰州医药高新区检察院以李庆高涉嫌破坏计算机信息系统罪向法院提起公诉，法院判处李庆高有期徒刑六年零六个月，并追缴违法所得77.3万余元。李庆高不服，提出上诉。泰州市中级法院于2016年4月作出终审判决，驳回上诉，维持原判。\n \n检察官说法：学时造假无异于饮鸩止渴 \n \n据办案检察官介绍，医药高新区检察院通过办理该案，发现了泰州、盐城两地驾驶员培训市场存在监管漏洞，于是发出检察建议，敦促交通运输管理部门对驾培领域进行三个方面的系统整改。首先，加大政策和法律宣传，使驾校和学员充分了解触犯相关规定的不利后果，杜绝不良风气的蔓延。其次，建议运管部门采用不定期巡查、专项检查、随机抽查等方式加强对驾校的检查管理。再次，从源头上堵塞漏洞，建议软件开发公司对驾驶培训智能化管理与服务系统进行升级，安排专职人员加强对系统的维护和巡查，开发出能够自动识别虚假学时的功能模块。最后，对严重扰乱正常驾培市场管理秩序的涉案驾校，应依法予以严肃处理。对不符合招生条件的驾校，应依法予以关停或注销。对不符合条件而申领到驾驶证件的学员，应责令其重新学习或补考。\n \n检察官提醒广大市民，学习驾驶技术一定要到正规驾校报名，不要轻信报名价格低于市场价格的宣传，利用学时造假无异于饮鸩止渴。如果学车过程中发现权益受到侵害，或者发现驾校存在违法违规行为，要及时向当地运管部门举报，保证自己的利益不受侵害、培训不受影响。\n ', ''),
(394, '小米生态链公司青米科技将挂牌新三板', '\n2016年08月11日 08:25:43  来源： 新华网\n \n    新华网北京8月11日电  8月10日，小米生态链公司青米（北京）科技有限公司母公司北京动力未来科技股份有限公司在京宣布，公司获得全国股转公司批准即将在新三板正式挂牌上市。股票简称：动力未来，股票代码：839032。此举也意味着小米生态链公司青米（北京）科技有限公司借此正式登陆新三板。\n \n    青米科技母公司动力未来主营业务为智能家居产品的研发、设计、制造与销售，目前旗下拥有“青米KINGMI”品牌，主要产品为智能电源转换器、智能电源适配器，智能电能检测和计量产品，室内环境智能等检测产品。其核心技术主要集中在：集成电路技术、通讯协议技术、智能软件平台、模拟芯片技术和铜带一体化技术等多个领域。\n \n    青米科技2015年3月31日发布与小米生态链联手打造的首款产品——小米插线板。青米科技称，该产品2015年4月8日米粉节首发销售当天火爆售出24.7万只。\n \n    青米科技CEO林海峰表示：从零创办公司到取得骄人业绩的小米插线板及青米品牌产品，从初创时的几个人到今天的几十人，青米科技已经一次次突破自我，目前拥有小米3口USB插线板、青米5口USB适配器、青米智能插线板等在售和在研的产品SKU达到十数款。\n \n    林海峰还表示，青米科技的产品所涉及的主要技术与智能家居行业的现状及未来发展方向密切相关，青米科技自创立之初就确立电源产品及网络控制产品智能化的发展方向，在成立以来的研发活动中积累了相当多的技术经验和方案解决经验，公司的产品技术较为复杂且发展速度较快，公司将不断加大研发投入和加速技术升级。\n \n    青米科技表示，将坚持以“精科技，易生活”为理念，为能让更多的人“享受科技，享受美好”而努力。\n ', ''),
(395, '国华网：嘻哈学车与新华德御强强联合开创驾培新时代', '发布日期：2015-8-21\n2015年8月21日嘻哈学车创始人、董事长兼CEO张全雷与北京新华德御管理咨询有限责任公司”董事长兼总经理南新华在北京签署战略合作协议，共同开创驾驶人培训新纪元的合作协议。\n    张全雷与南新华的“牵手”为中国驾培事业特别是开创性新时代的到来无疑是一件非常重要的联合。张全雷是北斗应用驾考系统开创者，中国驾驶人科目模拟考试系统加入管理功能第一人，2015年7月刚刚被安徽国华光电技术有限公司董事会任命为嘻哈学车董事长兼CEO，起航中国驾驶人学车开放性互联网约车新时代的领军人物；南新华是中国驾校管理网创办人，备受国内驾培行业广泛专注的《王牌教练员十关培训营》的创始人，国内公认的最具影响力的实战派驾校经营管理和驾驶培训专家。张全雷这次与南新华的“握手”被业内誉为，一个驾培科技领域的创客与一个驾培领域的“教父”的强强联合，两个企业最高领导人的最有力“握手“。他们握手的意义重大，在我国全面进入互联网＋驾培时代，通过互联网科技手段，运用”教父“最大影响力，快速推进”互联网智能化约车事业高速发展，势必为国家推动驾驶人自学自考做出了积极贡献。\n    嘻哈学车是安徽国华光电技术有限公司旗下专注于机动车驾驶人通过互联网约车业务，以移动互联手机APP为主的互联网＋驾培产品；嘻哈学车以手机安卓系统、IOS苹果系统国内外应用最多的手机系统为主，兼容其它手机系统的互联网线上产品。近期嘻哈学车董事会已经立项，进入P2P互联网业务，旨在让国人通过网上预约自主选择教练，做有尊严的“学员”，合理安排练车时间，节约学员时间之后，通过互联网金融，让所有想考取驾照的国民，可以“免费”学车，无需有钱，可以提前买车，实现花未来的钱圆梦当下。北京新华德御管理咨询有限责任公司”是目前国内唯一专门从事驾校管理和驾驶培训的研究和咨询的公司，由国内著名驾培专家南新华先生领头组建，现有专兼职讲师和职业校长20余人。公司自筹备和正式建立以来先后在国内不同省市举办“王牌教练员十关培训营”、“驾校经营方略”校长培训班、“新华德御总教练、客服主管”50多期。先后吸纳山东、河北、河南、江西、新疆、内蒙、广东、广西等省市的16所驾校为会员单位，会员单位经过系统改造均出现了员工素质大有提升、企业形象大为改观、市场份额大量增长的可喜变化，其中有6所会员单位被评为“全国文明诚信优质服务驾校”。\n \n \n南新华老师\n    南新华，中国第一家专门从事驾校经营管理研究的专业公司“北京新华德御管理咨询有限责任公司”董事长兼总经理，国内关注驾校教练员队伍素质提升的首本著作、驾校教练员培训第一书《驾校教练员五项修炼》的作者，国内第一本致力于提升驾校经营管理的著作《驾校经营方略》的作者，中国驾培行业主要交流平台《中国驾校管理》网站的创办者，新浪网“驾校经营方略”博客的博主，中国驾校管理网创办人，备受国内驾培行业广泛专注的《王牌教练员十关培训营》的创始人，国内公认的最具影响力的实战派驾校经营管理和驾驶培训专家。\n \n \n人物简介\n    南新华老师曾长期在大型国有企业、外资集团公司的宣传策划、市场营销、法律事务、资本运营等几个领域里任职，期间在国内几十家报刊发表了上百篇企业管理的文章，被破格晋升为高级政工师，2005年后，全身心地致力于驾校的管理。所幸的是，多年来在跨度较大的几个领域里所积累的知识与经验，在这驾校经营管理的舞台上，得到集合并运用。在任职过顾问过的几所驾校以其办学正规、服务优良、招生众多成为全国有影响的品牌驾校。现专职于国内驾校经营管理的研究和咨询，先后到两百多家驾校进行过参观考察咨询和讲座，在数个省市的多所驾校担任顾问，在多个地区举办“王牌教练员十关培训营”和“驾校经营方略”校长培训班，在驾校严密的质量控制体系、完善的服务体系和立体的营销体系上形成了一套完整的经营管理模式。\n \n \n主要著作\n《驾校教练员的五项修炼》、《驾校经营方略》\n主讲课程\n1.王牌教练员培训班\n2.客服主管培训班\n3.招生主管培训班\n4.驾校企业内训\n5.“驾校经营方略”校长培训班\n \n \n主要成就\n1.南新华老师编著的《驾校教练员的五项修炼》一书，是国内关注驾驶教练员职业素质提升的首本著作，是众多驾校培训新老教练员的首选资料。是驾校教练员由“师傅”过渡为“技能型教师”的必读之书，是驾校管理者由“门外汉”转变为“行家里手”的专业教材。\n2.南新华老师编著的《驾校经营方略》一书，是国内第一本致力于提升驾校经营管理的著作，是驾校由“家族化”、“作坊式”向公司化过渡的指导之书；是驾校由短缺经济、质量经济向品牌经济转变的必读之作。\n3.南新华老师在新浪网上创办“驾校经营方略”博客，已发表一百余篇专属论文，成为我国驾培行业有影响力的专业交流园地。\n4.南新华老师独创的“王牌教练员十关培训营”，受到国家交通主管部门、驾校投资者和参训教练员的一致好评。\n南新华语录\n1.对于驾校而言，已经不是求学的年代了，而是求着别人来学的年代了。\n2.打价格战是无奈之举，更是无能之举，因为他不会打服务仗、质量仗和文化仗。\n3.我国驾培市场有三颗毒瘤：一是挂靠培训--把“黑驾校”变成“白驾校”。二是车辆外训--把“整驾校”变成“零驾校”。三是超低价招生--把驾驶培训单位变成驾驶中介机构。毒瘤不除我国驾培市场便不能健康发展，毒瘤不除“马路杀手”还要批量生产。\n4.弱者坐失良机，强者制造时机。没有时机，就是弱者最好的托词。只要你看得远，看得准。危机或许就是别人的悲剧，自己的喜剧。\n5.我们有些校长是问“路”不问“道”，问“走”不问“跑”。适应了不等于成熟了，生存了不等于健壮了。\n6.有差异就是有市场，有差异就是有竞争力，有差异就有利润。差不在于多，而在于独特，在于别人模仿不了。有句俗话说得好：十样会不如三样好，三样好不如一样绝。\n7.当别人卖药的时候，你出售的是健康，当别人卖床时，你出售的是睡眠，你便站到了市场的制高点上；当别人提供的是学驾照的服务，是一种应试的技能教育，你提供的是一种快乐、安全、人生的挑战与体验时，你便站在了驾培市场的制高点上。\n8.肥大不是强大，重量不等于力量，“强”不是完美的，“大”也不是完美的，“强大”才是一种理想的组合。\n9.大而不强是虚胖，虚胖的企业难以做强、做久，做强是做大的基础和前提，强则必大。\n广告长于知名度，新闻长于美誉度，口碑长于真实度。广告打造出来的是“玻璃品牌”，抗风险能力弱；新闻打造出来的是“金银品牌”有一定的抗风险能力；口碑打造出来的是“钻石品牌”，抗风险能力强。\n \n \n驾校校长们的评价\n驾培行者\n    他常年奔波在各地的驾校间，他始终坚持“从实战中来，到实战中去”“端不起衣钵是不能布道”的原则，曾先后在国内外200多所驾校进行深入的考察、调研和咨询讲座。只有沉到海底去，才能捧出珍珠来，他是国内公认的最具影响力的实战派驾校经营管理专家。\n驾培智者\n    他在一所驾校当过三年校长，给诸多驾校做过顾问，根据工作实践，写出了国内首本关注驾校教练员职业素质提升的著作《驾校教练员的五项修炼》，2008年首版发行，已多次改版印刷，已成为国内驾校新老教练员上岗执教培训第一书！他亲临上百所驾校考察调研，深入系统地对驾培市场昨天的历程，今天的挑战，明天的对策作出详尽地阐述，历时四年呕心写作，又推新作《驾校经营方略》，再次将自己的所知贡献给驾培行业。\n驾培医者\n    在驾培行业，他很少锦上添花，多的是雪中送炭，许多驾校在困境中请他做顾问，通过导入新观念、打造新队伍、建立新机制，使之脱颖而出，成为当地驾培市场上的领头羊，其中许多成为当地乃至全国的知名驾校。因此他被业内人士称之为“既会看病更能治病”的驾培医者。\n ', ''),
(396, '中国电科发布企业文化和品牌体系', '\n2016年08月11日 09:58:05  来源： 新华网\n \n    新华网北京8月10日电  “一个优秀的企业，必然具有优秀的文化。”8月10日，在中国电子科技集团公司企业文化与品牌发布会上，董事长熊群力系统阐释了文化传承与自信，开启了中国电科文化引领发展的新时代。\n \n    作为深耕于国防现代化和国民经济信息化建设的军工电子国家队，中国电科此次发布文化与品牌，对外传递电科形象、形成品牌定位、丰富产品内涵，有助于增强公司的核心竞争力。\n \n    回顾过去，中国电科获得了不俗的成绩：连续12年、连续4个任期获得国资委考核A级；连续两次荣获任期“业绩优秀企业”和“科技创新优秀企业”；在“十二五”期间销售收入和利润保持双20%以上增长。2015年更是实现了双30%增长，财务绩效首次跃居中央企业的第1名；7月20日，2016年新的《财富》企业排行榜上，中国电科正式步入世界500强行列，位列第408位。\n \n \n图为中国电科启用新企业LOGO。新华网发\n \n    当天，中国电科启用了新的企业LOGO。据介绍，中国电科已经实施了核心理念、经营文化、员工行为、品牌体系、视觉形象建设五大工程，形成了《中国电科文化宣言》《中国电科经营文化纲领》《中国电科员工基本行为规范》和“1+8”品牌框架、新的视觉识别系统等具体成果。\n \n    公司总经理樊友山表示：“发布中国电科文化与品牌，是集团公司企业文化建设的一次自然的回望传承，是作为世界500强企业集团的一次现实的责任宣言，是13万中国电科人栉风沐雨、创新图强的传奇告白和面向新使命、走向新未来的一个新起点、新跨越。”\n \n    作为拥有电子信息全产业链的中央企业，中国电科更加强调通过持续的技术创新，抢占价值链的高端和产业链的关键环节，强化从核心基础元器件、关键装备，到系统集成、运营服务的核心能力；更加强调军民融合、技术融合、产业协同，实现“陆、海、空、天、电”防务领域全面覆盖，支持国民经济信息化建设快速发展；更加强调集团主导，规划引领，形成支撑“安全、智慧”两翼齐飞、协同发展的品牌体系。\n \n    结合公司的八大板块产业布局，为了支持产业发展，中国电科将重点打造“CETC中国电科”企业主品牌，形成电科防务、电科网信、电科安防、电科航天、电科能源、电科交通、电科装备、电科基础八个领域品牌支撑的“1+8”的品牌布局；以“CETC”主品牌为引领，全面整合军工要素品牌、民品领域品牌和军民融合产品品牌，形成“一主多元”的品牌体系。\n \n    在中国电科未来的发展版图上，将始终把国家发展、社会进步作为企业最重要的价值追求和文化理念，始终以“引领电子科技、构建国家经络、铸就安全基石、创造智慧时代”作为企业使命；始终以“责任、创新、卓越、共享”作为核心价值观；坚守“铁肩担大任、冲上山顶论英雄、联合起来办大事、做就做到最好、让创新成为习惯、共享才能共赢、创造幸福而有尊严的生活”等价值信条，为实现“成为电子信息领域具有全球影响力的科技型企业集团”的愿景而努力。\n ', ''),
(397, ' 报告：我国固定宽带普及过半移动宽带超过六成', '\n2016年08月12日 08:51:14  来源： 新华网\n \n    新华网北京8月12日电  宽带发展联盟在国内首次发布的《中国宽带普及状况报告》（简称《报告》）显示：截至2016年第二季度，我国固定宽带家庭用户数累计达到25720.1万户，全国固定宽带家庭普及率为56.6%；我国移动宽带（主要指3G和4G）用户数累计达到86918.9万户，全国移动宽带用户普及率为63.8%。\n \n    《报告》显示，截至2016年第二季度，我国固定宽带家庭普及率和移动宽带用户普及率分别比2015年末提升了16.6个百分点和6.8个百分点。\n \n    从各地的宽带发展普及状况看，固定宽带家庭普及率方面，浙江省最高，达到89.1%，排在前五位的地区还有江苏省、北京市、广东省、上海市；移动宽带用户普及率方面，北京市和上海市排在前两位，分别达到129.9%和102.6%，均超过了100%，排在前五位的地区还有浙江省、广东省和宁夏回族自治区。\n \n    宽带普及状况是衡量一个国家和地区社会经济发展状况和信息化创新驱动力的重要指标。《中华人民共和国国民经济和社会发展第十三个五年规划纲要》将固定宽带家庭普及率和移动宽带用户普及率作为“十三五”时期我国经济社会发展主要指标之一。近年来，通信行业主管部门持续开展宽带专项行动，快速推进光网城市建设，着力建设4G网络，实施电信普遍服务补偿机制，大力推动我国的宽带发展普及。\n ', '');
INSERT INTO `xh_user_action_history_data` (`history_id`, `associate_content`, `associate_attached`, `addon_data`) VALUES
(398, '新能源汽车范围调整 行业整合一触即发', '\n2016年08月15日 07:50:16  来源： 央广网\n \n据经济之声《天下财经》报道，工信部最新发布的《新能源汽车生产企业及产品准入管理规定》修订征求意见稿，引发行业关注。业内人士和专家认为，征求意见稿在企业准入门槛以及产品安全监控方面的要求，将改变新能源汽车行业的竞争态势，使行业更加规范。\n \n新能源汽车范围调整 行业整合一触即发\n \n根据征求意见稿，工信部将新能源汽车范围调整为纯电动汽车、插电式混合动力汽车和燃料电池电动汽车，并强化了新能源汽车产品的安全监控，要求对已经销售的全部新能源汽车，进行运行和安全状态的全生命周期实时监控。汽车行业评论员张志勇认为，重视品质，有助于新能源汽车市场良性循环。\n \n张志勇：我们现在有一些企业在生产新能源汽车产品的过程中，对品质把握投入的力量是不够的，这个政策可以控制产品可能对消费者的伤害，这对于汽车企业来说，才是一种非常重要的约束。这种约束会让他们更注重品质的管理，带来我们整个新能源汽车市场良性的循环。\n \n硬指标增多 新能源汽车行业准入门槛将提高\n \n品质可以提升，但另一项规定则直接关乎新能源车企的生存。在企业准入方面，以前的规定是：企业应掌握车载能源、驱动系统、控制系统三项“核心技术”其中之一，而根据征求意见稿，现在则要调整为：应具备控制系统的开发能力，以及车载能源和驱动系统的集成、匹配能力。也就是说，控制系统的开发成了必要条件。\n \n业内人士指出，这是对骗补行为釜底抽薪的举措。既然要有控制系统的开发能力，以往弄块电池，东拼西凑成整车，再虚报里程骗补的做法肯定就行不通了。而张志勇表示，控制系统的开发能力，可能需要更精确的定义。\n \n张志勇：控制系统整个的标准执行到什么程度？咱们举个例子，比如发动机，我们是说任何一个企业有发动机的生产能力，还是说发动机里面的每一个电子元器件都要求自己去生产？这个其实是不一样的。\n \n新标准加速行业洗牌 新能源汽车迎来发展春天\n \n意见稿还要求，之前取得资质车企，应当进行改造，并报送符合规定的审查计划，并在两年内完成审查。没有按时完成审查的，暂停生产、销售有关新能源汽车产品。而据了解，目前不少所谓的新能源汽车企业，都不具备控制系统的研发能力。甚至一些知名的企业，也不符合条件。中国汽车工业协会常务副会长董扬表示，这意味着行业接下来将加速整合。\n \n董扬：工信部目标是将来新上的纯新能源车企不超过10家，现实情况是，新能源汽车厂家和传统汽车相比好像多了一倍，那反正就要该整合的整合，该退出的退出。以前是鼓励大家干新能源汽车，不光整车厂可以干，改装车厂也可以干，准入比较松。现在看样子需要调整了，调整到必须有一定的水平，有一定的资质才能干。\n \n不过，根据最新数据，今年1到7月，新能源乘用车累计销量为15万辆，虽然同比大增140%，但是仍然只完成了年度目标的两成左右。那么，提高准入门槛，会对新能源汽车销量产生影响吗？董扬认为不会。\n \n董扬：这个不会有影响，那些差的退出更好，市场会更加优化，用户会更加放心，产业发展会更加健康。我们认为下半年销量肯定会升高，因为从上半年看也是逐月在增加。\n \n新能源汽车产业需要政策和市场“双轮驱动”\n \n由于承担着汽车业“弯道超车”的重任，新能源汽车行业一直备受政策优待。有统计显示，针对新能源汽车的优惠政策涉及电池、充电桩、限行限购、国家补贴、车船税等多个方面，从生产制造到应用推广，几乎享受着“一条龙”的政策红利。2015年，仅是中央层面出台的主要新能源汽车鼓励及引导政策，就多达20多项。\n \n在政策的呵护下，新能源汽车产业成长迅速，近年来的产销增速更是频频翻倍，甚至翻好几倍。但与此同时，由于长期“开小灶”，行业也滋生了一些不良风气。一些企业不重技术，产品东拼西凑，简单模仿抄袭；也有企业弄虚作假，夸大电池续航里程；更有一些企业，钻政策的空子，想方设法骗取政府补贴。\n \n从现实来看，新能源汽车的优惠政策完全退出还不现实，但完全可以创造条件，让市场优胜劣汰。相关部门已经明确，新能源汽车补贴政策将逐渐退坡，相信车企会因此重拾危机意识。而工信部这次的意见稿又要求，加强新能源汽车的安全监控，接下来车企势必将围绕产品品质展开竞争。可以预见的是，由政策和市场双轮驱动，将是未来一段时间内，新能源汽车健康发展的关键。（记者 吕红桥）\n \n ', ''),
(399, '中汽协：前7月汽车产销保持稳定增长 初步现下行压力', '\n2016年08月15日 07:50:16  来源： 央广网\n \n据中国之声《全国新闻联播》报道，中国汽车工业协会今天(12号)下午发布数据显示，1至7月我国汽车产销保持稳定增长，但也初步显现下行压力。中汽协有关负责人建议，继续实行低排量乘用车鼓励政策。\n \n近年来，7月一直都是我国汽车产销的低点。但根据中汽协数据，虽然7月汽车产销环比分别下降4.38%和10.59%，同比却有显著增长，分别达到28.9%和23.03%。其中，乘用车产销同比增速继续高于汽车总体。\n \n总体看今年前7个月，汽车产销增幅比上半年继续提升。suv车型同比增长明显，轿车略有下降，交叉型乘用车降幅最大、超过3成。\n \n中汽协秘书长助理陈士华分析说，汽车产销同比增速稳步增长的原因包括去年基数较低、刚需仍然存在，以及去年10月开始、将延续到今年年底的1.6升及以下乘用车购置税减半政策。\n \n陈士华介绍，今年前7个月，1.6升及以下车型的占有率是非常平稳的，占70%以上这样一个态势，说明我们1.6升的政策还有一定的作用。另外除了基数低，1.6升的政策之外，老百姓购车应该还是一个刚性的需求，除了大城市限购之外，二三线城市还有一些偏远的地方的需求还是很旺盛的。\n \n此外，中汽协发布的二季度汽车产业景气指数显示，反映预期的先行合成指数已经连续两个季度出现下滑态势，表明未来存在下行压力。中汽协副秘书长叶盛基建议，明年延续对低排量乘用车的鼓励政策。\n \n叶盛基表示，我们也在积极呼吁国家有关产业主管部门，延续1.6升及以下乘用车购置税减半政策，低排量、小型化的车辆应该作为未来我们引领产业发展的一个重要车型之一。(记者 庄胜春)\n ', ''),
(400, '英国黑科技：蜻蜓无人机现身', '2016年08月15日 08:14:59  来源： 广州日报\n\n蜻蜓无人机、虚拟现实训练头盔、量子重力仪……这些可能在电影中看到的设备可能很快成为现实。据英国广播公司报道，隶属于英国国防部的创新与研究洞察局近日透露了未来国防创新发展计划，揭秘了多项可能投入生产的高科技武器，而其中最引人瞩目的莫过于蜻蜓无人机侦测系统。\n \n随时栖息在窗台上监视可疑分子\n \n蜻蜓无人机将成为英国对抗恐怖分子的新武器。英国国防部创新与研究洞察局近日透露了未来国防创新发展计划，其中最引人瞩目莫过于新型的蜻蜓无人机侦测系统。这种巴掌大的无人机能够飞进戒备森严的敌方阵营，为士兵侦察敌人的位置，让恐怖分子将无所遁形。除了蜻蜓无人机，创新与研究洞察局还考虑推出激光武器、量子重力仪等多种尖端军事产品。\n \n带着翅膀的侦查无人机\n \n蜻蜓无人机由位于英国牛津的动物生态学公司开发，是一种“带着翅膀”的微型无人机系统。根据设计草案，蜻蜓无人机基于蜻蜓仿生学设计，拥有昆虫状的两对翅膀和四条腿，这让它能够在空中以多种模式稳定地飞翔，随时栖息在窗台上监视可疑分子。\n \n为了让蜻蜓无人机在白天和黑夜都能收集情报，研究人员在它的前端安装了最先进的传感器系统。这种传感设备让它能够检测到眼前的物体和建筑物，避免在高速飞行时撞到障碍物。\n \n除了用于检测复杂的城市环境，蜻蜓无人机还将用于战场环境侦查，为士兵提供恐怖分子的位置等信息。由于体型只有手掌大小，蜻蜓无人机很难被发现，“就像穿了隐形斗篷“。英国《每日邮报》称，这种小工具甚至可以飞进满是圣战者、戒备森严的房间里，通过拍照的方式向前方提供情报。\n \n英国国防部希望，蜻蜓无人机能“对未来探查并收集城市和战场环境信息的方式产生巨大的冲击”，以此保护英国国内和前方士兵的安全。\n \n激光武器让飞行员瞬间失明\n \n除了蜻蜓无人机，创新与研究洞察局还在研发量子重力仪和“星球大战”风格的激光武器、虚拟现实训练头盔以及自动测毒机器人。\n \n过去探知地下结构往往需要数周时间，而英国伯明翰大学开发的极冷原子的量子重力仪可以在几分钟内精确地测量出当地的重力场。这意味着，前方士兵可以迅速侦察到敌人的隧道和炸药库，也可以更快地在救灾地区找到幸存者。专家表示，一旦研发成功，绘制叙利亚、伊拉克的“圣战者隧道地图”就不再是难事。\n \n“星球大战”风格的激光武器也可能成为英国陆军的新装备。根据《每日邮报》公布的示意图，这种正在开发的激光武器能够从地面瞄准无人机和常规飞机，并以三种方式向敌人发起精确攻击。第一，在敌方机翼上烧出一个大洞，破坏其电子设备，以此摧毁飞机。这最致命的攻击方式。第二，利用激光让机组人员瞬间失明，迫使飞机下降。第三，用激光攻击飞机传感器，让飞机无法正常工作。在这种情况下，飞机仍然能够飞行，但无法发射导弹或投掷炸弹。\n \n同时，虚拟现实技术将用于英国士兵的训练。英国国防部目前正在利用“虚拟现实头盔”让士兵接受模拟战时训练。这意味着，可以在士兵被派往前线前进行能力测试，以减少不必要的伤亡。\n \n需通过审查才能成现实\n \n不过，并非以上所有的产品都将成为现实。只有在通过创新与研究洞察局为期数月的审查，这些产品才能在今年年底拿到英国国防部8亿英镑的发展基金，并在接下来10年里从实验室走向战场。\n \n英国国防部长迈克尔·法兰说，这些创新举措将增加英国国防和安全部队的优势。“利用最聪明的大脑，将让我们对敌人保持领先优势。”法兰还表示，在接下来10年里，英国国防预算中用于支持科技创新的预算比例每年都会上升，“确保英国在越来越危险的世界上保持安全”。\n ', ''),
(401, '工信部通报32款APP 多涉强行推广无关软件', '\n2016年08月15日 08:14:09  来源： 科技日报\n \n近日，工信部网站发布《工业和信息化部关于电信服务质量的通告（2016年第3号）》。通告称，第二季度，工信部组织对42家手机应用商店的应用软件进行技术检测，发现不良软件32款，涉及违规收集使用用户个人信息、恶意“吸费”、强行捆绑推广其他无关应用软件等问题。\n \n在被通报的32款软件中，存在强行捆绑推广其他无关应用软件问题的最多，有23款，多以游戏为主，如超级玛丽、水果爆破、恐龙世界，还有股市风向标、童话录音王、测试你的另一半长相等其他软件；其次涉及恶意吸费的有6款，违规收集使用用户个人信息的有2款，用户不知情的情况下自动向外发送短信的有1款。\n \n此外，从这些软件的下载平台上来看，以上32款软件中有5款来自百度手机助手，5款软件均存在强行捆绑推广其他无关应用软件的问题；4款来自7PP趣应用，也都存在上述问题；还有2款来自应用宝、2款在天翼空间。\n ', ''),
(402, '嘻哈学车董事长兼CEO张全雷新年演讲：2016年离互联网学车梦想再进一步', '发布日期：2016-1-5 \n[attach]71[/attach]\n 嘻哈学车创始人CEO张全雷新年第一天发表移动互联网产业主旨演讲。张全雷演讲称，嘻哈学车梦想通过技术创新让学车变得更快乐，2016年将离这个梦想再近一步。\n       张全雷表示，展望未来，特别希望嘻哈网络能在前沿的技术领域探索和产业创新层面，成为未来代表性的公司和国家企业，而不仅仅是一家竞争和生存能力很强的公司。“我们希望从学车软件大战中走出来的企业，不要仅仅成为市场层面格局的重塑。未来哪怕在最激烈的竞争当中，我们也能推出新的产品和商业模式，也能够成为应用技术型的创新代表企业。让学车更快乐。这是嘻哈学车的梦想，2016年我们希望离这个梦想再近一步。” \n       在PC时代（电脑）解决的是“痛点”，那么在移动互联网（手机）时代解决的将是“痛点加体验”；随着智能手机的普及和移动互联网技术的快速发展，驾校行业开始加入到移动互联网行业中。2015年学车软件行业开始进入高速发展时期，学车软件企业也如雨后春笋般迅速崛起。直到2015年最后一个季度，整个行业还在活跃的就剩下了“嘻哈学车”、“驾考宝典”、“驾校一点通与58学车”三家企业，而且还处在激烈竞争的阶段。大浪淘沙中互联网学车平台已经重塑市场格局。   \n       在这场互联网学车软件大战中，张全雷看到了很多，同时也亲身经历了很多发生在身边的故事。据张全雷介绍，其实2015年的学车软件大战一开始就是一个偶然事件，并非外界所说的这背后一定有巨头在设计一个巨大的阴谋。2015年先是58同城收购驾校一点通，国华光电宣布进军互联网学车既“嘻哈学车”，接着小米科技入主驾考宝典迅速的引爆了整个市场，很突然而且竞争很残酷的。”   \n       张全雷：在2015年12月国务院88号文件发布之前，互联网学车平台企业在所有“外人”眼里都是像滴滴出行一样的互联网企业一样，是颠覆传统的，很多人也认为是逆势走独木桥的，但我一直非常坚信是顺势而为，做自己擅长的事情。嘻哈学车出身好，我们一直都是在驾考驾培行业“混饭”吃的人，没有人比我们更加了解这个行业及上下游的关联度和痛点了，我们可以做到不去相信“利我”，只相信客观需要。互联网学车平台之前我们做驾校模拟考试系统设备，做交警车管所驾驶人考试系统软件及设备，对驾校产业和技术之间有“知已”般的了解，这也是我们比翻墙进来“趁火打劫”的人更懂驾培和技术之间的“粘合度、关联性”的客观事实。   \n       在经历残酷的市场竞争后，张全雷对创业以及移动互联网技术的发展也有了自己的认识。张全雷表示，一个初创公司，不管从资金还是系统都面临着巨大的挑战，扛过来了就上一个层级。互联网学车市场的打法不能像打车软件的打法一样打，这种偶发事件背后有它的必然性，必然是因为互联网激烈的竞争和充沛的资本，已经让现在的中国互联网从免费经济走到了补贴经济，互联网最早是收费经济的，最早的Windos操作系统是收费的，最早的杀毒软件是收费的，免费经济的代表周鸿祎带领360干掉了所有的收费杀毒软件，马云带领淘宝干掉了eBay，整个互联网竞争越来越白热化，淘宝用来教育用户的十年在O2O行业里被压缩到了一年。   \n       在谈及2016年的规划，以及嘻哈学车未来的突破到底是什么时，张全雷认为，未来嘻哈的发展规划是不断的去通过创造好的服务，不断的去通过产品创新和技术升级，来赢得市场。因为在张全雷看来，不管是免费经济还是补贴经济，它始终是营销层面的创新。“我相信随着整个资本的趋于理性，寒冬的到来，整个行业还是会回归到商业的本质。”我们现在面临最大的压力不是资本，我们的母体公司已经上市了，可以做到自给自足完成第一轮的资本融合。我们最大的压力是在解决用户“驾校”的信任度，这是我们所有挑战里最大的挑战。   \n       据张全雷介绍，虽然互联网学车软件看起来很时髦，其实我们国家学车人依然是通过驾校报名点直接报名的传统模式学车的较多。2015年12月国务院88号文件正式提出通过互联网预约考试，手机APP预约考试等，才真正的让“互联网学车”可以时兴起来。即便这样的文件，也是被媒体或者利益机构解读的“歪了”。重庆市在2015最后的几天出台驾驶人“自学直考”全面放开文件，利用互联网平台约考，整个行业才“统一”了声音。接下来的就是很多驾校和利益机构开始按耐不住欲进入“学车软件”领域，跟风的会很多。在短期内会有很多“搅局”者让我们头疼，最多一年他们就会销声匿迹的。就像打车软件一样，当初多少人在做，现在就剩下滴滴和快的了。   \n       据了解，目前嘻哈学车已经覆盖全国100多个城市，用户突破100万，并为10多万教练提供软件装机，最大的工作量就是教他们使用上。同时，嘻哈学车即将成长为涵盖互联网学车、互联网旅游、互联网商旅、交通出行服务、陪驾、代驾等多项业务在内的一站式出行平台。对于2016年的发展，张全雷表示，2016年我们希望关乎人民群众考驾照难，学车遭罪的问题得以彻底解决。“我们希望有限的驾校训练场能够承载更多的教练车和学员，能够提高整个驾校的效率。让学车更快乐，考驾照更轻松，这是嘻哈学车的梦想，2016年我们希望和驾校以及社会一道实现这个梦想。', ''),
(403, ' 前7月中国市场卖出3亿部手机 国产品牌占九成', '\n中国手机市场正在经历新一轮洗牌，本土手机品牌已占到国内市场的九成左右份额，而苹果、三星则出现下滑。\n \n中国信息通信研究院10日发布数据显示，2016年1-7月，中国国内手机市场出货量3.04亿部，上市新机型900款，同比分别增长8.1%和下降6.7%。如果只计算7月份一个月，国产品牌手机占到全部出货量的93.6%。\n \n1-7月，国产手机品牌出货量2.73亿部，同比增长18.7%，占同期国内手机出货量的89.7%；国产品牌上市新机型860款，同比下降6.2%，占同期国内手机上市新机型数量的95.6%。\n \n在过去的一年多时间里，华为、小米、OPPO、vivo等国内品牌强势崛起。IDC(国际数据公司)发布的2016年二季度数据显示，全球手机出货前五名仍是三星、苹果、华为、OPPO、vivo，排名与上个季度一样。\n \n相比去年同期，vivo和OPPO两个品牌获得了较大幅度增长，其中vivo同比高达80.2%的增长让它成功跻身全球前五的行列，vivo的这一变化主要是来自中高端产品销量的提升。\n \nIDC称，华为、OPPO、vivo三家企业在中国市场上表现出了强劲的冲击力，而且未来的优势很有可能会更加明显。近几年来，这三家企业在研发、技术积累方面的成果显著，华为的基础通信技术、OPPO的充电、vivo的拍照都已经建立了足够的产品技术壁垒。\n \n曾经的“霸主”苹果和三星则出现下滑。苹果公司2016财年第三季度(3月27日-6月25日)，在中国的收入大幅下滑33.1%，至88亿美元。尽管苹果在高端仍保持优势，但中低端品牌，遇到中国国产品牌的冲击。三星也有所衰落，在中国市场甚至排不到前五名。(记者 刘育英)\n ', ''),
(404, '当互联网学车邂逅了电子教练，驾校将会如何变化？', '\n驾考宝典 2016-08-13 04:03\n \n摘要：驾培行业吵的沸沸扬扬的驾照“自学直考”，再到基于互联网＋人工智能的“嘻哈学车电子教练”，驾校举办者从谈网色变，到谈网爱恋，这是一种从心境到心境，从思想到思想的心路历程。因为我们校长意识到了，互联网时代推动历史进步给驾校带来的价值和全新的经营方式转变，顺势而为，兴；逆势而为，死！这自古不变的真理，那么我们如何顺势而为，拥抱网络和机器人呢？\n \n \n首先谈选择：互联网学车平台在驾改东风吹过的地方，如雨后春笋拔地而起，基于各种模式的互联网学车平台让驾校老板眼花缭乱，无法选择。那么作为一名互联网学车从业者，我从驾校老板的角度来浅析一下如何选择互联网学车。\n \n其次谈心态：我们无法选择的“举棋不定”主要的原因是，我们在思索着如何规避互联网学车对传统驾校的“颠覆”？在观望互联网学车走不走的通，走向何方？在等待，看看其他驾校如何用，用的效果怎么样？我们要清醒的认识到在驾照“自学自考”政策下，互联网改变人类生存方式的大环境下，走网络约考已经是行业无法改变的现实，网络约考势必会催生网络学车繁荣和发展。我们驾校举办者必须坦然的面对和接受，如何选择和使用互联网学车的底线？这个是问题的关键。\n \n1、 我们如果选择走驾校与教练“合伙型”经营模式，我们就应当选择“互联网＋教练”直接接单的互联网学车平台，这样的好处就是把教练员变成了驾校的“二级合伙 人”，人人都是招生员人人都是小老板，走的是分享经济思维模式。优点是直接节约了招生费用开支和经营费用开支，缺点是我们的二级合伙人移情别恋的概率会增大。\n \n2、我们如果选择走“互联网驾校”经营模式，我们就应当选择具有互联网驾校管理系统的“互联网＋驾校”接单的互联网学车平台，这样的好处就是驾校具有可控性和支配权，优点是多了互联网生源渠道，缺点这种模式并不会减少传统驾校的开支和投入。\n \n3、我们如果走“传统驾校与互联网学车”相结合的模式，好处就是原有经营模式基本不会改变，是体制内增加了新的经营模式，经营模式双轨制。优点驾校从业者们接受比较快；缺点就是转型升级不彻底，会贻误驾校转型升级的机遇。\n \n4、保持传统不变，继续按照原有经营模式经营，这样做势必在:“交管12123”全国强制性使用时，会丧失很多生源，好处就是短期内不必因驾校转型升级而牺牲既得利益。\n \n5、走互联网电子驾校经营模式，是传统驾校转型升级最理性也是最理想的一种“生态转型”，通过“科技强校”利用嘻哈学车电子教练节约50%驾校经营费用开支，同时也可以利用网络平台聚合生源甚至教练员；缺点就是前期需要投资购置“嘻哈学车电子教练”改装教学车辆。\n \n总而言之，在整个驾培行业转型升级阶段，我们驾校的盈收少了，我们驾校老板的钱袋子越捂越紧了，投资呈低迷态势，其实这种思维是要不得，也是直接影响驾校未来的一种落后思维。根据公安部交管局官方公布的数字，上半年我们新增机动车驾驶人数量突破1600万，创历史新高，这些数字充分说明，并不是人口红利和互联网导致老牌名校生源萎缩的原因，是驾校在短时间内急剧增多导致。那么，我们如何PK掉我们的竞争对手，除了我们加强经营管理、服务意识的内功修炼外，最终起到决定性作用的，就是我们驾校转型升级的速度和强度。危机中，我们做到了顺势而为，才可以大有作为。\n \n来源：国华光电官方网站，嘻哈学车电子教练，第一款基于互联网?人工智能的学车电子教练！安徽嘻哈网络技术有限公司出品！\n \n ', ''),
(405, '虹膜识别首次应用驾考签约仪式今日在国华光电举行', '发布日期：2016-9-12\n      9月10下午，虹膜识别首次应用驾考签约仪式在安徽国华光电技术有限公司举行隆重签约仪式，合肥虹视信息工程有限公司总经理柏一博，安徽国华光电技术有限公司董事长兼CEO张全雷出席了签约仪式，参加签约仪式的还有来自长三角优秀企业家代表“太红汇”重要成员单位负责人。\n[attach]72[/attach]\n       虹膜识别”技术被广泛认为是21世纪最具发展前途的生物认证技术，其发展优势已经在全球各地的各种应用中逐渐显现出来。此次国华光电引进虹膜识别技术应用于驾考系统安全认证在行业尚属首次。随着虹膜识别技术广泛应用于驾考系统，势必会对驾驶人考试系统安全认证起到积极作用，基本可以杜绝在驾照考试过程中“替考、作弊、违法操作”等行为。\n[attach]73[/attach]\n[attach]74[/attach]\n       太红汇秘书长、南京温商协会会长陈丽华代表太红汇成员发言：“陈秘书长说，太红汇成员是来自全国各地、各行各业优秀企业家代表，虹视信息与国华光电都是我们太红汇成员单位，柏一博同志与张全雷同志也是我们太红汇发起人之一，我们坚守太红汇“聚似一团火，散失满天星”的崇高愿景，秉承强强联合、互相融合、做大做强、做出特色的精神，充分利用太红汇圈子力量，把太红汇圈子经济推向新的高度。今天，柏一博与张全雷两位兄弟的握手，为太红汇发挥圈子经济树立了榜样，我和太红汇所有兄弟姐妹感到由衷的高兴。\n      最后，祝愿柏一博和张全雷两位兄弟合作愉快，合肥虹视信息工程有限公司与安徽国华光电技术有限公司合作结出累累硕果，虹膜识别应用驾考早日服务人民，服务社会。\n ', ''),
(406, ' 付费阅读+直播 微信商业化跃进', '\n2016-08-09 12:34　来源：北京商报　方彬楠 姜红 我有话说\n \n直播传闻沸沸扬扬，微信开始了更多付费功能的尝试。昨日消息，有公众号运营者发现，微信正在内测付费阅读功能，为部分用户增加了“付费订阅”功能选项。\n \n付费阅读已定\n \n据了解，参与内测的公众号运营人员发现，公众号的原创声明功能内，在转载状态栏，由原来的“允许转载”更新为“付费订阅”。\n \n北京商报记者就此向微信方面人员确认，该人员坦言，“付费订阅的确是属于微信扶持原创的未来计划之一”。不过对于是否正在内测，她表示，目前尚没有更多信息可以分享。\n \n早在今年2月初，就有微信公众号运营者爆料，在微信公众号后台编辑的时候，看到了付费阅读功能。当时为运营者提供的付费金额在0-200元之间。不过，目前仍未看到该功能的正式推出。一位分析人士指出，微信公众号付费阅读是必然，只剩下何时推出的问题。公众号已有的原创保护功能以及打赏功能等，再加上已有的大量绑定支付的用户，都将为后续付费阅读功能建立基础。\n \n增添变现砝码\n \n腾讯 CEO马化腾提到过用户可以利用微信平台做文学网站，通过微信直接面向读者和订户，并接入付费，微信可以做内容制造者和终端用户的桥梁。\n \n作为用户规模、用户活跃度排名第一，有着超级移动App之称的微信，在商业化的道路上却一直不明晰。微信一路走来，更希望自身商业模式能够与用户体验互补相关，并未早早推出付费阅读的功能，而是以链接各种应用为方向。不过，付费阅读确实是微信可行性很高又较为直接的途径。\n \n“内容付费的形式在现在看来是行得通的，包括分答等知识技能共享平台也是一大趋势。微信此举旨在保护原创内容，实现原创作者的一些诉求，例如盈利和版权等方面”，上述分析人士解释。原创内容可以获得更大的流量，对于微信产品本身也是一个补充。\n \n对于付费订阅，上述分析人士认为，付费阅读是培养用户对知识的付费习惯，付费订阅是基于此基础上的长期阅读行为。有利于帮助优质的内容形成一定的黏性以及实现盈利，激励内容生产者生产高质量的内容，由此形成一个正向的循环。\n \n直播传闻不断\n \n微信已经很久没有推出重磅功能了。不过，最近却屡次传出内测直播、付费阅读、付费订阅等功能的消息，可见业内对于微信作为产品的期待。尤其是直播功能，更是引发了热烈的讨论。\n \n据消息人士透露，微信事业部在谋划进军直播市场，内部目前或已在筹备相关工作。对此，北京商报记者采访微信相关人士，对方表示暂不回应。\n \n在分析人士看来，直播是社交的高级进化，用户时时反馈打赏，但鉴于直播内容人群参差不齐，功能慎重，不过从 陌陌与腾讯旗下QQ空间等加入了直播的阵营来看，相信微信也在筹划之中。返回光明网首页\n \n\n ', ''),
(407, '国华网：嘻哈学车项目进入第三届中国合肥青年创新创业大赛总决赛', '摘要：由共青团合肥市委员会、合肥市高新技术产业开发区管委会、中共合肥市宣传部、合肥市发展与改革委员会、合肥市经信委、合肥市科技局、合肥市财政局、合肥市人力资源和保障局，合肥市商务局等单位主办的创新创业大赛决赛今日在合肥拉开序幕。以安徽嘻哈网络技术有限公司推出的“嘻哈学车”移动互联网学车项目以第一名的成绩进入了大赛总决赛。我司由副总裁、公司总经理张丽华，副总裁吴峻岭及总裁助理杨利林率队参赛，预祝大赛取得圆满成功，预祝嘻哈学车取得好的成绩。\n[attach]75[/attach][attach]76[/attach]\n创新创业大赛背景：\n为进一步推动合肥青年创新创业实践，充分激发广大青年创业热情，帮扶一批有志创业青年实现创业梦想。9月17日下午，“阳光电源”杯第三届中国合肥青年创新创业大赛暨首届创客活动周在市政务中心小会堂正式启动。\n[attach]77[/attach]\n第三届中国合肥青年创新创业大赛(以下简称“大赛”)由共青团合肥市委、合肥高新技术产业开发区管委会、中共合肥市委宣传部等多家单位联合举办，大赛主题为“相约互联网+时代 青春创业合肥梦”，凡年龄在18-45周岁的在校大中专学生以及已经创业的青年、青年企业家等均可报名参赛。本届大赛分为报名、初赛、决赛和后续服务四个阶段。在初赛阶段，组委会将根据具体项目报名情况，在长三角重点城市群城市，组织风险投资机构、天使投资人与参赛项目直接面对面，举办若干场路演及创业分享活动，以确定晋级名单。决赛阶段将在11月到12月举行，组委会将举办青年创业训练营活动，邀请创业导师一对一辅导，培养选手各方面创业素养和能力，举行政策宣讲会和投融资对接活动，组织创业风险投资机构、天使投资人、创业孵化器与创业团队进行进一步接触。并将举办决赛路演及颁奖仪式，比赛内容为创业项目路演和现场答辩。\n据了解，本次大赛主要面对“互联网+”创业项目，报名参赛的项目要符合国家政策和产业导向，具有一定技术先进性和产业开发价值，分为创新类和创业类，可以以个人或团队形式报名参赛。其中，创新类将设一、二、三等奖，奖金总额分别为4万元、2万元、1万元；创业类将设立一、二、三等奖，奖金总额分别为10万元、5万元、2万元，同时评选“创业之星”、“创业先锋”、“最具潜力奖”等单项奖若干名。\n\n此外，对在合肥落地并获得创业投资的大赛项目，将由省、市、县创业投资引导基金按照申报条件及程序给予资金上的支持。大赛三等奖以上的获奖项目，团队带获奖项目来合肥高新区创办企业，依据政策可申请10-30万元的创新创业资助。入围决赛的参赛者可申报青年创业奖、农村青年致富带头人、科技部创新人才推进计划、“百人计划”和“228”产业创新团队，在同等条件下予以优先考虑。有意报名的青年创客可以通过大赛指定网站完成在线报名和参赛材料的在线提交，也可以通过异地的合作机构同步开展海选报名活动。\n\n合肥青年创业大赛已成功举办两届，共计261个参赛项目，涉及现代农业、智能制造、文化动漫、信息工程、绿色能源、服务外包等领域。大赛选拔了一批成长性强，发展潜力大的优秀项目，培养了一批自立自强、勇于拼搏的青年创新创业典型。部分优秀项目赢得创业导师一对一的孵化辅导，获得了融资贷款、信用贷款和风投入注等共计2890万元资金支持。', ''),
(408, '我国首次万米级深渊科考完成', '2016-08-13 07:16　来源：光明网-《光明日报》　 \n\n“探索一号”核心科研设备与探测设备均为我国自主研发\n \n光明日报三亚8月12日电（记者齐芳、王晓樱）8月12日上午8点，远航了52天的“探索一号”科考船在海南省三亚市靠岸。中国科学院院长白春礼在给中国科学院深渊科考队的贺信中表示，这是“我国海洋科技发展史上第一次万米级深渊科考”。从此，万米深海不再是我国海洋科技界的禁区！\n \n“探索一号”是中国4500米载人潜水器及万米深潜作业的工作母船，此次科考的主要目标包括对我国自主研发的系列万米级深海实验装备和探测设备进行验证、探秘地球最深处——马里亚纳海沟等。\n \n我国首次万米级深渊科考完成\n \n图为8月12日，“探索一号”缓缓驶入码头。光明日报记者 齐芳摄/光明图片\n \n长94.45米、宽17.9米的“探索一号”，是一座移动的“海上实验室”——船上有11个固定实验室、2个可拆卸式移动实验室，包括1间综合实验室、1间机电实验室、地质实验室、地球物理实验室、化学实验室、生物实验室、低温样品库、信息处理室等，不仅能开展多学科、多种实验，还能很好地保存各种样品和数据。\n \n最令人瞩目的，是“探索一号”搭载的许多核心深海科研设备和探测“神器”均为我国自主研发。比如，万米级自主遥控潜水器“海斗号”、深渊着陆器“天涯号”“海角号”、万米级原位试验系统“原位实验号”、9000米级深海海底地震仪、7000米级深海滑翔机等。\n \n在这样一艘现代化科考船上，来自中国科学院深海科学与工程研究所、沈阳自动化研究所、地质与地球物理研究所、国冶锐诚工程技术有限公司等7家单位的31名科学家和29名船员，在马里亚纳海沟海域作业37天、执行84项科考任务，在不同深度断面上取得了一大批珍贵的样品和数据。接下来，科学家们将系统整理此次科考获得的深海数据和样品，相关成果将于近期发布。\n \n“探索一号”是中国科学院2014年启动的“海斗深渊前沿科技问题研究与攻关”专项支持的项目之一。该专项以大于6000米水深的海斗深渊为研究对象，开展深渊科学研究与探测装备工程技术研发，在攻克深渊探测装备研制、深渊环境模拟和全海深潜水器关键技术的同时，对海斗深渊中的极端生命、特种环境和地质构造活动进行深入研究，构建我国深渊科学学科体系和深渊技术装备体系。\n ', ''),
(409, '两大电商巨头“加速跑”折射哪些网络消费趋势', '\n2016-08-14 10:59　来源：新华社　 我有话说\n \n新华社北京8月13日电（记者于佳欣）国家统计局日前发布了前7月消费数据，全国实物商品网上零售额同比增长26.1%，继续保持强劲增长。同时，阿里、京东近日所发财报的多个数据也呈“加速跑”态势，两大电商巨头的数据折射了哪些网络消费趋势呢？\n \n移动端消费将持续火爆\n \n阿里和京东日前发布的财报呈现出销售额和用户量的攀升，而其中更加夺人眼球的是移动端消费的火爆。\n \n阿里财报显示，阿里巴巴零售平台移动端季度收入达175.14亿元，按年增幅高达119%，占中国零售平台总收入的比例增至75%，而去年同期比例为51%。二季度，平台商品交易额按年增长24%至8370亿元，其中移动端交易额的占比进一步升至75%。\n \n京东财报中移动端购物的数据也十分抢眼：2016年二季度，通过移动端渠道完成订单量约占总完成订单量的79.3%，同比增长超过130%。\n \n与移动端销售同样活跃的是移动端用户的飙升。截至6月底，阿里移动端的月度活跃用户增加了39%，至4.27亿，推动来自手机应用的收入增加了超过一倍。\n \n移动端交易额和用户的高涨再次印证了这一消费的增长潜力。根据艾媒咨询发布的《2015-2016中国移动电商市场年度报告》，截至2015年底，中国移动购物用户规模达到3.64亿人，同比增长23.8%，预计到2018年中国移动电商用户规模将接近5亿。\n \n“移动端交易额的增长说明了PC端消费已经全面向移动端转型。”中国电子商务研究中心网络零售部主任莫岱青说，通过与O2O、农村电商和跨境电商等发展热点相结合，移动电商将释放更大消费潜力。\n \n用户体验将成“王道”\n \n无论是线上互动更加频繁，还是线上线下融合加快，都显示出提高用户体验将成为商家争夺用户的不二选择。\n \n从阿里财报的内容看，淘宝平台已经不再仅限于购物，而是成为人们日益离不开的社交商业平台。淘宝社区互动日趋频繁，“问大家”成为淘宝评价体系中越来越受流行的社区体验功能，在6月促成每日大约200万用户互动。\n \n阿里巴巴集团首席执行官张勇说：“凭借着平台上的社交、社群和智能数据驱动的个性化服务，我们改变了4.34亿活跃用户在我们平台上的互动方式，逐步实现 ‘生活在阿里巴巴’的愿景。”\n \n而京东集团通过同沃尔玛和中国线上超市“1号店”达成新的战略联盟以及与多个国际知名品牌的合作以及对前沿科技的投资，为消费者提供了更丰富的品类选择和更优质的物流体验。\n \n中国贸促会研究院国际贸易研究部主任赵萍指出，用户线上互动能更全面了解商品信息，弥补体验不足的问题。线上线下融合也将给用户提供更好的购物体验，这将越来越成为商家努力的方向。\n \n从购物平台到多元化生态\n \n无论是阿里还是京东，从纯电商平台走向多元生态布局成为越来越多互联网企业的选择。专家指出，利用大数据优势，加快对多领域布局，将更好地占领消费市场。\n \n随着云计算、数字媒体与娱乐、创新项目三大新兴版块的崛起，加上蚂蚁金服和菜鸟等投资业务，阿里巴巴正在从一个纯电商平台变成一个中国互联网的“基础设施提供者”和“生活在其中”的多元生态平台。\n \n根据阿里财报，阿里与上汽集团合作发布首款互联网汽车，双方目标是将汽车转变为使用无缝大数据、互联网以及云计算的智能生活平台。阿里与蚂蚁金服的合资公司、提供本地生活服务公司“口碑”，季度内通过支付宝结算的交易支付额达到310亿元，较上一季度增长48% 。\n \n京东也在云计算、智能等领域迈出实质步伐。京东有关负责人在此前召开的2016年中国互联网大会上也表示，京东云拥有海量的大数据资源和强大的数据存储、挖掘分析能力，通过行业间大数据的共享和连接，京东云将致力于和业内企业建造一个共赢的互联网生态系统。\n \n“从购物平台向多元化布局的转变顺应了互联网消费发展的趋势，也给生活服务商们带来启示，即运用互联网思维为用户提供更便捷、丰富、安全的服务。”赵萍说。\n ', ''),
(410, '医保“并轨”，如何惠及百姓', '\n2016-08-14 03:14　来源：光明网-《光明日报》　我有话说\n \n【改革追踪看落实】\n \n光明日报北京8月13日电（光明日报记者 邱玥）截至目前，全国已有河北、湖北、内蒙古、江西、新疆、北京等17个省区市实现了新型农村合作医疗制度和城镇居民基本医疗保险制度整合。\n \n城乡医保制度“并轨”的效果究竟如何？对医保基金的管理有怎样的作用？对参保者看病报销带来哪些新的变化？记者就此进行了调查。\n \n提高统筹层次增强基金抗风险能力\n \n在城乡居民医保“并轨”之前，家住浙江省杭州市的糖尿病患者顾晓秦，只能吃10块钱一瓶的药。现在，他买药的选择范围扩大了，虽然比过去多掏30多元，但“自付的部分和以前差不太多，药却上了一个档次”。\n \n城乡医保制度整合后，城乡居民不再受城乡身份的限制，医保管理服务实现一体化，城乡居民待遇普遍提高，不少地区新农合用药目录得到大幅扩容。\n \n在内蒙古，新农合药品目录由原来的1988种增加到2600多种，增幅在三成以上，新农合实际报销比例将逐步向城镇居民靠拢；在河北，按照保障待遇“就高不就低”进行整合，整合后城乡居民基本医保用药目录能达到2900种左右；在宁夏，统一药品目录，农民可报销品种由918种扩大到2100种……\n \n城乡居民医保整合后，不但提高了就医层次、增加了定点医疗机构、让参保人的就医选择更多，而且医保基金的互助共济能力和抗风险能力也大大增强。\n \n价格谈判底气更足 有效监管医疗服务\n \n“医疗保险制度的基本功能，是筹集资金、分担风险与购买服务。”首都经济贸易大学劳动经济学院教授朱俊生说，城乡居民医保整合后，一方面壮大了资金筹集规模，提高了抗风险能力；另一方面也让医保部门在购买服务时有了更多的“话语权”，可以为参保者提供更优质的服务。\n \n一些专利药、进口药价格昂贵，个别药品国内外价格差较大，刺痛着百姓的神经。用行政手段强迫药品降价，有可能导致常用药和救命药出现“药荒”，或者同类药品价格飙升。城乡居民医保整合后，参保人数大幅增长，基金池扩大，“家底儿”厚了，使得医保部门的谈判底气更足。很多药企主动“以价换量”实现薄利多销，让药企和患者逐渐找到了利益平衡点。\n \n基金规模的扩大，还实现了“以量换服务”，调动医院等各种医疗服务提供者的积极性，让参保人享受更加优质的医疗服务。“城乡居民医保整合，有利于医保部门作为团购者同医疗服务提供部门进行价格谈判。”中国社科院经济研究所研究员朱恒鹏说。\n \n促进患者合理就医用药推动基层医疗机构发展\n \n107家定点零售药店，家家都装有远程监控系统——江苏省苏州市人社部门通过远程监控系统，对参保患者刷卡结算的每笔费用进行“无盲区”监管，从而使定点药店总体费用较整合前同比下降了20%。\n \n“我们在保证医疗服务水平的前提下，既要让医院降低患者每次看病的费用，又要防止个别医疗服务提供者把一次能看好的病分成几次看。”杭州市医保局有关负责人说，杭州市整合城乡居民医保后，建立了以总额预算为核心、智能审核为补充的医保监管体系，严格规范医院行为。整合后的一年间，杭州市本级医保基金支出增幅较上年下降了9.2%。\n \n宽敞明亮的大厅，崭新整洁的墙面，新近更新的医疗设备……临近中午，在天津市二甲医院北辰区中医医院门诊大厅，仍旧有不少待诊的患者。“自打城乡居民医保整合后，我们这儿就一直这么忙。”北辰区中医医院医保科负责人说，“如今，病人报销费用更方便了，医生治疗时可选择的药物更多了，医患之间的信任感明显增强。”\n ', '');
INSERT INTO `xh_user_action_history_data` (`history_id`, `associate_content`, `associate_attached`, `addon_data`) VALUES
(411, '“嘿秀”直播平台整顿后再涉黄 揭露产业利益链', '\n2016-08-12 10:12　来源：京华时报　 我有话说\n \n昨日有网友向本报反映，一个月前因传播淫秽、色情直播内容被责令停业整顿的直播平台“嘿秀”，再次出现直播淫秽色情画面。记者调查发现，嘿秀直播平台中，部分入驻女主播衣着暴露、裸露下体，甚至直播男女“造人”画面。而这种现象在众多直播平台中已多次出现。律师认为，网络直播平台涉黄现象屡禁不止，其根本原因是直播平台设立门槛较低，从业人员缺乏明确的准入制度，传播终端较为隐蔽和灵活，违法成本较低。\n \n嘿秀深夜直播“造人”\n \n网友凌先生向本报反映称，前天凌晨4点多，他在手机里下载了“嘿秀直播”，浏览直播页面时发现，多位女主播衣着暴露、污言秽语、裸露下体。\n \n凌先生说，他正常观看直播时，发现有主播发出呻吟声，并示意观众送礼物，称礼物越多，尺度越大。收到礼物后，主播将下身衣服脱掉，裸露出下体。\n \n“我更换房间后，发现其他女主播有类似行为。”凌先生说，从凌晨4点多到当天上午9点多，其共发现10多位女主播有衣着暴露、暗示观众刷礼物换取主播不雅动作的行为。凌先生提供的直播截图显示，嘿秀ID为2014911、2770813、3670108、2242281等主播有裸露私密部位、做出不雅动作等行为。\n \n凌先生说，除了一名女主播表演，还有一种模式是一男一女进行直播。其中一个房间直播画面中，一名女子躺在床上熟睡，另一名男子坐在旁边和观众交流。男子要求观众刷礼物，从而掀开女子衣服，或作出其他不堪入目的动作。\n \n昨天凌晨，嘿秀直播中更是出现了一男一女赤身裸体直播“造人”的画面。记者注意到，该虚拟房间所属直播的嘿秀ID为3803375，而从两人所在实体房间布置看，画面中的房间疑似在一家酒店内。\n \n□调查\n \n色情画面背后的利益链\n \n记者8月10日、11日调查发现，嘿秀直播平台主播裸露私密部位等不雅行为背后有多个利益链条。\n \n记者10日夜间11点进入平台上一直播房间，该房间主播多次以作出不雅动作、发出不雅声音诱导观众送“航空母舰”等虚拟礼物。\n \n此外，直播中该主播不断提示观众，有需要加微信的可以私信索要微信号。“加微信后进群30元，一对一100元”。\n \n记者通过私信索要到该主播的微信号，添加成功后，该主播却称30元进群不一定有直播，新增人数达到一定数量才直播。\n \n记者发现，主播要求发红包进群的目的分3种情况，一种为骗局，一种确实为“黄片”交易，最后一种是通过直播噱头做产品推广。\n \n昨天凌晨的直播中，有多位主播将微信号公开。\n \n随后，记者随机添加了两位主播的微信，其中一位主播接收了130元红包后，将记者拉黑；另一名主播收到10元红包后，发给记者8部淫秽视频。\n \n该主播称，11日凌晨以后，她的嘿秀账号被人举报，后账号被封，不能登录。\n \n另外，有主播通过QQ群以直播真人秀为噱头，推广其他直播平台。一位主播在嘿秀中称直播间容易封号，并公开一个QQ群账号，称进群有真人直播秀。\n \n记者按照主播公布的QQ号成功入群，群管理员发消息称，群内每晚9点开始真人秀直播，但要求群成员先把群推荐给另外5个群，并截图发给管理员。\n \n昨晚9点，该群已有500多人，群管理员发消息通知直播开始，但是需要下载另一款直播类APP才能观看。\n \n一位曾在某直播平台供职过的内部人员称，主播要求观众送的礼物价格不一，从1元到上万元都有。礼物通过平台的“钻石”购买，而“钻石”需要用真实货币来支付。观众购买的礼物送给主播后，礼物的创收将在平台和主播之间分配。“比如价值588元的虚拟礼物，平台可能拿走388元，主播得到200元。”该内部人员称，具体的分配比例每个平台不一样。\n \n上述内部人士曾做过直播平台的市场推广，其称以QQ群直播为名，要求下载APP的行为是一种不入流的推广手段。“正常的推广应该是在网站或媒体做广告”。\n \n法人代表曾承认平台涉黄\n \n1个月前嘿秀直播因涉黄，其法人代表郝某被管理部门约谈，郝某承认平台在直播中存在淫秽、色情的内容。但郝某辩称，“嘿秀”在工作中确实存在很多不足，因为公司资金链接近断裂，工作人员不足，在6月20日左右，公司被某网络色情团伙乘虚而入，该团伙进入平台后进行色情表演及广告发布。\n \n郝某称，因运营人员不足，未能在色情团伙进入后及时对部分直播房间进行关闭及封停直播账号，对网络用户造成了不良影响。\n \n记者从相关部门了解到，“嘿秀”被停业整顿后，其法人代表郝某将平台卖给了哈尔滨的一家公司。按照属地管辖原则，“嘿秀”的直播关系转到哈尔滨之后，需要哈尔滨当地的相关部门对“嘿秀”进行监督管理。\n \n昨晚，记者通过哈尔滨政府部门将嘿秀直播再次涉黄的行为反映给该市监察部门，但截至发稿，未得到相关答复。\n \n记者尝试联系嘿秀直播的客服人员，但是按照其直播平台上公布的4个QQ号发出添加请求后，3个账号没有回复，另一个账号拒绝添加好友。记者检索发现，半月前，有媒体曾曝光嘿秀被整顿后再度涉黄，客服人员对此回应称，会有运营部封他们（涉黄主播）的号，观看者也可以直接截图反映给客服，他们上报后也会马上封号。但“监管人员有限，谁都有疏忽的时候”。\n \n□观点\n \n直播平台设立门槛较低\n \n北京京平律师事务所薛正懿律师说，按照《治安管理处罚法》规定，制作、运输、复制、出售、出租淫秽的书刊、图片、影片、音像制品等淫秽物品或者利用计算机信息网络、电话以及其他通讯工具传播淫秽信息的，处十日以上十五日以下拘留，可以并处三千元以下罚款；情节较轻的，处五日以下拘留或者五百元以下罚款。另外，《刑法》第三百六十三条规定，以牟利为目的，制作、复制、出版、贩卖、传播淫秽物品的，处三年以下有期徒刑、拘役或者管制，并处罚金；情节严重的，处三年以上十年以下有期徒刑，并处罚金；情节特别严重的，处十年以上有期徒刑或者无期徒刑，并处罚金或者没收财产。薛正懿认为，上述直播平台和主播的行为违反了以上规定，可能受到相应的处罚。\n \n薛正懿律师说，其实早在2000年的时候，我国已经就网络传播信息的内容管理进行了相应的立法，比如《互联网信息服务管理办法》第十五条规定，互联网信息服务提供者不得制作、复制、发布、传播包含淫秽、色情等内容的网络信息。\n \n薛正懿律师认为，根据相关规定，网络直播平台的监管部门主要是两个，一个是文化广播影视管理部门，网络直播平台只有在获得文化部门颁发的《网络文化经营许可证》才可正式运营；另一个就是公安部门，网络直播平台必须到所在地的公安机关进行备案，并接受监管。\n \n对于网络直播平台涉黄现象屡禁不止的现象，薛正懿认为，其根本原因是网络直播平台与一般的传统媒体平台有很大不同。直播平台设立门槛较低，从业人员缺乏明确的准入制度，传播终端较为隐蔽和灵活，违法成本较低。这样给管理和执法造成了较大难度，所以要想真正地减少甚至杜绝违法现象的发生，还需要各个职能部门加强监管协作，制定合理的工作模式，加大打击力度。', ''),
(412, '我国大数据产业遭遇“三重门” 产业生态不健全', '\n近年来，大数据产业已成为新的技术制高点和经济增长的新动力，深刻改变着宏观经济环境，受到各国高度重视。日前在京举行的“2016中国大数据产业生态大会”上，与会专家表示，我国大数据产业当前还面临信息资源难共享、数据安全风险大、产业生态不健全等难题，需从优化产业政策入手，促其健康发展。\n \n产业呈现良好发展态势\n \n北京大学教授杨学山认为，我国大数据产业虽还处于探索起步阶段，但在对大数据的社会认知、政策环境、市场规模、产业支撑能力等方面都取得了积极进展，为大数据产业的可持续发展创造了良好条件。\n \n首先，大数据产业发展政策日益完善。大数据产业是云计算技术、物联网和移动互联网广泛普及的结果。鉴于大数据对经济、社会、科研、国家安全等方面的巨大价值，中国各级政府纷纷制定相关政策推动大数据产业深入发展。\n \n早在2011年，工信部发布的《通信业“十二五”发展规划》就把云计算定位为构建国家级信息基础设施、实现融合创新的关键技术和重点发展方向，此规划被视为较早推动大数据发展的政策。\n \n2015年8月，国务院印发了《促进大数据发展行动纲要》，全面阐述了我国发展大数据产业的意义、目标、任务和政策，此纲要的出台标志着大数据产业已被提升为国家战略高度，逐渐完善的政策体系为大数据产业发展提供了良好条件。\n \n其次，各地逐渐建立起了大数据产业发展平台。随着国家和地方政府大数据产业发展政策的制定和实施，大数据产业发展的相关平台也逐步建立。\n \n据了解，到目前为止，全国各地已建成和在建的大数据产业园已达到100多个。为推动大数据研究，学术界成立了大数据专家委员会等机构，举办了大数据共享与开发、大数据技术创新、大数据运用、大数据产业发展等主题的学术研讨会。\n \n另外，大数据的市场空间广阔且在持续扩大。大数据产业主要涉及数据的收集、存储、分析和运用等环节，其在金融、电子商务、医疗、农业、政务等领域发挥着越来越重要的作用。\n \n虽然我国的大数据产业已彰显出巨大的市场空间和持续增长的态势。例如，金融行业利用大数据技术处理业务，提高了工作效率，降低了审计风险；交通部门利用大数据检测交通流量变化，优化了公共交通资源配置；制造业利用大数据优化生产流程。而随着企业级用户对大数据需求的持续增加，大数据的市场空间将进一步扩大。\n \n发展仍面临三重困难\n \n中国工程院院士孙家广认为，大数据产业发展具有极强的技术和信息依赖性，由于我国大数据产业起步滞后以及基础条件不够成熟，其在快速发展的同时，面临的困难也日渐显现。\n \n其中一大难题便是，信息壁垒降低了大数据产业资源配置效率。大数据产业发展必须实现数据信息的自由流动和共享，如果数据不开放、不共享，数据整合就不能实现，数据价值也会大大降低。\n \n然而，这一问题并没有得到相关政府部门的足够重视。这主要是由于地方政府没有形成与全局思维，仍认为自己的数据信息不可以开放共享，甚至将其视为抢占大数据产业发展先机的优势条件。此外，政府部门是社会信息的主要控制者，其信息又分别被不同部门和区域控制，而不同部门和区域间的数据标准各异，信息资源也就难以实现共享。\n \n另外，数据安全管理薄弱增加了大数据产业的发展风险。\n \n数据安全和隐私保护是大数据产业发展的世界性难题，这主要体现在三个方面：其一，数据的海量存储增加了数据安防的难度，可能造成大量数据损坏或丢失，造成难以想象的后果；其二，在大数据时代，数据的多元性和复杂性要求人们形成更强的安全意识，但现实中不论企业还是个人的安全意识还没有从传统的非信息时代转变过来，存在巨大潜在风险；其三，网络攻击带来了数据安全风险，随着大数据在政府、金融、公共事业等领域的广泛运用，数据泄露带来的损失远远超出行业范畴，而是全局性的国家安全问题。\n \n目前，我国保护大数据安全的能力十分有限，加上大数据安全法律法规缺失、网络信息管理体制存在缺陷等问题，大大增加了我国大数据产业的发展风险。\n \n不仅如此，产业生态体系存在短板，阻碍了大数据产业链和产业集群的形成。产业健康可持续发展的一个重要特征就是形成了完整的产业链条和多层次的生态体系。我国大数据产业仍处于起步阶段，主要体现为：各领域大数据企业分散现象普遍；产业发展、政策、平台、创新、环境等不协调；大数据企业之间分工不明确、交流合作不足、协同力度不够；大数据行业协会、产业联盟发展滞后。\n \n需从四方面优化产业政策\n \n中国科学院院士、北京理工大学副校长梅宏表示，为克服困难，促进我国大数据产业健康发展，相关的产业政策应从以下四方面优化：\n \n第一，完善大数据产业发展战略规划，优化产业布局。\n \n实践表明，新兴产业如果缺乏科学理论指导，容易出现盲目发展、重复建设、同质竞争等问题。为此，我国应尽快优化对大数据产业的战略规划，明确方向和重点，制定长、中、短期发展目标，完善投融资、知识产权、利益分配等方面的政策，为大数据产业创造良好发展环境。\n \n第二，依托大众创新创业优化大数据产业发展环境。大众创新创业有利于增强创新驱动活力、拓宽创业渠道、优化创新环境、促进中小企业发展、优化产业结构等，这无疑是解决大数据发展创新技术受限、企业竞争不充分等问题的有效途径。\n \n第三，加强大数据共享平台和安全保障体系建设。在数据共享方面，应尽快制定和出台《公共信息资源开发共享管理办法》，以法律形式规定公共信息资源开放共享的内容、程序、标准等，并在此基础上建立公共信息资源共享网站，形成共享服务体系；在数据安全方面，应完善国家数据安全法律法规，同时加强网络安全基础设施建设，建立和完善大数据安全应急机制，从而大幅度降低大数据风险。\n \n第四，实施融合发展战略，构建大数据产业生态体系。这里的融合发展既包括大数据与其他产业的融合，又包括大数据企业与政府、社会组织的融合。\n \n大数据要形成完整的产业链和生态体系，需要众多产业的支撑。因此，构建大数据产业与其他产业发展的联动机制，组建全国性、区域性的大数据产业联盟，加强大数据产业链各个环节企业的合作，显得尤为重要。大数据产业发展需要同时发挥好政府、企业、社会中介等多方面力量，聚集各方优势。企业应在产业发展过程中充当主体地位，政府应根据企业的需求，提供政策和服务。社会中介组织也不容忽视，政府部门应加强对大数据行业协会、科研机构、产业联盟等组织的培育和扶持，充分发挥它们在理论研究、技术研发、社会调研等方面的作用，使之成为推动大数据产业发展的另一支重要力量。\n ', ''),
(413, '【聚焦双创 人物专访】张全雷：学车会是一个很爽的的体验', '发布日期：2016-1-13\n[attach]78[/attach]\n在第三届“阳光电源”杯青年创新创业大赛上，张全雷的项目“嘻哈学车APP”博得众多“眼球”，张全雷本人也因“学车会是一个很爽的体验”这句口号而广为人知。\n \n问：传统的驾校行业多遭诟病，诸如收费过高，教练太凶。您觉得在这样的背景下，怎样才能让学车变成您说的，成为很爽的体验？\n \n张全雷：现在驾培市场的供小于求，其主要原因可以分为五种：一是人口红利释放殆尽，学车人的基础减少；二是学车群体对国家对驾培改革的期待转化为观望，一些没有刚性驾车需求的人选择了等待；三是驾校审批权的放开，驾校增长数量迅速增加，分流了老驾校的生源；四是驾培行业服务绝大部分不规范，服务质量差导致一部分人占时放弃学车的愿望，人民群众普遍反映考驾照比考大学难、升学压力更大；五、学车太浪费时间，很多上班族无法请太多的假去学车，只能放弃学车考驾照的想法。\n \n 以上五点是导致驾培现状的客观原因，我们仔细的分析一下就会察觉到，除了第一条人口红利的因素与互联网没有多大关系，其余的四条都与互联网有着千丝万缕的关联度。国务院88号文件，针对驾改的核心在于学车流程，驾照考试流程的变化，宏观上看就是对驾考、驾培模式的改变，并不是格局的重塑。我国现在手机保有量是美国人口的二倍之多，已经成为移动互联网使用基数全球最大的国家，这是个先决条件。国家通过驾改，利用互联网技术解决人民群众学车之困，是民之福祉，民心所向。同时斩断了驾校与车管所之间的关系，也根除了车管所掌握“考试名额”，驾校送礼走后面“多吃多占”名额的腐败基础。\n \n利用互联网报考驾照、预约学车，变的更单纯、更便捷了。想学车就像在淘宝上买东西一样，就像用打车软件打车一样，纯属单纯的商业消费行为。驾校变成了卖家，服务必然要好，不然就没有市场，可以享受到优秀的学车服务，消费者的感觉也好了。驾考驾培的“民怨”才可以得以彻底的解决。\n \n国办88号文件指出，驾校依然是驾培的主阵地，这是符合事物发展规律的，驾改不会对驾校行业形成冲击，反而是逼迫驾校产业升级的有利法器。一些黑驾校，质量比较差的驾校就出被淘汰出局，更加有利于驾培市场的规范和服务质量的提升，洗牌掉一批差驾校和重组一批驾校，驾校的招生人数会出现反弹景象的。随着驾培的规范化、高效化时代的到来，一些因没有时间或嫌去学车受罪的学车人就会再次的产生学车的欲望，拿起手机报名考照、预约学车。驾校的生源基数将进一步的增长。\n \n问：为什么会取名嘻哈网络技术有限公司？“嘻哈”二字有什么特殊的寓意吗？\n \n张全雷：嘻哈网络技术有限公司，成立的目的就是做移动互联网学车平台，嘻嘻哈哈的学车考驾照，代表着一种革新，完全颠覆了传统的学车考驾照在人们心目中的印象，不再痛苦不堪。互联网PC时代是解决痛点问题，移动互联网时代在解决痛点的基础上还要解决体验问题，嘻哈也寓意着给用户更好的体验。\n \n问：嘻哈学车APP对改变学车现状有哪些举措？在这个过程中，你们遇到了哪些困难，又怎样解决了这些困难？\n \n张全雷：我们对市民学车的期待就像我们做“嘻哈学车”的梦想一样，利用移动互联网技术，将人与人、人与车、人与官的信息公开、公平、公正高度互联起来，可以让学车人，快乐学车、轻松考驾照。当然，我们的困难也很多，主要是利益藩篱、固化思维的阻力：一是通过互联网约考触动了主管单位的既得利益；二是颠覆了现有驾校的经营管理模式，特别是教练员的工作模式，比如早段时间我去一个驾校推广嘻哈学车APP，校长叫来一个教练让其安装，教练员就给了我们一句话，同时也打消了校长利用互联网的积极性：“现在每天有十来个学员围着我，利用互联网约车学一个走一个，我这不是很冷清吗？整个训练场也冷清了起来。”其实最难的是很多教练员的习惯问题，驾校经营理念转变的问题。当然，国家强制性的推了，到最后一步该淘汰的淘汰，该转变的转变是大势所趋。\n \n问：此次参加青年创新创业，对您来说有什么积极意义？在其中您有哪些感受？\n   \n张全雷：我们借助此次大赛，能让更多的人了解嘻哈，知道嘻哈学车是利用移动互联网技术搭建互联网学车平台，是解决学车人之困、驾校升级之痛的互联网行业细分平台；我们解决了学车人遭罪的传统学车方式，颠覆了传统给予学车人的不良“体验”，让学车人自由的安排时间、地点、教练等，学起车来比较“爽”，也就是体验比较好；传统驾校在体制上、教练员队伍上固化思维、利益藩篱通过我们的学车平台可以得到彻底的解决，驾校的服务也会越来越好。通过这个平台可以更好、更有效的让更多的人了解我们，加入我们嘻哈学车事业上来，与志同道合的人一起做既有经济效益又有社会效益的事情，这是我们在此次大赛中最大的收获。通过这次大赛和结交了一些朋友，更加深刻了理解互联网，理解嘻哈学车，与各位一道互通有无共谋发展大计。此刻我已经深刻的感受到合肥乃至安徽不久的明天会出来一大批在行业中有代表性的企业甚至国家企业。\n \n \n来源：共青团合肥市委员会\n ', ''),
(414, '里约奥运会上演8K技术秀 8K电视离我们有多远？', '2016-08-12 10:43　来源：中国电子报　 我有话说\n\n2016年8月5日，第31届夏季奥林匹克运动会在巴西的里约热内卢举行。在奥运史上首个主办奥运会的南美洲城市，8K直播和VR的转播成为了继开幕式、首金项目以及“泳池里的洪荒之力”之外最引人注目的亮点。\n \n据悉，除了之前常见的4K视频直播，本届里约奥运会还采用了VR虚拟现实以及8K等超高分辨率技术进行赛事直播。VR方面，主办方在部分场馆架设了全景摄像头，由拥有VR版权的NBC电视台和三星进行独家合作，用户则可以通过三星的Galaxy手机以及Gear VR进行体验。不过，此次奥运会的VR报道并非实时进行，而是有所延后。8K方面，巴西奥运会则实现了全球首次8K现场实况转播，并采用了我国的显示技术。\n \n在巴西 看8K\n \n身处巴西的游客可前往位于巴西第二大港瓜纳巴拉湾的明日博物馆体验一把号称“终极电视”的8K超高清电视机。据悉，在博物馆特别设立的展览“体验未来：电视的演变”中，主办方采用了京东方生产的98英寸8K超高清电视。同时，这台电视还将承担首次采用8K显示屏转播现场赛事的任务，每天接待约7000人。\n \n此外，日本NHK电视台此前宣布与里约奥运会主转播商OBS合作，于8月1日开始试播8k“超高清”电视节目。按照计划，NHK将以8K画质直播里约奥运会开闭幕仪式，并转播游泳、田径等比赛。同时还将引入高动态范围技术（HDR），以此来提升8K超高清的画面回放效果。NHK还争取2018年开始在BS卫星频道实际播放8K节目，并在2020年东京奥运会当年实现普及。\n \n同时，8K电视还将给广播业带来一场像素战。而引领这场广播业变革的不只有NHK、BBC等电视台，网络流媒体，如Netflix和亚马逊也将加入其中。\n \n对于我国来说，目前国内上游企业除了京东方在积极布局8K面板线外，整机企业中海信、长虹已于今年上半年推出了8K超高清电视。咨询公司IHS的数据显示，到2019年，全球售出的8K电视将达140万台，在东京奥运会的推动下，2020年这一数字将增长到210万台。\n \n技术为先 旧貌换新颜\n \n不久之前，日本公共广播机构NHK执行研究工程师Masayuki Sugawara声称，8K电视技术将成为现阶段电视机领域的终极技术，不会有任何技术超越它。因此，NHK针对8K超高清=技术部署制定了规划——包括里约奥运会、2018年世界杯，以及到2020年东京奥运会之际，8K直播传输将全面启动。据Masayuki Sugawara介绍，NHK将启动8K超高清传输试验，而这台电视将成为“终极电视”。\n \n对于面板和彩电企业来说，产品显示技术追求极限，甚至超越人类肉眼识别的程度是一个必然的趋势。京东方副总裁张宇认为，随着互联网+时代来临和消费者消费观念的变化，客户也更倾向于选择更大尺寸、更好显示效果的屏幕。\n \n从显示效果上来说，4K甚至更高的分辨率是电视显示发展的趋势。奥维云网（AVC）数据显示，2016年上半年我国彩电市场4K电视的渗透率达到了43.7%。在55英寸以上的大尺寸电视中，4K电视的渗透率已经达到了80.6%。而据业内人士介绍，8K与4K电视在分辨率上的差距依旧明显——“几乎达到4倍的差距。”\n \n从规格上来看，8K的出现不仅仅代表着一个单纯的分辨率的提升。在它背后，更多的是整个影像系统、观众容纳量上的变化。\n \n8K电视 离我们有多远\n \n业内人士表示，“8K”这个数字代表的，是一套“面向未来”的系统。尽管目前8K电视技术已经成熟，但整个产业链还不完善，配套硬件技术还不达标，大部分都还停留在实验室或者测试阶段。专家表示，8K是一个系统，光有电视机显示是不够的，片源、传输、芯片缺一不可。而据消息人士透露，目前英特尔在开发的8K图形处理器解决方案，预计最早也要到2017年才能实现。\n \n此外，到目前为止4K、8K电视节目资源在全球范围内依旧匮乏——8K视频技术的分辨率达3300万像素，而目前市面上大多数全画幅单反相机的照片尺寸都不能满足8K视频技术的要求。除此之外，视频的录制和储存也是个问题。据了解，录制20分钟8K超高清视频（未经压缩），就会占用4TB的储存空间。如此大的数据量，如果没有一定的储存设备和处理设备，是不可能做到的。\n \n而在生产成本上，JVC发售的8K电视，其160万元的身价令人乍舌；夏普虽没有公布旗下首款达到8K效果的电视的售价，但至少不会低于20万。京东方新晋CEO陈炎顺也坦言，位于里约的那台98英寸8K超高清电视的成本价格高达200万元，其中播放设备的成本就占到了一半。超高的成本也成为了8K电视发展的巨大瓶颈。\n \n毋庸置疑，8K电视肯定是未来3~5年电视显示技术发展的方向。兴许借助奥运会、世界杯以及世博会等世界性事件，要全世界享受到像 8K、VR等相关新世代技术带来的体感提升后，能够为8K、VR等技术打开传播的突破口，为它们的推广做出起步性的贡献。\n ', ''),
(416, '合肥市委宣传部人民日报连续报道张全雷互联网学车项目博人眼球', '发布日期：2016-1-21\n[attach]79[/attach]安徽国华光电技术有限公司、嘻哈学车创始人兼董事长：张全雷\n在第三届“阳光电源”杯青年创新创业大赛上，张全雷的项目“嘻哈学车APP”博得众多“眼球”，张全雷本人也因“学车会是一个很爽的体验”这句口号而广为人知。\n \n问：传统的驾校行业多遭诟病，诸如收费过高，教练太凶。您觉得在这样的背景下，怎样才能让学车变成您说的，成为很爽的体验？\n \n张全雷： 现在驾培市场的供小于求，其主要原因可以分为五种：一是人口红利释放殆尽，学车人的基础减少；二是学车群体对国家对驾培改革的期待转化为观望，一些没有刚性驾车需求的人选择了等待；三是驾校审批权的放开，驾校增长数量迅速增加，分流了老驾校的生源；四是驾培行业服务绝大部分不规范，服务质量差导致一部分人占时放弃学车的愿望，人民群众普遍反映考驾照比考大学难、升学压力更大；五、学车太浪费时间，很多上班族无法请太多的假去学车，只能放弃学车考驾照的想法。\n \n以上五点是导致驾培现状的客观原因，我们仔细的分析一下就会察觉到，除了第一条人口红利的因素与互联网没有多大关系，其余的四条都与互联网有着千丝万缕的关联度。国务院88号文件，针对驾改的核心在于学车流程，驾照考试流程的变化，宏观上看就是对驾考、驾培模式的改变，并不是格局的重塑。我国现在手机保有量是美国人口的二倍之多，已经成为移动互联网使用基数全球最大的国家，这是个先决条件。国家通过驾改，利用互联网技术解决人民群众学车之困，是民之福祉，民心所向。同时斩断了驾校与车管所之间的关系，也根除了车管所掌握“考试名额”，驾校送礼走后面“多吃多占”名额的腐败基础。\n \n利用互联网报考驾照、预约学车，变的更单纯、更便捷了。想学车就像在淘宝上买东西一样，就像用打车软件打车一样，纯属单纯的商业消费行为。驾校变成了卖家，服务必然要好，不然就没有市场，可以享受到优秀的学车服务，消费者的感觉也好了。驾考驾培的“民怨”才可以得以彻底的解决。\n \n国办88号文件指出，驾校依然是驾培的主阵地，这是符合事物发展规律的，驾改不会对驾校行业形成冲击，反而是逼迫驾校产业升级的有利法器。一些黑驾校，质量比较差的驾校就出被淘汰出局，更加有利于驾培市场的规范和服务质量的提升，洗牌掉一批差驾校和重组一批驾校，驾校的招生人数会出现反弹景象的。随着驾培的规范化、高效化时代的到来，一些因没有时间或嫌去学车受罪的学车人就会再次的产生学车的欲望，拿起手机报名考照、预约学车。驾校的生源基数将进一步的增长。\n \n问：为什么会取名嘻哈网络技术有限公司？“嘻哈”二字有什么特殊的寓意吗？\n \n张全雷：嘻哈网络技术有限公司，成立的目的就是做移动互联网学车平台，嘻嘻哈哈的学车考驾照，代表着一种革新，完全颠覆了传统的学车考驾照在人们心目中的印象，不再痛苦不堪。互联网PC时代是解决痛点问题，移动互联网时代在解决痛点的基础上还要解决体验问题，嘻哈也寓意着给用户更好的体验。\n \n问：嘻哈学车APP对改变学车现状有哪些举措？在这个过程中，你们遇到了哪些困难，又怎样解决了这些困难？\n \n张全雷：我们对市民学车的期待就像我们做“嘻哈学车”的梦想一样，利用移动互联网技术，将人与人、人与车、人与官的信息公开、公平、公正高度互联起来，可以让学车人，快乐学车、轻松考驾照。当然，我们的困难也很多，主要是利益藩篱、固化思维的阻力：一是通过互联网约考触动了主管单位的既得利益；二是颠覆了现有驾校的经营管理模式，特别是教练员的工作模式，比如早段时间我去一个驾校推广嘻哈学车APP，校长叫来一个教练让其安装，教练员就给了我们一句话，同时也打消了校长利用互联网的积极性：“现在每天有十来个学员围着我，利用互联网约车学一个走一个，我这不是很冷清吗？整个训练场也冷清了起来。”其实最难的是很多教练员的习惯问题，驾校经营理念转变的问题。当然，国家强制性的推了，到最后一步该淘汰的淘汰，该转变的转变是大势所趋。\n \n问：此次参加青年创新创业，对您来说有什么积极意义？在其中您有哪些感受？\n \n张全雷：我们借助此次大赛，能让更多的人了解嘻哈，知道嘻哈学车是利用移动互联网技术搭建互联网学车平台，是解决学车人之困、驾校升级之痛的互联网行业细分平台；我们解决了学车人遭罪的传统学车方式，颠覆了传统给予学车人的不良“体验”，让学车人自由的安排时间、地点、教练等，学起车来比较“爽”，也就是体验比较好；传统驾校在体制上、教练员队伍上固化思维、利益藩篱通过我们的学车平台可以得到彻底的解决，驾校的服务也会越来越好。通过这个平台可以更好、更有效的让更多的人了解我们，加入我们嘻哈学车事业上来，与志同道合的人一起做既有经济效益又有社会效益的事情，这是我们在此次大赛中最大的收获。通过这次大赛和结交了一些朋友，更加深刻了理解互联网，理解嘻哈学车，与各位一道互通有无共谋发展大计。此刻我已经深刻的感受到合肥乃至安徽不久的明天会出来一大批在行业中有代表性的企业甚至国家企业。（倪盈盈）\n \n新闻链接：http://www.hefeifabu.gov.cn/html/7886.html?from=singlemessage&amp;isappinstalled=0 ', ''),
(417, '阿里一季度收入同比增59% 移动端表现亮眼', '\n2016-08-13 08:57　来源：新华网　 我有话说\n \n8月11日晚间，阿里巴巴集团公布2017财年第一季度财报，集团收入同比增长59%，达321.54亿元人民币；旗下中国零售平台收入同比增长49%，达到233.83亿元，双双取得上市以来最强劲增长。\n \n阿里巴巴集团当季经调整EBITDA（税息折旧及摊销前利润）同比增长41%至149.63亿元，经调整EBITDA利润率为47%；不计优酷土豆及Lazada影响，本季度经调整EBITDA利润率为53%。剔除非经常性出售收益、股权奖励以及个别其他项目，季度非美国通用会计准则盈利同比增长28%至121.87亿元，非美国通用会计准则摊薄后每股盈利为4.90元。\n \n财报显示，中国零售平台移动端季度收入达175.14亿元，按年增幅高达119%，占中国零售平台总收入的比例增至75%，而去年同期比例为51%。本季度，中国零售平台商品交易额（GMV）按年增长24%至8370亿元，其中移动端GMV的占比进一步升至75%。截至第一季度末，中国零售平台的年度活跃买家增至4.34亿，较上季度净增长1100万；6月移动月度活跃用户达4.27亿，较3月净增长1700万，按年增长39%。\n \n据悉，此次阿里财报首次按四个业务分部公布营运情况：核心电商，云计算，数字媒体和娱乐，创新项目及其他业务。\n \n第一季度，集团核心电商业务的收入同比增长47%至272.41亿元，经调整EBITA为166.24亿元，经调整EBITA利润率达61%。\n \n云计算业务方面，本季度收入为12.43亿元，较去年同一季度的4.85亿元上升156%。该业务收入增长主要原因是由于付费客户数按年上升119%至57.7万户，以及付费客户对于云计算服务的使用量增加，带动其对云计算服务的投入金额上升。\n \n数字媒体和娱乐业务方面，阿里于季度内宣布大文娱战略，将相关业务整合至大文娱版块统一管理，这一整合带来的协同效应将促进版块发展及未来增长。数字媒体和娱乐业务的季度收入为31.35亿元，较2015年同期的8.12亿元上升286%。\n \n阿里巴巴集团首席执行官张勇表示，阿里巴巴集团本季度表现出色。业绩展现出了集团生态系统的规模和影响力，阿里不断加强在核心电商、云计算、数字媒体和娱乐版块上的竞争优势。收入增长加速也反映了为客户带来深层次的价值定位。阿里已经做好准备，迎接未来强劲而优质的增长。\n ', ''),
(418, ' “空中巴士”上路了 “民科”赢了？', '\n2016-08-04 15:56　来源：观察者网　 我有话说\n \n8月2日，“空中巴士”——巴铁1号试验车，在河北秦皇岛北戴河区开始启动综合试验。新华社报道了这个消息，许多权威媒体纷纷转载，称之为我国自主研发的“治堵神器”惊艳亮相。\n \n“空中巴士”这个由只有小学文化学历、被誉为“民间科学家”的宋有洲提出的概念，曾经登上《纽约时报》封面，被《时代》周刊与苹果iPad等一起列入2010年50大“最佳发明”榜单，却销声匿迹了6年。现在，路面测试让其再次吸引了公众的眼球。\n \n该如何评价这个全国媒体都在热捧的项目？\n \n \n首先，这次根本不是网传的试运营，测试使用的也不是样车，而是等比例模型。新华社报道称巴铁可以依靠电力驱动，不过这次测试中，超级电容、快充等技术却完全没有相关展示。这种没有完全模拟实际道路情况的测试，不能说明任何问题。\n \n该问的问题，之前网友都问过了。巴铁怎么拐弯？遇上道路原有的立交桥、摄像头怎么办？下方的小车行驶中撞到巴铁怎么办？巴铁科技的回复是：“你们的质疑，我们都有解决方案”。\n \n多年前曾给巴铁技术做过论证的上海交通大学汽车研究院教授张建武，曾指出巴铁技术的三个难以攻破的点。一是如何解决电的问题，二是仅2.1米的高度下方车辆经过有心理压力，同时车身又因为重心高不稳定。三是车体转弯过程中的安全问题。自2010年后，上海交大就再没有和巴铁合作过。\n \n当然也不是没有办法，遇到转弯、路口，可以妥协一下，让小汽车先停十几秒，等巴铁先转弯。转弯时，巴铁会把速度减至每小时10到15公里，确保安全。遇到立交桥，又可以妥协一下，“实在不行请专业公司对桥面升高，也就是几百万。”这些都是巴铁科技项目总监宋友江公开表示过的。（补刀一下：中国道路运输协会秘书长王丽梅表示，北京所有的桥都是刚性桥，不是柔性桥，是没有办法升桥的。）\n \n但问题还远远不止这些，怎么防止超高的车辆从平交路口进入相关车道？怎么保证有违章现象出现时巴铁的安全？怎么防止轨道被停车占用？列车下方的车辆看不到路况和交通标志，如何保证它们不出事故？\n \n退一步说，即便可行性的问题都解决了，是否有效实用的问题，却不是妥协可以解决的。\n \n造价只是地铁的1/5，可以相信，但“治堵神器”，依据是什么？\n \n交通问题不仅仅是技术问题。如果要宣传巴铁可以治堵，就要拿出证据来，而在目前的测试中，这一点仍不包括。\n \n治堵，是这个巴铁概念的最大卖点，也是灵感的来源。在想象中，这好像是不言自明的，不影响车辆在下方通行，又增加了交通工具，应该就能缓解交通拥堵，但这真的有效吗？地铁在北上广都没治住的堵车，巴铁能立竿见影地解决掉？\n \n我们先看特殊情况下的堵车原因：雨雪、雾霾天气，临时限速、道路维修保养、路况（红绿灯等）、车祸、收费关卡等。这些巴铁都无济于事。\n \n即便是在最理想的直行场景，上述意外情况都没有发生，还有车流饱和时的自然堵车会发生。\n \n在高峰时段，地铁只要不发生故障，即便出行人流饱和，也不会发生堵车。而在巴铁的适用场景中，即官方宣传的“城市主干道路面的上空”，巴铁虽然增加了替代出行方式，但因为线路覆盖范围小，分流的乘客有限，远不足以在经常堵车的大城市替代大部分经过主干道的车辆。又因为没有完全抢夺路权，巴铁不能避免下方车流接近饱和。\n \n当车流接近饱和，最常见的堵车就可能发生。前方司机的刹车或变道，会造成后方车辆依次的连锁反应。2008年，名古屋大学的科学家曾做过实验，研究人员让22辆汽车均匀间隔，在一条230米长的单车道环路上行驶，并且告诉司机以30公里的时速驾驶。随着时间的推移，很快出现了细小的扰动，有的车和前车距离缩短了，并踩了刹车，扰动又逐渐放大，最终发生了交通拥堵。\n \n \n这种车辆密度的变化沿行驶方向的反方向传播，在数学上被称为“激波”。要消除这种拥堵，也许要寄望于人工智能的发展，帮助司机更好控制车距。\n \n而城市道路中又存在大量的交叉口，容易造成瓶颈路段，最终导致另一类常见的拥堵。在这些交通的咽喉，巴铁以庞大的身躯减速通过，小汽车再追上，考虑到巴铁的转弯速度，其对这类拥堵的加剧，可能超过了其它替代交通。这是巴铁仅有“半路权”的另一个不利结果。而此次路试只测试了直行情况，大家更关心的拐弯、红绿灯等测试都没有进行。\n \n再看一下宏观层面的拥堵原因：城市与道路规划不当、人口密度过高、交通违规处罚不力等等，和巴铁也没有关系。\n \n硕果仅存的，只有巴铁带来的替代交通增加。而因其仅适用于大城市的主干道，范围很有限，要证明其相对于其它替代交通有比较优势，就不简单了。由于需要牺牲速度换安全的场景太多，巴铁的出行效率可能并不比公交和地铁高。\n \n交通拥堵是远未解决的科学难题，许多不同领域的研究者，通过数学计算和实验设计，都下过大力气。但至今连完善的交通拥堵模型都不能建立。从这个意义上，说一项新发明的交通工具可以抓住最关键的参数对拥堵问题加以解决，为时尚早。\n \n因此结论很清楚了，巴铁这种概念先行的产物，其对交通拥堵的治理，也仅仅还存在于概念上。当然不是说，这样的科技创新毫无意义，我完全没有这个意思。只是，这次的巴铁上路，根本说不上是“民科的胜利”。\n \n最后，考虑到新华社都将其称为“我国自行设计研制、全面拥有自主知识产权的‘空中巴士’”，俨然上升到了国家级的层面，还有必要澄清一些事实。\n \n巴铁并没有与轨道交通领域权威的西南交大签署合作协议。（天津日报）\n \n巴铁项目投资方华赢集团已经开始募集“巴铁”基金。华赢集团董事长白志明向记者表示，“巴铁”一期基金是否已经募集完尚在确认之中。（每日经济新闻）有网友还指出，负责“巴铁”的公司其实是个P2P理财公司，一直在吸纳投资人的存款，并承诺回以高额利息，但其资金链并不稳定。\n ', ''),
(419, '网络直播更多权责关系有待厘清', '\n2016-08-09 12:34　来源：南方日报　施经 我有话说\n \n   8月6日，有网友爆料称，某滴滴司机于机场附近刻意接空姐订单，在未告知乘客的情况下，诱导乘客暴露个人隐私，将双方对话在直播平台上直播。\n \n司机的做法显然是错误的。网络直播是基于合意的服务行为，司机通过披露乘客隐私和肖像牟取私利，已侵犯他人隐私权、肖像权。可事件能够引发强烈关注并非因为该司机无知，而是由于直播行业依然缺乏有效、周密的规范这一事实。据中国互联网信息中心发布的《中国互联网络发展状况统计报告》显示，截至今年6月，网络直播用户规模达到3.25亿，占网民总体的45.8%。然而绝大多数用户恐怕没料到，当他们通过网络窥探他人隐私来满足好奇心时，自己也可能被别人窥视着。网络直播使普通人的生活也具有了被“欣赏”的价值，可此前的观看与被观看均基于双方合意，主播竭力展示才艺，观众则大方打赏，现在这种整齐划一的二元关系被彻底打破了。因此，简单指责个别主播法律意识淡薄不足以刹住不良风气，暴露他人隐私是部分主播有意“开辟”的新经济增长点，如果行业不能实现有效的自我约束、相关部门不能制定系统的法律法规，直播行业自身发展也将受到阻碍。\n \n今年4月，百度、新浪、搜狐等20余家从事网络直播的主要企业负责人共同发布《北京网络直播行业自律公约》，结束了网络直播“野蛮生长”的局面。在实施两个月后，北京网络文化协会及时通报了落实情况，将40余名违规主播列入黑名单，这一切均让人看到依法治理直播的希望。然而事实证明，一纸《公约》还不能完全规范直播行业的是是非非。《公约》更关注直播内容是否“涉政、涉枪、涉毒、涉暴、涉黄”，对内容之外的规范较为有限。网络直播是新生事物，至今尚未定型，现在的直播模式可能只是其初级发展状态，越来越多的主播开始寻找新的表现形式，如从直播间转向户外，以更别开生面的活动来刺激观众，有主播在深夜前往“鬼楼”，一边放着恐怖音乐一边直播，这种完全开放的模式，极容易将无关路人拍摄进去，显然，事件中的司机刻意利用了这一弊端，在这种情况下，简单要求主播提高法律意识，远不如对户外直播的拍摄场所、方式、规避事项予以清晰界定。在人人皆可为主播的时代，制度规范显然较人工排查有效得多。\n \n在规范主播责任的同时，也需要切实保障他们的合法权益。8月1日，直播平台“映客”上的多名主播账号被“永久封禁”，理由是这些主播“违规收礼”，违反了合约。“永久封禁”的直接结果是主播账户款额全部被清空，分文不剩。且不论他们是否真的“违规收礼”，但其面对平台单方处置决定时缺乏足够的申辩机会和维权空间则是不争的事实。当前网络上流行着许多针对网络主播的偏激言论，或视其为日进斗金的暴发户，或视其为以涉黄、涉暴信息蛊惑人心的不务正业者，却偏偏忽视了他们的劳动者身份。此前有网友问：日进斗金的主播可曾纳过税吗？对网络直播存在的种种疑惑，与该领域至今尚无完整、系统的法律法规有关。制定法律或仍需一段准备时间，然而不同省市着手制定各类暂行办法已事不宜迟。\n \n网络直播仍处于发展过程中，近年来VR和AR相机的崛起更让我们看到了它的强劲生命力，然而若缺乏系统的法律规范、未能及时厘清芜杂的权责关系，方兴未艾的直播产业也必定走不远。\n ', '');
INSERT INTO `xh_user_action_history_data` (`history_id`, `associate_content`, `associate_attached`, `addon_data`) VALUES
(420, '公安部出台措施 加大考驾照难度-中国财经新闻网', '发布日期：2016-8-14  \n近日，从公安部交管局获悉，公安部推出多项措施，包括提高驾驶人考试难度、建立考试发证和执法管理责任倒查制度，以及进一步加强路面执法、教育管理等工作，以促进驾驶人整体安全文明驾驶素质的提高。 \n公安部交管局副局长李江平介绍，为增强考试针对性和实用性，提高应对恶劣天气、复杂路况和突发情况的能力，对大中型客货车驾驶人将进行模拟连续急弯路、临水临崖、雨雪天、湿滑路等场地驾驶考试，以及山区、隧道、陡坡、高速公路等复杂条件实际道路驾驶考试，并增加50道安全文明驾驶常识考试题目。\n \n在实际道路驾驶考试方面，汽车类驾驶人的实际道路考试要设置不少于3条考试路线，随机抽选路线进行考试；大中型客货车要全部进行夜间驾驶考试；小型汽车要增加模拟夜间灯光使用考试。\n \n为方便群众选择培训质量高的优秀驾校，各地公安交管部门将每月向社会公布驾校培训能力、考试合格率、3年内驾龄驾驶人交通违法率和交通肇事率等信息，实行驾校培训质量公开排名，并会同道路运输管理机构评选优秀驾校。\n \n公安部明确，将建立考试发证和执法管理责任倒查制度。凡是发生交通死亡事故的，要对驾驶人考试、发证、审验、路面管理环节进行责任倒查，发现违法违规发证、考试把关不严、勤务不落实等问题的，一律按规定从严追究责任。同时，将建立驾驶培训质量倒查制度，每月汇总分析3年内驾龄驾驶人发生负主要以上责任交通死亡事故的情况，通报道路运输管理机构进行培训质量责任倒查，对存在考试合格率排名靠后、缩短培训学时、减少培训项目、参与买卖驾驶证等情形的，暂停受理报考申请。\n \n此外，按照部署，各地公安交管部门将进一步加大严重交通违法查处力度，实行交通违法处罚前教育，建立完善有奖举报奖励制度；强化驾驶人日常教育监管，每月清理客货运驾驶人交通违法记分，每年开展一次大中型客货车驾驶人审验教育，以增强驾驶人安全文明意识。\n ', ''),
(421, '新华社报道：2016年离互联网学车梦想再进一步', '发布日期：2016-1-21 \n[attach]80[/attach]\n嘻哈学车创始人CEO张全雷新年第一天发表移动互联网产业主旨演讲。张全雷演讲称，嘻哈学车梦想通过技术创新让学车变得更快乐，2016年将离这个梦想再近一步。\n       张全雷表示，展望未来，特别希望嘻哈网络能在前沿的技术领域探索和产业创新层面，成为未来代表性的公司和国家企业，而不仅仅是一家竞争和生存能力很强的公司。“我们希望从学车软件大战中走出来的企业，不要仅仅成为市场层面格局的重塑。未来哪怕在最激烈的竞争当中，我们也能推出新的产品和商业模式，也能够成为应用技术型的创新代表企业。让学车更快乐。这是嘻哈学车的梦想，2016年我们希望离这个梦想再近一步。”\n       在PC时代（电脑）解决的是“痛点”，那么在移动互联网（手机）时代解决的将是“痛点加体验”；随着智能手机的普及和移动互联网技术的快速发展，驾校行业开始加入到移动互联网行业中。2015年学车软件行业开始进入高速发展时期，学车软件企业也如雨后春笋般迅速崛起。直到2015年最后一个季度，整个行业还在活跃的就剩下了“嘻哈学车”、“驾考宝典”、“驾校一点通与58学车”三家企业，而且还处在激烈竞争的阶段。大浪淘沙中互联网学车平台已经重塑市场格局。\n       在这场互联网学车软件大战中，张全雷看到了很多，同时也亲身经历了很多发生在身边的故事。据张全雷介绍，其实2015年的学车软件大战一开始就是一个偶然事件，并非外界所说的这背后一定有巨头在设计一个巨大的阴谋。2015年先是58同城收购驾校一点通，国华光电宣布进军互联网学车既“嘻哈学车”，接着小米科技入主驾考宝典迅速的引爆了整个市场，很突然而且竞争很残酷的。”\n       张全雷：在2015年12月国务院88号文件发布之前，互联网学车平台企业在所有“外人”眼里都是像滴滴出行一样的互联网企业一样，是颠覆传统的，很多人也认为是逆势走独木桥的，但我一直非常坚信是顺势而为，做自己擅长的事情。嘻哈学车出身好，我们一直都是在驾考驾培行业“混饭”吃的人，没有人比我们更加了解这个行业及上下游的关联度和痛点了，我们可以做到不去相信“利我”，只相信客观需要。互联网学车平台之前我们做驾校模拟考试系统设备，做交警车管所驾驶人考试系统软件及设备，对驾校产业和技术之间有“知已”般的了解，这也是我们比翻墙进来“趁火打劫”的人更懂驾培和技术之间的“粘合度、关联性”的客观事实。\n       在经历残酷的市场竞争后，张全雷对创业以及移动互联网技术的发展也有了自己的认识。张全雷表示，一个初创公司，不管从资金还是系统都面临着巨大的挑战，扛过来了就上一个层级。互联网学车市场的打法不能像打车软件的打法一样打，这种偶发事件背后有它的必然性，必然是因为互联网激烈的竞争和充沛的资本，已经让现在的中国互联网从免费经济走到了补贴经济，互联网最早是收费经济的，最早的Windos操作系统是收费的，最早的杀毒软件是收费的，免费经济的代表周鸿祎带领360干掉了所有的收费杀毒软件，马云带领淘宝干掉了eBay，整个互联网竞争越来越白热化，淘宝用来教育用户的十年在O2O行业里被压缩到了一年。\n       在谈及2016年的规划，以及嘻哈学车未来的突破到底是什么时，张全雷认为，未来嘻哈的发展规划是不断的去通过创造好的服务，不断的去通过产品创新和技术升级，来赢得市场。因为在张全雷看来，不管是免费经济还是补贴经济，它始终是营销层面的创新。“我相信随着整个资本的趋于理性，寒冬的到来，整个行业还是会回归到商业的本质。”我们现在面临最大的压力不是资本，我们的母体公司已经上市了，可以做到自给自足完成第一轮的资本融合。我们最大的压力是在解决用户“驾校”的信任度，这是我们所有挑战里最大的挑战。\n       据张全雷介绍，虽然互联网学车软件看起来很时髦，其实我们国家学车人依然是通过驾校报名点直接报名的传统模式学车的较多。2015年12月国务院88号文件正式提出通过互联网预约考试，手机APP预约考试等，才真正的让“互联网学车”可以时兴起来。即便这样的文件，也是被媒体或者利益机构解读的“歪了”。重庆市在2015最后的几天出台驾驶人“自学直考”全面放开文件，利用互联网平台约考，整个行业才“统一”了声音。接下来的就是很多驾校和利益机构开始按耐不住欲进入“学车软件”领域，跟风的会很多。在短期内会有很多“搅局”者让我们头疼，最多一年他们就会销声匿迹的。就像打车软件一样，当初多少人在做，现在就剩下滴滴和快的了。\n       据了解，目前嘻哈学车已经覆盖全国100多个城市，用户突破100万，并为10多万教练提供软件装机，最大的工作量就是教他们使用上。同时，嘻哈学车即将成长为涵盖互联网学车、互联网旅游、互联网商旅、交通出行服务、陪驾、代驾等多项业务在内的一站式出行平台。对于2016年的发展，张全雷表示，2016年我们希望关乎人民群众考驾照难，学车遭罪的问题得以彻底解决。“我们希望有限的驾校训练场能够承载更多的教练车和学员，能够提高整个驾校的效率。让学车更快乐，考驾照更轻松，这是嘻哈学车的梦想，2016年我们希望和驾校以及社会一道实现这个梦想。\n \n新闻链接：www.ah.xinhuanet.com/2016-01/05/c_1117676849_3.htm \n ', ''),
(422, '瓜子圈钱记：成立一年半 估值10亿美元', '发布日期：2016-8-13\n\n3月30日，瓜子二手车宣布，已完成A轮2.045亿美元的融资，创下了二手车电商的A轮融资纪录。此次投资的领投方为红杉资本、光信资本，山行资本、微光创投等多家投资机构跟投。融资后，瓜子二手车直卖网估值达到了10亿美元。\n \n成立仅一年半，估值达到10亿美元，为什么瓜子二手车能圈到这么多钱？\n \n毫无疑问，首先，风投看中的是二手车市场所蕴藏的无限商机。\n \n普华永道思略特预计，到2020年全国二手车交易规模将达到2000万辆，交易额达到1.5万亿元。普华永道思略特认为，目前中国二手车市场的析出比例（交易量/保有量）不到5%，而主要发达市场均超过了10%，在巨大汽车保有量基础上，未来二手车市场的发展潜力非常巨大。\n \n此外，汽车零售利润向二手车和后市场领域转移、租赁市场规模快速扩大、消费观念改变以及配套政策的逐步完善等因素也将大大推动这一万亿级市场的发展。\n \n正是看到了二手车市场的发展前景和巨大的想象空间，互联网行业也从2010年起进入这一领域，与此同时资本市场也越来越关注二手车领域，并在2015年达到了顶峰。据不完全统计，2015年共有17家二手车电商进行了9亿美元的公开融资。\n \n据普华永道思略特表示，目前二手车电商约占整个交易量的10%。未来，整个互联网对二手车行业的渗透还将继续。普华永道思略特预计互联网平台对交易的促成率会从现在的10%提升到2020年的50%左右（包含引流成功和网上实际交易）。\n \n当然，瓜子能获得资本市场这么多的青睐与其自身的能耐也有关系。来自瓜子二手车的数据显示，2015年全年售车5万辆，累积营收37亿元，在售车源峰值超过5万辆，为用户提供了超过2亿元的贷款服务。\n \n那么，瓜子融到的这笔钱会怎么花？\n \n依据瓜子的官方口径：融资所得资金主要用于市场扩张、产品优化以及提升用户体验。此外一部分资金重点用于瓜子二手车在汽车后市场服务领域整合布局，其中汽车金融作为战略级项目，获得重点投入。\n \n也就是说，瓜子的这笔融资主要会花在广告、产品以及汽车金融三方面。\n \n在广告这方面，无独有偶，同日，人人车对外宣布了2016“纵横战略”：千城扩张计划和开放生态计划。为完成目标，人人车CEO李健称：2016年将投入5亿元品牌广告费，支持二手车“纵横战略”的实施。\n \n是的，接下来你会看到更多的二手车广告。\n \n“买卖二手车，上瓜子二手车直卖网”，“上上上上上优信二手车”，“人人车，没有中间商的个人二手车网站”......\n \n在汽车金融方面，据了解，如瓜子与人人等“省去中介环节”的C2C网站主要就是靠汽车金融、汽车保险、汽车保养等服务来盈利。因此，汽车金融无疑是他们的重要布局领域。据普华永道思略特报告分析，目前二手车金融的渗透率只有不到10%，2015年全国二手车金融总额也只有300多亿元。可见，汽车金融必将成为车商的重要赢利点。\n \n那么，未来还会有越来越多的瓜子吗？\n \n答案是肯定的。\n \n但是，普华永道思略特分析，二手车渠道和市场参与者将发生一定变局。新的政策环境将推动4S店加大二手车业务的投入，4S店依托其品牌经营的良好形象和优质服务能力将大大提升市场份额；车商渠道将逐渐分化，车商将依托逐渐成熟的二手车金融服务进行整合和升级，小型车商将面临转型和被淘汰的风险；未来互联网对二手车行业的渗透仍将继续，其和传统渠道的结合也更加紧密。\n \n在C2C平台这方面，需要注意的是，未来C2C模式还需解决线下撮合成本高、消费者信任和标准化评估的问题。\n \n此外，随着资本市场“寒冬”的来袭，互联网二手车公司的融资热度也在不断下降。据悉，目前大部分二手车电商平台仍处于亏损状态，其商业模式仍在不断探索中。普华永道思略特认为，未来1-2年，二手车电商各模式的竞争将非常白热化，当然最终适合中国市场的商业模式也将越来越清晰。\n \n最后，不能不忽视二手车市场本身发展中包括税收问题、限迁问题（虽然相关政策已出台，但是落地情况未知）、金融配套、诚信经营和规范运营等诸多制约因素。（陆佳丽）\n ', ''),
(423, '一汽两公司3天市值蒸发43亿 整体上市再延期', '\n因为失信，一汽集团旗下两家上市公司3天蒸发市值43亿。6月6日，一汽轿车和一汽夏利在股票开盘后暴跌，直至双双跌停，两家公司当天市值蒸发32亿元。次日，两家公司放量下跌，一汽轿车继续下跌3.88%，一汽夏利下跌4.84%。6月8日，一汽夏利再跌1.664%。三天时间里，一汽轿车从13.19元下跌至11.64元，市值损失25.27亿元，一汽夏利从7.12元跌至6元，市值损失17.92亿元。三天时间，两家公司总计蒸发了43.19亿元。\n \n \n股票暴跌源于失诺\n \n一汽轿车和一汽夏利的暴跌缘于6月3日晚的一则公告。一汽轿车的公告称，由于宏观经济环境变化等原因，中国第一汽车股份有限公司（下称一汽股份）原计划5年内解决其与子公司一汽轿车、一汽夏利同业竞争的承诺无法履行，恳请股东大会同意将承诺期再延迟3年作为过渡期。\n \n一汽股份于2010年承诺5年内解决同业竞争，这一承诺时间截点被定在今年的6月28日。根据业内的专业解释，所谓同业竞争是指上市公司所从事的业务与其控股股东所控制的其他企业所从事的业务相同或类似。双方可能构成直接或间接的竞争关系。简而言之，在一汽轿车和一汽夏利上市时，一汽方面未能将构成同业竞争关系的相关资产和业务全部装入上市公司，最终导致一汽轿车和一汽夏利现有的经营业务与控股股东所营业务形成竞争关系。\n \n由于一汽股份未能履行承诺，意味着一汽集团整体上市将延迟3年。这对“潜伏”已久的投资者来说，利益严重受损。\n \n一汽归咎市场管理波动\n \n值得注意的是，一汽做出的承诺为不可撤销承诺。对此一汽方面给出的解释是，一是由于宏观经济环境的变化，汽车行业增速放缓， 公司在内部经营也承受着压力；二是自2015 年以来，证券市场发生大的波动，难以把握资本运作的窗口期；三是公司内部管理层在2015 年也出现重大变化。\n \n一汽夏利和一汽轿车发布公告称，两公司将于6月27日召开股东大会，审议“关于中国第一汽车股份有限公司变更承诺事项履行期限的议案”。\n \n机构大佬躺枪 王亚伟损失惨重\n \n投资者普遍难以解受一汽的解释。有投资者对澎湃新闻表示，“人无信而不立，企业更是如此。延长理由太过荒唐（参配、图片、询价） ，领导层更换都可以成为失信的理由，那么一汽的承诺还称得上承诺吗？”更有持股的股民表示“满仓持有一汽轿车股票，谁料却吃跌停，对中国的企业信用无感，还要单纯有良心的股民买单，质疑像这样违背承诺的上市公司为什么不做停牌处理?”\n \n资料显示，潜伏一汽系博弈整体上市的各路投资者中不乏资深大佬，其中前“华夏一哥”王亚伟尤为引人关注。自2014年三季度开始，王亚伟管理的私募产品就大举建仓一汽轿车和一汽夏利。根据一汽轿车的今年第一季度季报显示，王亚伟的昀沣证券投资集合资金信托计划持有3075万股，占总股本比例1.89 %；昀沣3号证券投资集合资金信托计划持有1278.57万股，占总股本比例0.79%。而截至第一季度末，一汽夏利前10大股东席位更是被王亚伟占据了4席，昀沣证券投资集合资金信托计划持有3200万股，千纸鹤1号资产管理计划持有2077.9万股，昀沣3号证券投资集合资金信托计划持有1703万股，昀沣2号证券投资集合资金信托计划持有464万股。\n \n截至2016年3月31日，王亚伟合计持有一汽轿车4353.57万股，持有一汽夏利7445万股。6月6日的跌停当天，王亚伟所持的国信深圳红岭中路在跌停价割肉3.93亿元，这也意味着，王亚伟持有的股票大幅缩水，损失数以亿计。\n \n一家名为明曜投资的私募基金在一封公开信中强烈谴责一汽轿车违约。“一汽股份的要求，已经实际上构成对其原承诺的单方面毁约，也构成对一汽轿车股价的严重影响，更严重损害了公众投资者对于一汽轿车实际控制人国务院国资委、控股股东一汽股份及管理层的信任。” 明曜投资认为一汽股份作为承诺人，没有单方面提议改变其承诺的权利，更不应企图逃避其按期履行承诺的义务。\n \n深交所要求一汽答复原因\n \n对此，6月6日晚深交所发函一汽夏利和一汽轿车，要求两家上市公司在6月13日前回复为何不能按期履行承诺，即控股股东一汽股份拟将其解决母公司（一汽集团）和上市公司（一汽夏利和一汽轿车）之间内部竞争问题的重组计划推迟三年的原因。深交所要求两家上市公司的母公司一汽股份需详细地披露集团整车生产和资产情况，包括但不限于公司名称、持股比例、生产主要车型、产销量和财务数据。\n \n此外，深交所更要求一汽股份解释变更承诺的原因，提供新的工作安排和时间表，履约能力分析、履约风险和对策、不能履约的制约措施。对于一汽股东大会和董事会的表决机制，深交所提出质询：如未能通过股东大会的审议，董事会将会采取哪些措施。深交所此次质询也获得业内的一致认可，认为此举对于保护中小投资者、维护证券市场秩序提供了有力保证。就询问的内容来看，深交所的要求相当严苛。\n \n投资人信心遭打击\n \n对此，高华证券业内人士认为，一汽集团领导层的变化、重组计划与合资企业相关部分获批将会使得一汽集团的重组进一步复杂。销量疲软和估值倍数偏高意味着公司风险回报不佳，当前股价下探空间还有44%。资深汽车行业证券分析师李先生认为，未能兑现承诺是一汽轿车和一汽夏利股票连续多日下跌的主要原因，就他们目前的状态而言，三年之期恐难兑现。同为高级证券分析师的陆先生表达了相同的观点：由于股价包含了预期，这其中包含了经营状况和资产注入，违背承诺从另一侧面反映出投资者对预期的不看好。一汽夏利空壳市值将近50亿元，而一汽轿车更是高达180亿元，综观近阶段股价，之所以前期没有出现暴跌征兆是由于仍有投资者在陆续不断的持仓买入，造成估价虚高。经近几天暴跌之后，许多投资人信心被严重打击，对之后的股价波动会有较大影响。\n \n针对同业竞争这一问题，李经理认为一汽旗下有许多子公司均生产乘用车，一汽轿车和一汽夏利本身就存在同业竞争，而一汽旗下的一汽大众、一汽丰田、一汽奥迪都是乘用车主机厂，均和一汽夏利以及一汽轿车存在间接和直接的同业竞争。一汽方面若想解决同业竞争这个问题，不排除会以集团的名义整体上市，合并这些子品牌，也有可能借壳一汽轿车合并一汽夏利，资产注入产生溢价，提高股价重拾股民信心。一般而言，企业上市主要是为了寻求融资，而像一汽旗下的几大子品牌（一汽奥迪、一汽丰田）均为国企，借贷成本非常低，不存在融资的问题，一汽方面很有可能不愿公开这些企业账目而仍选择仅以一汽轿车和一汽夏利作壳影响资本市场。\n \n一汽产销疲软、跳水式下跌\n \n据全国乘用车联席会的统计数据，今年1-4月，一汽轿车累计销售5.49万辆汽车，和去年同期8.24万辆相比，同比下跌高达33.3%。一汽夏利今年前四月累计销售仅为1.38万辆，不足许多主机厂的一个零头，相比去年同期的2.85万辆，销量腰斩，跌幅高达51.5%。综合销售和库存情况来看，一汽轿车和一汽夏利今年前四月形势不容乐观。而去年一汽轿车的年度业绩报告显示，2015年全年，一汽轿车实现营收266.63亿元，同比减少21.25%，实现归属上市公司股东净利润为5294.81万元，同比减少64.75%。整车销售仅为23.59万辆，同比减少19.55%。由于缺少有竞争力的产品，业内人士预计，一汽轿车和一汽夏利的下跌之势恐难改变。\n ', ''),
(424, '热烈祝贺嘻哈虚拟机器人“电子教练”整装下线，开启驾培人工智能时代', ' 7/10发布：嘻哈网络运营中心  编辑：李星\n \n    2016年7月10日由安徽嘻哈网络技术有限公司（以下简称“嘻哈网络”）研发、制造的嘻哈虚拟机器人“电子教练”整装下线，此产品的面世填补了机动车驾驶人培训领域人工智能教学空白，结束了由人工进行驾驶技能培训时代，在驾培领域具有里程碑意义。\n[attach]82[/attach]\n\n[attach]81[/attach]\n 嘻哈虚拟机器人电子教练是顺应国家驾考改革，自学直考一对一服务学员给驾校或驾培单位带来的教练员人工短缺，人力资源紧张，人力资源成本虚高的应用型创新科技产品。嘻哈电子教练一代已经达到人工优秀教练员85%的教学水平，具备基本替代人工水平，已经拥有结合教练员实现“人＋机1对3”教学能力，在驾校教练员人力资源短缺和用工成本急剧上涨的阶段必将起到了不可替代的作用。\n\n[attach]84[/attach]\n\n[attach]85[/attach]\n  嘻哈网络在7月份小批量生产成品600台，限量发售，满足全国各地驾校的应用需求，不过具嘻哈电子教练负责人透露，到8月份我们的生产能力可以提高到月出货量3000台，所以不要担心电子教练货源紧张问题。同时还披露在虚拟机器人教练厂家里，我们拥有前后主动刹车系统，确保驾训安全，这是目前其他公司做不到的。', ''),
(425, '汽车金融报告：P2P车贷优势与风险需两分对待', '发布日期：2016-8-13\n2007年P2P网贷进入中国时，在资产端是以个人信用贷款起步的，尔后开始延伸到小微企业、贷款、担保贷款、供应链金融、商业保理、票据、典当等领域。在此过程中，房贷和车贷业务越来越普遍，成为 P2P 借贷行业的主流资产。\n \n今年五月，零壹研究院联合车贷平台钱保姆发布《中国互联网 汽车金融发展报告2016》，其中数据显示，截至 2015 年年底，涉及车贷业务的 P2P 平台有 891 家，其中以车贷为主营业务且仍在正常运营的平台大约 200 家左右。\n \n由于车辆抵押贷款的特征，其备受P2P平台的青睐。由于汽车价值保值性优势和车辆抵押贷款的违约成本高，所以违约率较低，即使发生违约，其变现也更为 快捷方便等。据零壹财经统计，目前的P2P平台开展车贷业务的借款期限以2.5--4个月居多，借款期限较短。这也是投资人青睐的因素之一。\n \n行业状况：车贷业务占据多数P2P平台\n \n上述《中国互联网 汽车金融发展报告2016》显示，2015 年度，车贷行业整体交易规模在 580 亿元左右，交易规模靠前的平台包括微贷网、投哪网、融金所、钱保姆等。\n \n交易规模靠前的20家平台借款总额合计达到 360.5 亿元，占到整个 P2P 车贷行业的 62.1%。其中，微贷网 2015 年成交 163.7 亿元，占比 28.2%;排在二、三名的是投哪网和融金所，排在第四的是钱保姆，2015年成交额为22.4亿。\n \n这 20 家平台平均借款利率相差较大，最高的达到 18.89%，在如今的整个 P2P 行业里面都算绝对高息了。平均借款利率最低的为8.54%。平均期限方面，最长的达到 218 天;平均期限最短的仅为 30 天。而业内平均水平维持在80天左右。\n \nP2P 车贷特点与优势引发行业蜂拥而入\n \nP2P 车贷何以火爆?作为现代社会最常见也最重要的消费品之一，汽车和房地产一样， 作为一种金融资产被广泛认可，是备受欢迎的抵押品。而与房地产相比，汽车还具有流动性强、交易成本低的特点。\n \n一方面，二手车市场的日益发达，使得汽车资产的流动性大大提升。另一方面，目前我国住房交易面临诸多限制，税费成本极高。\n \n相形之下，汽车资产本身金额不大，主流二手车价格在 10 万左右甚至更低，在交易过程中的税费成本较低，与购买新车相比还省去了金额不菲的购置税--交易场所相对成熟，交易标的金额适中，交易成本低廉，这一切使 得汽车具有了良好的流动性，而流动性正是金融资产的核心要素。\n \n整体而言，汽车是典型的优质资产，具有额度小、周期灵活、便于定价、处置方便等优势，因而在 P2P 借贷行业越来越被重视。对 P2P 平台来说，只要前期风控措施到位，哪怕出现风险事件，也可以通过汽车资产快速变现抵御坏账损失。\n \n风险与挑战并存 P2P车贷平台谨慎对待\n \nP2P车贷业务和P2P整体行业一样，还是面临一些风险与挑战。\n \n其面临的第一个风险是监管风险和政策风险。监管文件的未出台，和监管的运动式专项整治，将对包括车贷平台在内的 P2P 行业产生重大影响。除了P2P 行业本身的监管风险，也不能忽视汽车行业的政策风险。由于我国城市规划存在缺陷，以及汽车市场的高速增长，交通拥堵情况日益严重，这迫使一线城市和部分二 线城市实施了车牌管制和限行等政策，而这些本应该汽车需求最旺盛的区域，过去几年来，新车市场增速放缓，很大程度上要归咎于限购限行政策。\n \n另外，P2P车贷业务不可避免的存在欺诈风险和竞争风险。这方面，借款人的重复质押也就是重复借款问题。一方面我国征信制度还不尽完善，P2P 平台很难对借款人的实际资质进行全面细致的了解，加大了借贷机构判断借款人的偿还能力和偿还意愿的难度;另一方面借款人非法二次抵押乃至进行黑市交易，都 并不鲜见。\n \n在实际操作中，一些 P2P 平台还碰到过套牌车、黑车等，如果业务人员风控不严，将埋下坏账的祸根。\n \n尽管如此，由于汽车资产流动性好、安全性强的特点，使得P2P车贷业务易于标准化，也因此成为市场竞争的焦点。在中国汽车市场(二手车市场、汽车后市场、汽车金融)蓬勃发展的背景下，互联网 汽车金融将迎来了新的机遇，P2P车贷业务也有望继续向前。\n ', ''),
(426, '二手车电商优信拟借壳上市 为解烧钱困局另谋出路？', '\n二手车电商2015年的广告大战，让市场重新注意到这个不算新兴的市场，资本的助力，让多家二手车电商广告铺天盖地，其中，引起最大争议的是优信二手车以3000万元价格投得《中国好声音》冠军之夜60秒广告。\n \n经历了最疯狂的烧钱大战后，最近有消息称优信集团旗下的优信拍准备采取借壳的方式登陆资本市场，对此，《证券日报》记者电话联系优信相关负责人，截至昨晚发稿并未得到相关回复。\n \n值得注意的是，优信二手车经过了前期的疯狂扩张后，在相关基础业务上仍有待夯实，有消费者反应称，优信二手车把低配置车型写成高配置车型直接导致自己被误导，上述消费者同时表示，上述错误对评估师而言是致命的。\n \n对此，有业内人士表示，二手车电商现在最重要的是做好自身的业务，提升口碑影响力，靠大肆砸钱做广告来占领市场份额已经不是当前的主要手段。\n \n \n大肆烧钱\n \n从2015年7月份开始，优信的广告攻势就已开始，继以1.8亿元人民币独家冠名爱奇艺《奔跑吧兄弟3》，创下互联网赞助记录后，2015年9月30日优信二手车又以3000万元价格投得《中国好声音》冠军之夜60秒广告，有11位明星代言，每秒钟价格高达50万元，再次创造了中国电视史上最贵单支广告记录，被称为中国“史上最贵广告”。\n \n尽管2015年各大二手车电商平台都开始加大广告攻势，并出现3个月烧掉超过10亿元广告预算的情况。但从单次金额看，最土豪仍是优信二手车，其3000万元收获60秒广告之后，迅即引起广泛质疑。\n \n投资数亿元进行电视广告品牌推广，优信二手车是否“有钱任性”？ 消费者表示，好不容易融到的钱，大把大把投广告太浪费，毕竟还在创业阶段，不如像互联网专车那样，多补贴消费者。\n \n对此，有二手车电商从业人士表示，大肆砸钱的目的是为抢占市场份额，面对潜在市场规模可能上万亿元的二手车市场，各路资本争相涌入，这让二手车电商迎来爆发式增长的机遇。\n \n不过，如此“烧钱”给优信二手车在业务上的转化率增量有多少？公司如何看待市场的质疑声？就此，《证券日报》记者联系上优信二手车相关负责人，但对于上述问题，公司并未有相关回复。\n \n此前，优信集团CEO戴琨辩称，此举目的就是为了让消费者更多了解优信。但是否值当？戴琨却无言以对。\n \n借壳疑云\n \n或许正是基于烧钱无度的无奈，有确切信源向记者证实称，优信旗下的优信拍等业务将在近期实现借壳上市。\n \n另还有消息表示，公司即将进行F轮融资，资金规模约2亿至4亿美元，总体估值14亿美元，约合91亿元人民币。同时，公司正在计划分拆上市：B2B业务优信拍和金融业务计划明年在国内上市，优信二手车（B2C+C2C）业务则将独立在海外上市。\n \n公开资料显示，原易车二手车业务负责人戴琨在2011年创办了优信拍，以B2B模式切入二手车交易，2015年公司完成1.7亿美元融资之后，B2C成为优信集团的一个新方向。\n \n对于上述消息，优信方面均未有明确回应，不过，从《证券日报》记者采访多位业内人士的观点来看，优信拍准备借壳上市的消息可信度应该很大。\n \n可以佐证的是，有资深二手车电商业内人士在接受《证券日报》记者采访时表示，深受发展速度过快、“内功”修炼不足、用户体验差、盈利模式模糊等问题困扰的优信二手车目前最大的困扰是账户余粮不多，财务成本高企，而广告豪掷千金买一笑的无度烧钱行为，显然让上述困局继续加剧，因此再度融资及准备借壳上市都不失为解决上述难题的好办法。\n \n不过，2016年资本的热情似乎并没有2015年那么高涨，有某C2C二手车电商平台相关负责人告诉《证券日报》记者，目前来看，其公司更希望踏实做好业务，在广告营销方面有所放缓。\n \n品质为王\n \n一边是大肆烧钱，一边是准备进军A股市场，但公司在产品及服务方面似乎并未更大提升。\n \n有消费者表示，自己今年2月初在优信二手车看到一辆东风雪铁龙C4L页面的描述是：2014款1.8L智驱版，自动劲智型（高配，真皮座椅有后排出风口的），原车主2014年5月份购买的，开了2.6w公里，显示没出过事故。但实际上这个车是自动劲享型，也就是低配，座椅不是真皮的，没有后排出风口。\n \n上述消费者后来到4s店查了这辆车的维修记录，发现出过两次事故，一次右车尾倒车入库时撞过，做过漆；一次右后视镜被撞。前述消费者表示，如此看来，车买贵了，虽然自己对车型的了解不够专业显然是吃亏的重要原因，但优信二手车在网站上提供不实的车辆信息也起了关键的误导作用。\n \n尽管优信二手车官网显示，387项手工检测、15天包退、100%无佣金，但二手车网站提供消息不实却成了致命问题。\n \n对此，有业内人士提醒，资本的“轰炸”过后，最终拼的是产品与服务，二手车电商越来越多，同质化现象也必将越来越严重，“一定会有平台很快被市场淘汰、被消费者淘汰。”只有真正从源头改善消费者体验，让大家敢买二手车，才能促进二手车市场的长远发展。\n ', ''),
(427, '神州优车新三板挂牌获批 专车第一股将诞生', '\n13日晚间，记者获悉，神州专车运营主体神州优车股份有限公司（下称“神州优车”）的新三板挂牌申请已于11日正式获得批准，转让方式为做市转让。\n \n由此，神州优车将正式摘得“专车第一股”桂冠。来自股转文件显示，神州优车将按照有关规定及时办理挂牌手续，具体挂牌时间根据转让系统的规定确定。\n \n \n据了解，神州专车业务从2014年12月开始试运营，在2015年1月开始正式运营。今年4月，神州优车向全国中小企业股份转让系统提交递交挂牌申请。\n \n神州专车最新披露数据显示，2016年第一季度单均净收入达41.70元，同比增长268%；同时，单均成本下降到65.11元，同比降低51.78%。单均净收入与单均成本正渐趋接近。\n \n从日均单量来看，2015年一季度，神州专车日均单量为3.76万，而在2016年一季度，这一数字变为26.03万单，同比增长近6倍。\n \n根据神州优车披露的数据测算，神州专车业务净收入从2015年第四季度的7.85亿元增至2016年第一季度的9.88亿元，增幅为25.86%；亏损总额从2015年第四季度的9.05亿元降至5.55亿元，降幅高达38.67%，亏损明显收窄。\n \n仅从专车业务的角度看，神州专车距离盈利已经为期不远。神州优车方面表示，专车业务逐步止亏，得益于神州专车B2C模式显著的规模效应，即随着规模的扩大，单均成本逐渐降低。\n \n在业内人士看来，本次挂牌申请获批，意味着其B2C的运营模式获得了股转系统的认可，也体现了监管层对新经济新业态发展的支持和鼓励。\n \n据 悉，自新三板扩容至全国以来，挂牌企业数飞速增加，目前已经超过7000家挂牌企业。然而，优质的企业却并不太多。上述业内人士表示，随着新三板分层制度 的实施，市场更加需要真正有核心竞争力的企业来发挥示范和引领作用，从而激活整个市场。因此，神州优车获批挂牌将是一个“双赢”的选择。\n \n罗兰贝格日前发布的《中国专车市场分析报告》指出，2015年神州专车占据国内专车市场39.9%的份额；订单量月均增速达到32.9%，远超19.5%的行业平均水平及其他竞争对手。神州专车的活跃用户平均次月留存率达70%，名列前茅。按照最近一次的公允增资价格，神州优车估值达369亿元，其挂牌后的表现值得市场期待。\n \n不过，上市显然显然并非神州优车的最终目标。公司董事长兼CEO陆正耀曾多次对媒体表示，要“重构人车生态圈”，这其中，专业业务将会起到“桥头堡”的作用。不久之前，神州优车发布战略和愿景：将会深度聚焦出行和汽车领域的全产业链和人车生态圈，通过业务运营和资本运作相结合的手段，深耕行业。\n \n事实上，除了现有的出行板块、电商板块，神州优车未来可能在车联网、维修保养、智能汽车、汽车保险等方面进行全方位布局，企图通过商业模式的不断创新，发挥业务板块的协同效应，引领行业变革。\n ', ''),
(428, '三星子公司30亿元认购比亚迪1.92%股份', '\n7月21日晚间，比亚迪发布公告，公司完成以57.40元/股非公开发行2.52亿股，募集资金总额144.73亿元。其中，上海三星半导体有限公司认购5226万股，合计30亿元，将持有公司此次非公开发行完成后股本总额的1.92%。\n \n本次非公开发行新增股份将于7月25日在深圳证券交易所上市。本次发行对象所认购的股票限售期为12个月，即自新增股份上市之日起12个月内不得转让。预计可上市流通时间为2017年7月25日。\n \n比亚迪称，本次非公开发行并不改变公司的控股股东和实际控制人，本次向特定投资者发行，提高了机构投资者持有公司股份的比例，使公司股权结构更加合理，有利于公司治理结构的进一步完善，不会导致发行人控制权发生变化。\n \n \n上海三星半导体有限公司成立于2001年12月，其前身为香港三星电子上海办事处，于1993年起在国内开展业务，是由韩国三星电子株式会社在上海投资设立的独资企业。韩国三星电子已具有近30年的历史，是一个集半导体、通讯、计算机产品和消费类电子于一体的大型电子企业。公司主要从事多媒体及家用电器、信息及通讯、半导体等产品的设计、研究及生产。\n \n此前，韩国三星电子有限公司(Samsung Electronics Co Ltd)&lt;005930.KS&gt;在7月15日表示，已同意购买中国汽车制造商比亚迪(1211.HK)、&lt;002594.SZ&gt;的股份，提升其电动汽车配件和智能手机组件业务。比亚迪同日发布公告称，三星电子就参与比亚迪A股非公开发行与该公司展开积极推进，三星电子本次拟参与比亚迪A 股非公开发行主要基于对比亚迪长期发展前景的坚定信心，以及未来双方在电动汽车零部件领域的战略合作。未来双方将共同把握全球电动汽车快速发展的巨大机遇，推进双方电动汽车相关业务的持续发展。\n ', ''),
(429, '汽车金融泡沫泛滥 新三板热炒汽车非主流板块', '\n“最大的风险不是来自于客户、不是来自于车辆，而是来自于行业。现在每天都有一个金融公司冒出来，这些金融公司会在很多环节进行省略，对用户放松要求。”7月30日，车车汇联合创始人黄涛认为，汽车金融的泡沫导致了无序竞争。\n \n中国汽车后市场有将近万亿规模，数字非常让人振奋。与此相对的是，在当下微利时代，企业如何实现快速发展是萦绕在每位创业者心头的焦虑和困惑。\n \n资本看到了市场巨大潜力，最近两年大量创业公司蜂拥而入。但现实状况是，中国汽车金融面临多方面的困局，比如征信数据不准确；数据不互通；行业乱局下恶性竞争等等。\n \n汽车金融市场整体上仍处于“野蛮时代”。V车圈发起人李建设表示，目前中国汽车后市场仍保持持续快速的增长，但部分后市场企业缺乏金融思维，导致企业金融建设能力极弱和企业投资策划管理落后。\n \n金融公司泛滥冲击行业\n \n汽车行业内的一个共识是，企业与金融的结合将更为紧密，金融能力成为企业的核心竞争力。以汽车后市场为例，配件、养护和汽车用品企业往往是在产业链最下游，而金融被称为产业服务能力的最上游。\n \n“国外整个二手车行业的上游车源都控制在金融公司手里，而国内上游车源却都集中在个人手里。所以，当未来金融发展到一定阶段，国内金融公司可能会垄断上游的销售车源，为下游提供批量的资源整合。”专业车辆定价服务公司车三百CEO许伟表示。\n \n接下来，成熟市场将有20%的汽车保有量转化成当年的二手车置换，预计2016年的二手车市场将是增长峰值年，并正式突破千万辆。\n \n通过大数据实时计算，价格更准，更新更快，更能准确地反映市场价格。这在交易量越来越大的中国二手市场，有利于二手车经销商能更好地把握价格，控制风险。\n \n与二手车市场缺乏诚信顽疾相比，骗贷、借贷不还等坏账问题一直是汽车金融企业的痛点，此时风险控制就变得非常重要。\n \n第一车贷副总裁褚华骏说，金融产品很大程度取决于资金管理、渠道管理和风控。“在经销商渠道、风控和资金管理我们都会用大数据分析。渠道方面有很多手段，征信方面，会通过央行征信来获得数据。我们还接入了十多个征信平台，无论互联网还是传统银行，我们会对个体对外投资、个体历史经验、个体情况进行全方面查询，而且定期通过系统API查询，保证了远端查询。”\n \n一般而言，在风控上，汽车金融公司对C端消费信贷也不外乎建立信用模型、对应客户收入、信用水平的收入模型。褚华骏坦言，由于国内数据样本不足，信用模型没有完全对应，还需要清洗和学习。\n \n除了样本不足之外，在互联网时代，数据源的真实度也有待考证。“不确定真实的真实性，在虚假的东西上建立征信模型，出来的结论也是虚假的。” 玖富汽车金融副总经理刘翔实说。\n \n“与银行做消费分析一样，由于数据并不互通，现在每天都有一个金融公司冒出来。市场竞争如此激烈之下，这些金融公司会在很多环节进行省略，对用户放松要求。” 车车汇联合创始人黄涛建议，汽车金融公司可以进行数据互通，从而有效降低骗贷风险。\n \n事实表明，金融中间存在夹层。中国从来不缺少金融机构，但是在监管体制下，不同层次的金融机构无法完全生存。\n \n“中国是一个金融密集的国家。公募基金140家，银行征信、放贷方式都是雷同的，政策层面开一个窗口就是互联网金融，互联网进入肯定会泥沙俱下，有优有劣，会导致金融乱局，今年是互联网整治年。”业内人士表示。\n \n新三板热炒汽车\n \n当一些中小型企业想要通过资本和金融方式成为公众企业时，挂牌新三板成为企业进入资本领域的热门路径，而让新三板变成热门话题的正是汽车行业。\n \n“现在在新三板登陆的汽车行业分别是汽车零部件、汽车设计、新能源汽车、整车（垃圾车、道路清障车等非主流产业）。而且，从境遇上来看，汽车配售行业境遇非常高。” 新三板研究中心首席研究员布娜新表示。\n \n布娜新认为，新三板的融资渠道优势明显：一是市商制；二是银行信贷；三是优先股。\n \n市商制度中，由具备一定实力和信誉的法人充当做市商，不断地向投资者提供买卖价格，并按其提供的价格接受投资者的买卖要求，以其自有资金和证券与投资者进行交易，从而为市场提供即时性和流动性，并通过买卖价差实现一定利润。简言之，法人报出价格，并能按这个价格进行买入或卖出。\n \n而在银行信贷中，目前已有6家银行，可以对新三板企业进行股票质押。对于优先股来讲，新三板挂牌转让企业为非上市公众公司。通过发行优先股，可以拓宽新三板企业融资工具，吸引更多的私募股权投资机构通过优先股的方式投资新三板企业。\n \n“在推动企业成长的时候，新三板会为企业带来很多优势，可以推动其商业模式的打磨，也会帮助企业法人寻找投资商。但是国内资本市场比较浮躁，往往美国前十年的市场景象是中国的市场现状，对于新三板来说真正好的时候在十年后。我不太赞同新三板是停尸房的概念，但是我相信未来几年一半企业会死在新三板上，这是非常正常的事。” 原车讯网副总裁李弘一表示。\n \n很多项目前景非常好的企业往往在经过多轮融资后，突遇资本寒冬随即倒下。而经过理性思考后，人们往往会意识到，资本因其逐利性，大多时候是一把双刃剑，关键在于如何把握市场机遇。\n \n相关专业人士的建议是，企业在融资过程中，需要认真关注投资人选择、股权架构、估值、公司治理、期权激励、资本运作、协议起草权、优先权安排、对赌、协同及资源整合等关键性问题。\n \n“企业家要充分重视金融、充分重视法律，把顶层设计架构好，这样对企业后续对接资本、业务展开才有非常重要的意义。” 华麦网CEO黄才华说。\n ', '');
INSERT INTO `xh_user_action_history_data` (`history_id`, `associate_content`, `associate_attached`, `addon_data`) VALUES
(430, '滴滴收购Uber中国 股东广汽开心还是忧伤', '\n滴滴出行将收购Uber中国的品牌、业务、数据等全部资产在中国大陆运营，这距离广汽集团宣布成为Uber中国的投资者仅8个多月。\n \n广汽集团内部人士8月3日接受第一财经记者采访时称，滴滴出行与Uber全球达成战略协议之后，广汽集团至今尚未接到Uber中国的知会。估计滴滴出行收购Uber中国之后，双方在各方业务交接将需要一定时间。而广汽集团此前与Uber中国签署的《战略合作框架协议》(下称“《合作协议》”)，应该还将会按相关法律法规以及合同来推进。\n \n上述人士谈道，广汽集团与Uber中国战略合作，主要是基于战略投资和业务合作等方面，而Uber中国股权将发生变化，双方此前的合同来将如何落实，需要进一步沟通和细化。至于滴滴出行收购Uber中国之后，将给广汽集团此前所投资的Uber中国项目带来哪些变化，目前尚无法评估。\n \n \n投1亿美元成Uber中国股东\n \n8月1日，滴滴出行宣布与Uber全球达成战略协议，滴滴出行与Uber全球将相互持股，成为对方的少数股东，Uber全球将持有滴滴5.89%的股权，相当于17.7%的经济权益，Uber中国的其余中国股东将获得合计2.3%的经济权益。\n \n广汽集团将是获得合计2.3%的经济权益的中国股东之一。\n \n广汽集团于2015年12月21日~23日连续发三天公告，披露广汽集团拟与Uber中国开展战略合作及子公司拟参与Uber中国B轮融资的相关信息。广汽集团已于去年12月与Uber中国签订《合作协议》，双方将在股权投资、汽车销售、维修保养、二手车、汽车信贷、保险及租赁等方面开展战略合作。\n \n广汽集团在2016年1月12日再发公告称，根据已签署的《合作协议》，广汽集团各相关投资企业正就双方具体业务合作的内容、方式进行协商，推进协议的落实;其中，公司境外子公司中隆投资有限公司以约 1 亿美元参与Uber中国 B 轮融资。\n \nUber中国在去年完成B轮融资，除了Uber全球外，广汽集团、中信证券、中国太平、中国人寿、海航国际等9家中国投资人为Uber中国投资了接近20亿美元，而广汽集团是国内第一家对Uber进行股权投资的主机厂。广汽集团总经理曾庆洪表示，在互联网时代，汽车不单只是交通工具，更是硬件与软件的融合，而汽车制造业必须为用户提供一个出行的整体解决方案。\n \n按《合作协议》的内容，基于未来汽车市场与互联网经济的发展，广汽集团在汽车销售、维修保养、二手车及汽车信贷、保险、 租赁等方面向Uber中国提供优惠待遇;Uber中国在新车购买、市场推广、汽车信贷、二手车交易平台方面，优先选择或推荐广汽集团产品和服务;Uber中国利用其全球化资源、大数据技术以及品牌优势协助广汽集团拓展国内外市场;双方在包括混合动力、纯电动汽车在内的节能与新能源汽车的推广、应用方面展开合作，共同推进绿色出行。\n \n战略部署绿色出行\n \n然而，滴滴出行收购Uber中国之后，广汽集团与Uber中国是否还能按原计划展开全方位深度合作，这备受关注。\n \n泰博英思(北京)信息咨询有限公司汽车行业总监孙木子3日在接受第一财经记者采访时谈道，从目前的信息来看，暂时难以判断滴滴出行与Uber“联姻”将对广汽集团产生哪些具体影响，但有一点值得关注的是，滴滴出行收购Uber中国，并与Uber全球相互持股，这意味着Uber中国的股东广汽集团，将成为滴滴出行的间接股东，未来与滴滴出行在共享出行领域或许也存在合作。滴滴出行未来选择与汽车制造商合作时，不排除广汽集团享有一定优先权。作为Uber中国B轮融资中唯一一家汽车厂家，广汽集团这步棋还是下得比较明智。\n \n“共享出行领域正备受关注，无论是汽车制造商还是互联网企业，都加快朝这一热门领域布局，这也将是新能源汽车、自动驾驶汽车推广及示范的重要阵地。从目前情况看，新能源汽车拓展汽车零售市场得比较艰难，部分车企逐渐加大其在公共出行领域的示范运营力度。广汽集团投资Uber中国，一方面是看中与Uber中国在共享出行方面的合作空间，另一方则是考虑到在共享出行领域的长远期投资收益。况且，广汽集团1亿美元的投资可进可退，相对是风险可控的。”孙木子分析称。\n \n广汽集团投资的1亿美元究竟在Uber中国中占有多少股份，双方至今未对外公布。广汽集团上述内部人士告诉记者，占比较小。这被视为是年利润逾40亿元的广汽集团在出行领域牛刀小试。第一财经记者了解到，广汽集团正通过多渠道让旗下多款节能以及新能源汽车在共享出行领域试水，其中广汽集团旗下广汽丰田的凯美瑞双擎和雷凌双擎已分别进入北京约租车市场和广州出租车市场，广汽乘用车传祺新能源车也已进军广州网络约租车领域。\n \n根据中国汽车工业协会统计，广汽集团今年上半年销量为73.88万辆，在国内汽车集团中销量排名第六。目前，广汽集团在新能源领域确立了“以插电式PHEV(增程式REV)/纯电动EV等新能源车型为重点、兼顾混合动力HEV等节能车型”的技术路线，并掌握了新能源汽车“三电”核心技术、燃料电池等多项前瞻性技术。在智能汽车领域，广汽集团已完成无人驾驶关键技术的研发，在智能驾驶、车联网、电子电器等方面有丰富的技术积累，并取得了相关研发成果。\n ', ''),
(431, '上百家媒体争先报道互联网学车：“嘻哈学车受追捧”', '原标题：“自学直考”利好互联网驾校，学车不用再被“潜规则”了？\n\n[attach]96[/attach]\n摘要：考过驾照的人都知道，教学水平参差不齐、乱收费、吃拿卡要是传统驾校里的“潜规则”。现在，互联网驾校正在试图改掉这些弊病，他们想让用户跳过传统驾校的环节，直接找到教练和练习场地，最终完成考试。这被称为“自学直考”。\n \n有关自学直考的政策，在去年就有所放开。去年7月1日起，杭州开放了互联网考试平台，符合考试条件的驾驶证可以直接在相关网站是预约考试，自主选择考试场地和考试时间。\n \n到了今年4月1日，《公安部关于修改〈机动车驾驶证申领和使用规定〉的决定》和《关于机动车驾驶证自学直考试点的公告》正式实施。\n\n \n政策上的“亮灯”对互联网驾校的创业者来说无疑是个利好消息。\n[attach]97[/attach]\n近日，车轮互联（车轮考驾照是旗下的互联网学车平台）宣布完成C轮融资，车轮互联CEO吴峰表示，新引人的资金将会用于三个方向，继续优化互联网学车、用车体验；深化与驾校及互联网巨头合作；线上线下共同推进，提升和保障各环节服务水平。这意味车轮互联此轮融资将重点投向驾照培训业务。\n \n一方面是政策利好，一方面又要直面驾培市场里众多的传统驾校，互联网驾校究竟能否迎来它的春天呢？\n \n新的契机\n \n政策利好的声音逐渐放出，让专注于互联网驾校的公司开始尝到一丝甜头。\n \n2015年，互联网驾校进入发展快速道，各类与学车有关的软件有如雨后春笋般崛起。比如58学车、车轮驾校、小巴学车、哈哈约车、90学车、超级教练等等。\n \n其中，58学车在去年开始由陪练向学车转型。当时在接受腾讯科技的采访时，58学车创始人张晓磊就曾袒露了他对整个驾培市场的看好。“去年驾校毕业人数达到2700万人，人均客单价在5000元左右，整个市场规模大概是1400亿。”\n \n官方数据也证实了这一点。据公安部交管局统计数据，2015年全国驾驶人数量突破3亿大关。学员人数从2008年的1678万人增长至2014年的3000万人。这形成了一个1000亿人民币规模的市场。尤其在农村市场、年轻人市场和女性市场，学车市场潜力巨大。\n \n转型是张小磊对驾校市场潜力的思量结果，但从当时的政策来看，是不允许私办驾校的，这个行业还处于政府保护的状态，没有完全市场化。\n \n于是他才沿着产业链又往下走了一步开始考察汽车陪练市场。当时张小磊透露，公司下一步的发展方向是做互联网驾校品牌“58学车”。而现在，58学车已经在杭州、长沙上线了学车业务，在今年4月底还将扩展5个城市。\n \n博弈还是合作\n \n“驾改”政策的实施和互联网驾校的纷至沓来，已经让传统驾校感受到了来自互联网创新的压力。原本在驾培市场占据主导地位的传统驾校，不得不面临着和互联网驾校同分客源的局面。\n \n不过，互联网驾校的创业者却不愿意将二者的关系置于尴尬境地。在他们眼中这种冲击仅仅是过程，随着后期的磨合和利益上的均衡，二者最终会达到平衡状态。\n \n在58学车联合创始人陈丹看来，与其说是互联网驾校和传统驾校之间的博弈，他更喜欢用合作与双赢这样的字眼来形容二者之间的关系。\n \n58学车在长沙和杭州开放了多个训练场地，这都是58学车和当地传统驾校合作的结果：58学车将传统驾校平日闲置的场地运转起来，传统驾校还能获得一定收入；在教练车和教练的配备上，58学车也会和当地的传统驾校实现资源共享和分成。\n \n除了“合作”，“服务”也是从业者最爱提到的词之一。\n \n车轮考驾照方面对腾讯科技表示，学车从报名到练车、考试是一个具有一定周期的重服务过程，不能完全靠线上完成。优质的学车体验需要互联网企业和传统驾校协同完成，互联网企业可以为学员在线提供更便捷的报名、约车、约考操作体验，为传统驾校提供更智能的管理系统。这些都大大地解决了学员和驾校痛点。而传统驾校本身可以更专注于教学，提升教学水平。\n \n不过，传统驾校和互联网驾校是博弈还是合作，还要取决于模式。目前互联网改造传统驾校有三种模式：\n \n第一种是帮助传统驾校提高工作效率的，让他们用更低的成本实现更高的价值；\n \n第二种是给传统驾校导流，但问题在于，押款和佣金相对较高，传统驾校不一定能够承担得起；\n \n第三种是重模式，通过合作将传统驾校过剩的资源运转起来。\n \n要过的几个坎\n \n虽然有政策支持，互联网驾校在未来仍然可能会遇到挑战。比如如何保证教练员教学水平，如何平衡与传统驾校的关系，以及如何解决场地问题等。\n \n“一开始我们觉得是在做滴滴打车版的互联网驾校，但做下去之后会发现学车和打车是两类完全不同的服务。学车从选择到拿本，是一个决策周期和服务周期都较长的过程，这样对服务的要求会更高，可能出现的情况也会更加复杂。”车轮考驾照负责人表示。\n \n不同城市驾培市场的情况也千差万别。比如北京驾校以直营居多，即教练车和教练全部来自驾校，教练属于驾校员工。而在其他城市，教练基本以挂靠为主，即教练不从属于某个驾校，教练车拍照是驾校的，驾校与教练之间的关系更松散。这就要求互联网驾校因地制宜。\n \n持相对保守观点的嘻哈学车张全雷认为，虽然互联网学车软件看起来很时髦，但中国学车的人依然是通过驾校报名点直接报名的传统模式学车的较多。很多驾校和利益机构开始按耐不住欲进入“学车软件”领域，跟风的会很多。\n \n在这种大环境下，互联网驾校的竞争会更加激烈，也会出现兼并、洗牌的现象。事实证明，直到2015年最后一个季度，还在活跃仅剩58学车、车轮考驾照、嘻哈学车等为数不多的几家企业，大浪淘沙中互联网学车平台已经开始重塑市场格局。', ''),
(432, '嘻哈网络获第四届中国“优秀商业模式奖”暨大赛（合肥赛区）成功举办', '       2016年08月25-27日，第四届中国商业模式大赛训练营暨比赛(合肥赛区)在合肥白金汉爵酒店成功举办。该项活动由北京大学汇丰商学院、深圳市龙岗区经济促进局和深圳市龙岗区产业投资服务集团有限公司联合主办，深圳市龙岗创投广场服务有限公司和北京北汇联合教育咨询有限公司联合承办。第四届中国商业模式大赛训练营暨比赛历时三天两夜，前两天两夜，由来自北京大学汇丰商学院商业模式中心研究员、授权讲师今朝导师给企业家们讲授商业模式课程。目的是让企业家们对公司的商业模式有更加深入的了解，第三天进行商业模式大赛合肥赛区复赛。 \n[attach]87[/attach]\n[attach]88[/attach]\n 一、训练营\n       在2天2夜的商业模式训练营中，今朝导师以饱满的激情，接地气的独特授课方式，给与会的100余位企业家上了一堂别开生面的商业模式课程。授课过程中，今朝老师在魏朱商业模式理论基础上，引用大量的现实生产中的实际案例，结合商业的盈利模式关系进行深入浅出的分析与点拨，围绕大赛的主题生动的讲解了商业模式定位、关键资源能力、现金流结构、经营角色、企业价值等主要业务系统图关系，尤其是从竞争，合作，参股等关系中演变出商业模式中最有魅力的共生关系。让与会学员感到耳目一新，企业家们跟着导师的思维和指引，就各自企业的商业模式展开了热烈的阐述及小组讨论，对商业模式有了更深刻的认知，对公司商业模式的创新有了很好的借鉴意义。学员们参与的热情非常高涨，积极的按照导师的要求认真的完成课间布置的作业。训练营次日，学员们还以小组形式继续进行案例分享讨论及PK，将企业商业模式用画布的形式进行讨论，导师现场指导。晚上学员继续完善商业模式梳理，为第三天的第四届中国商业模式大赛合肥赛区比赛备战，两天两夜的训练营课程在充实活泼的气氛中圆满结束。\n[attach]89[/attach]\n 二、复赛\n       让人激情澎湃的是第三天的商业模式大赛合肥赛区比赛，主要来自全国各地的近20家企业，各自拿出自己的优秀项目进行现场路演，互相角逐第四届中国商业模式大赛总决赛的席位。现场邀请北大大学汇丰商学院EDP中心副主任潘守培导师、训练营导师今朝、北大汇丰商学院EDP同学会常务会长雷鸣、前海股权交易所安徽中心姚挺、安徽省环宇智业公司首席策划人许建平、500+老板资源库创始人方新生等6位评委对每一个路演企业的项目都进行了详细的点评，帮助企业发现不足并提出中肯的意见与建议，现场气氛热烈，评委点评时亮点频出。本次比赛紧密结合商业模式主题，同时也关注企业的融资需求。企业经过两天两夜的学习与项目路演，一方面大大开阔了眼界，认识到企业的核心竞争力与短板，另一方面也获得了很好的融资机会，融资不是目的，融智、融心、融能才是企业走向未来的动力源。最后，比赛评选出10家企业获得合肥赛区优秀商业模式奖。\n      作为二线城市，合肥赛区的成功举办，已经说明商业模式在企业的发展过程中有着重要作用，为全国的中小企业的创新、转型升级提供新思路，众多的参赛项目在这场比赛中不仅收获了来自商业模式顶级设计团队的专业指导，更是得到了资本的热切关注，中国商业模式大赛助力企业转型升级，引领科技发展向前。\n       以下是(合肥赛区)入围总决赛10强名单 \n       单位名称行业\n合肥科软信息技术有限公司信息平台\n安徽箐硕科技有限公司电子信息\n安徽嘻哈网络技术有限公司互联网+\n安徽蜂鸟通用航空有限公司通用航空\n职汇信息技术有限公司招聘平台\n热霸节能科技(苏州)有限公司 节能环保\n媛粉荟女性创业平台\n常州仙草科技有限公司生物科技\n 北京酷熊影业有限公司影视传媒\n浙江长兴德纳克斯动力科技有限公司新能源汽车\n\n(以下为活动精彩瞬间)\n[attach]90[/attach]\n[attach]91[/attach]\n[attach]92[/attach]\n[attach]93[/attach]\n[attach]94[/attach]\n[attach]95[/attach]\n          （以下是获奖证书）\n[attach]98[/attach]\n ', ''),
(433, '绿野汽车资质难产 欠款3亿元遭查封', '\n绿野汽车作为一家低速电动车企业受到行业关注，源于经销商集团和谐汽车去年的一次收购。彼时，坊间传言河南和谐希望通过收购绿野汽车，为其同富士康、腾讯组建的新公司和谐富腾取得电动汽车的生产资质。\n \n然而一年过去了，因涉及巨额货款拖欠，绿野汽车已经遭供应商起诉导致资产被查封。和谐汽车对绿野汽车控股权转让以及承诺注资事宜也因此不了了之了。\n \n香颂资本执行董事沈萌对记者表示，当时和谐方面肯定知道绿野汽车的基本情况，债务的多寡非但不会影响和谐收购绿野，甚至还会成为和谐汽车增加话语权的口实。当然这一切都是以绿野能够取得生产资质为前提。如今，政府的优惠政策难以承兑，利好散尽，绿野汽车自然就变得鸡肋而多余了。\n \n \n绿野汽车债台高筑\n \n资料显示，和谐汽车是一家专营豪华和超豪华品牌的汽车经销商集团。2015年度营收达到106.2亿元，净利润5.63亿元。或许是由于国内新能源风口正劲而豪车市场增长势头趋缓，让和谐汽车有了想跳出单一领域发展的念头。\n \n于是，2015年6月，在和谐汽车的纵横斡旋下，和谐富腾有限合伙应运而生。此合伙由和谐汽车全资附属公司河南和谐与鸿海下属企业鸿富锦精密（成都）以及深圳腾讯分别出资3亿元、3亿元及4亿元建立，拟投资目标就是新能源或智能电动汽车项目及相关互联网项目。\n \n同年12月份，和谐汽车宣布收购位于杭州的绿野汽车公司。这家此前名不见经传的汽车公司成立于2010年6月，主要经营范围就是低速电动车。记者注意到，因为仅有低速电动车生产资质，因此绿野汽车拿不到国家新能源汽车的补贴。\n \n作为汽车经销商的和谐，在这次收购上的意图很明显。即希望能通过绿野在汽车生产方面的专业能力，成为和谐富腾最终落地的重要一环；而对于鸿海和腾讯来说，造出车后，紧接着就是销售问题。和谐汽车有豪华车销售经验和渠道，这也成为和谐汽车能和腾讯以及富士康一起出现在公众面前的重要原因之一。\n \n剧本至此，顺风顺水，然而令人万万没想到的是，绿野汽车却被曝出拖欠全国260多家供应商总计超3亿元的贷款债务。随着调查的不断深入，越来越多的供应商对外发声表示：自和谐汽车收购绿野汽车之后，绿野汽车就开始严重拖欠供应商货款，从2015年5月至今一直处于停产状态，被绿野汽车拖欠货款的供应商从去年年底开始集结，停止供货并集体追债。\n \n“一些供应商已经追到了和谐汽车位于郑州的总部。”有知情人士向外界宣称，今年2月份法院对供应商货款拖欠案进行强制执行，由于绿野汽车仍无法如期偿还欠款，很快被法院查封了全部动产。\n \n值得注意的是，收购之前，和谐汽车方面曾专门来做过净值调查，还对供应商的货款进行了审计。这期间难道就没有发现绿野汽车存在严重的债务纠纷问题吗？\n \n资质难产或是主因\n \n从实际情况来看，和谐汽车对于收购下来的绿野汽车，一度信心满满，采取过一些主动的措施。\n \n记者查阅发现，河南和谐曾发布公告称，河南和谐汽车贸易有限公司将向绿野汽车注资2.34亿元，取得上虞杭州湾工业园区投资发展有限公司所持有的绿野汽车全部64.64%的股权；同年6月份，河南和谐二度发声，将投资5810万元收购深圳市中科宏易创业投资有限公司金科控股集团有限公司、闰土控股集团有限公司、上海特思克汽车科技有限公司所合计持有的绿野汽车22.93%的股权。\n \n然而，在第一份公告发布后，河南和谐只向绿野汽车交付了1000万元担保金。随着事态的发展，河南和谐目前仍没有完成公告中承诺的剩余款项。\n \n和谐汽车在收购绿野汽车之后，为什么不按照约定的协议对其进行累计近3亿元的注资呢？有分析人士表示，当地政府在协调收购时，或许做过协助绿野汽车取得电动汽车生产资质的承诺。在承诺无法承兑后，和谐汽车也失去了注资必要。\n \n对于曾宣告要“以绿野汽车的研发和生产能力为基础，打造全新的经济型电动车及品牌的”和谐汽车而言，绿野汽车的失陷难免将造成战略规划和前景布局上的波折。然而这对于真正关心电动车发展的有关人士才说，担忧却远胜与此。\n \n正如中科院杨裕生院士所说，“电动汽车涉及诸多利益关系，导致在现有高额补贴体系下对企业没有要求，诸多汽车厂商花大价钱生产一个没有市场的产品，却并未真正起到促进行业成长的作用。”\n \n在业内人士看来，绿野的溃败只是缩影。想要通过巨资投入维持市场运作的做法是不牢靠的。对于广大低速电动汽车企业来说，如何深入了解市场，潜心研发出真正适合其市场定位的产品才是立身之本。如此，一旦政策东风出台，企业们也好万事俱备。\n ', ''),
(434, '嘻哈学车---真正的创客促进山西创新强省引爆山西万众创新浪潮', '嘻哈学车：真正的创客促进山西创新强省引爆山西万众创新浪潮\n \n重要信息：5月6日，中国太原中创鸿升分别与美国硅谷创客科技、以色列特拉维夫洼地科技签署了创新创业战略合作协议，今后，协议双方将从项目推介投资、科技成果转换及落地、对接各自优质资源等方面进行合作，双方互设办事处，将以创业大赛为契机，将我省有潜力的创业者推荐到美国及以色列深造，同时将国外优秀人才及技术引进山西，带动国际创新创业交流及高技术成果的转移。\n \n美国硅谷创客科技是一家总部位于美国硅谷的全球孵化器。该机构通过对美国硅谷、以色列等世界创新高地以及中国的孵化器运营，将全球高科技创新区域和中国连接在一起，致力于打造一个无国界的全球孵化平台。洼地科技总部在以色列特拉维夫是一家旨在帮助中国投资者及企业家在以色列商业和技术行业进行投资合作的高科技企业。此次他们选择位于太原市长风商务区的中创鸿升众创空间进行合作，定会把太原双创事业推向一个新的高度。出席活动的太原市委副书记王成表示，太原市政府会为他们营造良好的政策环境，希望吸引更多的创业者来并投资兴业。作为华北唯一入选全国小微企业双创示范城市，近年来，太原市双创工作以改革为引领，从加快发展创业创新空间、提高社会化公共服务水平、创新融资模式、商事制度改革等方面构筑体制机制优势，促进了全市双创事业的蓬勃发展。签约现场，中关村互联网金融服务中心、赛迪教育、创新谷、苏河汇、创客全球、聚创等9家全国知名创新创业服务机构成功入驻了中创鸿升众创空间。\n \n考虑到山西创业者数量不足是制约众创空间发展的基本问题，中创鸿升众创空间从2015年11月成立就致力于做一个有“造血器”的众创空间，挖掘激发更多创业人才，目前已累计服务70多家创客企业。他们成功孵化的“二手车电商平台”项目，目前已成为山西最大的二手车线上线下交易平台。“该项目进行入孵申报时，因思维独特而受到我们的关注，但其商业模式和所提供的解决方案漏洞较多，仍有很大提升空间。于是，经鸿升众创空间二手车市场业务团队的逐步对接，及导师团队的改进后，该项目很快就获得了很大提升。”中创鸿升众创空间负责人谭文华说，如今该项目已由原来的打造纯二手车交易平台改进为打造山西本土的基于二手车有形市场的汽车后市场O2O电商平台。\n \n另外，鸿升众创空间还成功孵化了由安徽嘻哈网络技术有限公司太原团队打造的“嘻哈学车”项目，“虽然这个项目市场空间巨大，但其对山西本土市场认识不足，市场策略也不够成熟，因此，我们为其对接了鸿升驾校业务模块、太原其他众创空间的相关团队的定期交流、太原市相关驾校的资源对接、知名风投机构的投资意向对接等多种资源，并推出了‘电子教练’服务，运用虚拟现实及人工智能科技，提高了训练针对性，目前，该项目已与太原市金盾机动车驾驶员培训学校开展合作，并获得了资质。”谭文华说，他们对每一位入驻的创客都会进行针对性的培育，希望做真正的创客“工厂”。\n \n目前，中创鸿升众创空间已投资建设了近八万平方米创新型孵化园区基地，含孵化器、加速器、苗圃、众创空间、创客公寓、创意银行、创客工厂、创业大学、电商实训营等诸多配套设施。其中，众创空间面积约3000平方米，融合了创客咖啡、路演中心、政务大厅等多项双创服务功能，并为之配备了相应的投融资服务团队、项目辅导团队、创业导师团队等专业化队伍，立志打造成具有引领性的创客服务中心。（记者张小林）\n \n \n                                                                                                      责任编辑： 韩荣\n 新闻链接： http://www.sxfoa.gov.cn/jjws/jjws/294601.shtml ', ''),
(435, '热烈祝贺华东地区第一家自媒体既“嘻哈号外”IOS版本今日上线', '国华快讯：由安徽嘻哈网络技术有限公司研发并投放市场的华东地区第一家自媒体“嘻哈号外”今日IOS版本正式上线，预计在4月10日左右正式在线使用。嘻哈号外是集团公司继嘻哈学车之后推出的系列互联网产品。嘻哈号外本着“树立驾校品牌、服务驾校招生为基线”，“让驾校说你想说，让学员看你想看”为切入点，由嘻哈学车团队推出的中国第一家专注驾校经营管理、品牌发展的互联网开放性媒体。  \n\n[attach]100[/attach]\n\n[attach]102[/attach]\n ', ''),
(436, '学车电子教练成第八届中国国际道路交通展的焦点！', '      2016第八届中国国际道路交通安全博览会于8月29-31日在广州琶洲保利世贸博览馆隆重举行。作为驾培驾考行业的领航者及最有价值的北斗定位整体解决方案供应商，“国华光电”携“嘻哈网络”领先推出的“嘻哈学车”电子教练教考系统精彩亮相，成为此次展会的耀眼明珠。\n[attach]99[/attach]\n“嘻哈学车电子教练”展示车辆\n[attach]101[/attach]\n 嘻哈学车 电子教练 博览会展馆\n      展会期间，“嘻哈学车”借助安装了“电子教练”设备的实物教学车辆，生动而形象的展示了基于北斗卫星GNSS高精度技术、虚拟现实三维电子地图、人工智能评判技术的“嘻哈学车电子教练”，吸引了众多参会嘉宾追捧和知名媒体的高度关注。\n[attach]103[/attach]\n 参会嘉宾莅临嘻哈学车电子教练展馆\n[attach]104[/attach]\n 众多观众对“嘻哈学车电子教练”表示出强烈的兴趣\n      同时，“嘻哈学车电子教练”的主动刹车安全系统和辅助教学人工智能评判系统等核心特性吸引了广大参会嘉宾的认真咨询，纷纷对此给予了高度评价。\n[attach]105[/attach]\n     在未来的发展中，“嘻哈学车电子教练”将发挥互联网的大数据、平台优势，在互联网技术上实现从报名到约车、约考的“网学车”服务，同时将学车电子教练融入驾 培全过程，尽快实现创建一个将驾校、考场、教练、学员等多种角色的网络平台，构建起新型的驾培物联网，打造我国互联网驾考驾培生态圈闭环，更好、更便捷的 服务于驾考驾培行业。 \n ', ''),
(437, '凤凰新闻：“电子教练”之父张全雷论智慧驾校发展趋势和美好前景', '\n[attach]106[/attach]\n摘要：近期，驾培行业最爆表的是什么？驾考改革？驾校招生？驾校转型升级？真正的答案：都不是！现在驾校老板和驾校教练员谈论最多的就是“驾校电子教练！”那么我们看看“驾校电子教练”之父张全雷如何看待它的诞生、它的社会价值和经济价值以及驾校的未来趋势！\n[attach]107[/attach]\n驾校电子教练之父张全雷：我们不仅仅是创业者更是思想者\n \n   张全雷在不同的场合说过，智慧驾校是未来的趋势，无论驾考如何改革，自学直考走向何方，驾校作为机动车驾驶员培训主战场的角色不会变，驾培行业的健康发展离不开正规驾校。\n \n   国家对驾考改革的“组合拳”至今仍未出完，但有些趋势已经明显确立，就是互联网驱动下的驾培市场模式开启了，学车人追求完美学车体验的诉求会越来越高了……标准化教学、导师级服务只有利用计算机智能化的应用才可以完美呈现，不厌其烦的重复教导学员、纠正学车时出现的错误，看似简单的重复教学，人工智能达到的效果是人无法替代和实现的。\n[attach]110[/attach]\n[attach]112[/attach]\n  电子教练在解放教练员的生产力上会远远超出人们的想象，就像第一次工业革命的蒸汽机出现一样解放了人的体能释放出人力劳动力无法想象的生产力和生产关系的改变。驾校电子教练只是“智慧驾校”补充的一部分也是智慧驾校发展的开始！  \n \n  由于驾校电子教练可以完美替代活人教练员教学或者说更好的教学，给学员更好的学车体验；一人多车的管理模式等经济价值体现。一个超大型驾校一年就可以节省教练员人工成本开支几千万甚至过亿，这无疑是驾校投资者的福音和积极应用驾校电子教练的动力所在。代替活人教练员，痛点变爽点也是提高服务质量的最好途径和手段。电子教练具备了一款感动人心产品的全部品质和优良基因。\n ', ''),
(438, '嘻哈学车创业团队荣获中国合肥青年创新、 创业大赛“创业先锋奖” ', '[attach]108[/attach]\n2016年 1月25日下午2时许，以“创客风采 荣耀登场”为主题的第三界中国合肥青年创新创业大赛颁奖仪式在合肥市市政府小会堂拉开帷幕。在隆重举行的青创赛创业之星颁奖典礼上，国华光电副董事长、嘻哈网络总经理张丽华、国华光电副总裁、嘻哈网络董事吴峻岭以及集团公司总裁助理杨利林带领的团队荣获“创业先锋奖” ，并以互联网投票第二名的好成绩使“嘻哈学车项目”家喻户晓，同时被评为网友10大最喜爱的创业项目。这一项目自2015年上半年着手研发，下半年上线并成功应用于车管所与驾校，适逢国务院88号文件的改革东风，深受主管单位和学车朋友的欢迎，赢得市场。\n[attach]111[/attach]省市领导步入颁奖大会会场及合肥市人民政府张庆军市长致辞\n 此次表彰“创业先锋”和“创业之星”中，既有立足当地、服务驾考驾培的本土创业代表，也有在外事业有成、反哺家乡的返乡创业典型;既有朴实的农民创业者，也有刚引进的海外留学回归人才。创业先锋艰苦奋斗的精神、勇创大业的魄力、回报社会的担当，引起现场观众的强烈共鸣，他们的先进事迹感染并激励着大家，现场不时响起热烈掌声。参赛项目主要包括成长创新和初创创意两大类，经历初赛、复审、决赛三个阶段，决赛产生的前10名项目创办人获评“创业先锋”。比赛前10名、前20名、前5名的项目，可分别享受合肥市政府专业对口扶持以及与资本对接的机会。 \n[attach]113[/attach] 洪泰基金联合创始人盛希泰做主题演讲\n为表彰创业先进，弘扬创业文化，造浓创业氛围，动员和激励各类创业主体踊跃投身创业实践，加快建设万众创新的创业合肥，合肥市委副书记、市长张庆军出席并讲话，共青团安徽省委书记李红，市委、共青团合肥市委员会等相关领导等出席，市全民创业工作领导小组成员单位主要负责同志等参加。颁奖大会还邀请了，洪泰基金创始合伙人盛希泰，海德资本集团董事、总经理，美国麻省理工学院教育委员会中国区主席、中国总面试官，云享客联合创始人石岚，阳光电源有限公司副总裁赵为，蝶恋、雀之恋CEO，2011全球十大网商崔万志做主题演讲。\n[attach]114[/attach][attach]115[/attach]\n\n ', ''),
(439, '嘻哈学车受邀参加第八届中国国际道路交通安全产品博览会', '      2016年8月29-31日，由中华人民共和国公安部、中华人民共和国商务部批准、中国道路交通安全协会主办的第八届中国国际道路交通安全产品博览会将在广州琶洲保利世贸博览馆(广州市新港东路1000号)举行，本届博览会以“一带一路、交通先行”为主题，采用国际专业博览会运作模式，着力为国内外道路交通安全领域的企业、交通管理部门提供深度交流和合作。\n[attach]116[/attach]\n[attach]117[/attach]\n      在此次博览会中，安徽国华光电技术有限公司、安徽嘻哈网络技术有限公司携自主研发的嘻哈学车电子教练、嘻哈学车网学车平台、国华光电机动车驾驶人考试系统及国华光电模拟考试系统应邀参展。\n      其中，嘻哈学车学员端服务于学员，可为学员提供便捷的在线学车一站式服务;嘻哈学车教练端服务于教练，能帮助教练掌握学员学习情况，并与学员实现信息互通，利用互联网资源整合能力帮助驾校整合零散资源;喱喱驾培云服务于驾校，嘻哈学车自媒体运营系统服务于驾培行业各端，为其提供品牌包装、市场推广、招生引流等全方位自媒体营销解决方案。   安徽嘻哈网络技术有限公司，是一家利用移动互联技术，以创新和用户体验为宗旨，专注于互联网驾考驾培行业的高新技术企业。公司将以创新的服务模式、独特的产品设计、领先的技术平台、完善的全行业解决方案以及共赢的开放合作理念，推动驾培行业的健康可持续发展。\n     在这次展会中，嘻哈网络董事长张全雷将对互联网学车模式、中国驾培行业现状和所面临的问题进行分享，并提出“互联网+”时代下的驾培行业一体化解决方案。 嘻哈学车希望能为您提供更好的服务与真实体验，现诚挚邀请您莅临展台(2号馆B036)参观指导!\n展位信息：A016号展馆\n展会时间：2016 年 8 月 29 日 - 31 日\n展会地点：广州琶洲保利世贸博览馆(广州市新港东路1000） \n ', ''),
(440, '新安晚报：驾校电子教练“今天的游戏规则不一样了，是迭代！”', '新安晚报安徽网合肥2月23日新媒体专电（记者 杨春梅）“今天的游戏规则不一样了，是迭代！”嘻哈网络技术公司CEO张全雷在首次在媒体公开说，在产品层面、技术层面、运营层面、服务层面、市场层面等不停地迭代尤为重要。\n[attach]119[/attach]\n 有人问驾校电子教练是不是可以坐等IPO？“不是。今天我和团队的心情，可能是危机感最强烈的时候。”张全雷把创业的过程形容为“速度与激情”。他说，在过去的一年到二年里面，嘻哈网络推出的“嘻哈学车”PK了10多个对手。然而今天的游戏规则是迭代，就像人的新陈代谢一样，只有新陈代谢越快，才能够升华越快，越快地跟重量级的对手比赛。\n\n    “作为一个中国互联网学车的移动互联网公司，我们每天运行的数据，是我们行业竞争对手规模的数倍。”张全雷表示，“我们先发制人的优势就是创新产品推出的比较快。”他举例说，驾校在改革时期面临很多痛点，对洪水般“自学自考”信息无从释手，像无头苍蝇一样找不到方向，我们嘻哈网络推出的“嘻哈学车”更像像打靶。打靶的人不停移动，靶也不停地动，要在几秒内匹配打靶的人和靶，这就是匹配的算法。“我们在中国10秒钟可能要匹配1000×1000，难度是非常大的。只有投入大，才能够承载这么大密度下的算法需求。我们还要做得更好，所以在人才迭代上，也是不停地召唤全球最顶尖的技术人才。”电子教练是继嘻哈学车之后解决驾校教练员不足或者说职业素养不够的一个补充，不会完全替代人工教练员。\n \n    张全雷介绍说，嘻哈学车在线教练已经突破7万人，预计今年年底在线教练员人数将达到30万甚至更多。“我们非常在意维护驾校用户的根本利益和管控能力以及驾校教练员的生活质量。”\n \n    有意思的是，张全雷与大家分享了帮助驾校招生的问题：“大环境让驾培行业暂时性出现招生困难，生源数量急剧下滑现状，嘻哈学车通过地推等手段在局部城市已经拥有了大量的下载量，使用嘻哈学车的驾校招生现状得到了根本的改善；自学直考对教练员的数量和质量要求特别的高，驾校面临着教练员人力资源问题，用工成本问题，这时推出驾校电子教练无疑对驾校是雪中送炭。”', ''),
(441, '第三届青年创新创业大赛嘻哈学车获得网友最喜爱项目', '       2016年1月25日，“阳光电源”杯第三届中国合肥青年创新创业大赛颁奖典礼在市政务中心小会堂隆重举行。市委副书记、市长张庆军出席典礼并讲话，团省委书记李红，市委副书记凌云，市人大副主任宋家伟，市政府副市长王翔，市政协副主席奚芝英，市政府秘书长柴修发等领导出席并颁奖。\n[attach]118[/attach]\n       张庆军说，合肥是一个具有优良创新基因和深厚创业土壤的城市，青年群体是最富活力，最具创造性的群体。从2015年的各项经济指标来看，创新创业已经成为带动合肥经济发展的新引擎，合肥市的“双创”工作也受到国家和社会的高度认同。希望广大青年创业者要抢抓机遇，奋发作为，敢为人先、开拓进取积极投身“双创”实践。全市各级各部门要高度重视和支持青年创新创业，提供更有利的条件，搭建更广阔的舞台，营造更良好的环境，兑现落实扶持政策，帮助解决项目、资金、技术、场所等难题，做好创新创业青年的“后台服务器”和“青春合伙人”。\n[attach]120[/attach]\n 据悉，本次大赛最终评选出创业组一、二、三等奖，创新组一、二、三等奖及网评组优秀项目和“创业之星”、“创业先锋”、“最具潜力奖”等单项奖。据了解，一、二、三等奖将获奖金总额最高10万元的现金奖励及相关政策扶持。\n\n  据团市委城市部负责人介绍，此次创新创业大赛自2015年9月份启动以来，共收到报名项目200余个，其中外地项目78个，涉及电子商务、互联网+服务、现代农业、软件开发等多领域。大赛期间，团市委组织还组织了“青年创客高校行”、“创业训练营”、“政策对接会”、“导师面对面”等系列活动，为青年搭建一个“零距离”与政策、资本对接的平台。', ''),
(442, '多家媒体报道：嘻哈电子教练：学员尖叫学车是一种很爽的体验', '[attach]123[/attach]\n摘要：当记者走进合肥八一驾校东环训练场，整个场地几十辆科目二教练车在有条不紊的进行着驾驶技能的实车练习，与以往不同的是，很少可以看到教练员在现场指挥。随后记者采访了刚刚练习结束的学员王妹女士，王女士告诉记者：“现在教我们练车的是一种叫电子教练的仪器，它完全代替了真人教练教学，用起来很爽，不再担心练习过程中犯错被教练批评了，而且会不厌其烦的指导、修正我们练习过程中出现的问题，指导我们按照正确的方式开车。”随后记者电话连线了“电子教练”生产厂家安徽嘻哈网络技术有限公司产品经理孟良工程师，孟经理告诉我们，电子教练并不是完全取代教练。在传统的方式中，一个教练使用一辆车教学，而使用“电子教练”可以3-5辆车同时教学，教练只需要在学员上车前简单的培训一下就可以自行上车进行练习了。\n[attach]124[/attach][attach]125[/attach]\n1、那么电子教练到底是一款什么样子的产品呢？\n嘻哈电子教练教考系统简称“电子教练”，是一款辅助教练教学，帮助学员更快、更好、更准确掌握驾驶技能的学车教学系统。“电子教练”希望在改善学车人实际练车体验感同时，也增加学车人接触高科技的机会，降低他们与考驾照时的“数码鸿沟”。\n“电子教练”由安徽嘻哈网络技术有限公司研发，拥有精确的卫星定位系统，能对教练车精确定位并实现与考试系统项目一致的评判功能，它利用车载工控机显示虚拟现实三维电子地图并具备自动化人工智能教学修正功能，具备各种科目练习景象和发声，直观明了的指导学车人进行驾驶技能练习，在指导业务上完全可以替代真人教练，同时它也能记录训练中的练习详情和练习成绩。在科目二实车教学中可以解放教练员的人力资源，也可实现一个真人教练同时管控3-5台教练车进行教学工作，为驾培单位增强教学资源力量、降低驾校运营成本、提高教学质量和考试通过率提供了强大的科技支持。“电子教练”运用虚拟现实及人工智能科技，确保学车人驾驶动作的正确，并实时记录练习过程和播报成绩，学员不仅随车就可以看到练习记录和成绩，而且可以通过嘻哈学车APP查看历史学车详细记录，帮助学员找到不足，提高训练针对性。学车人对此系统特别追崇，都非常乐于跟这位特别的教练进行练车。\n[attach]126[/attach][attach]128[/attach]\n2、电子教练优势特色\n1)精确的卫星定位系统，能实现与考试车完全一样的考试评判功能。\n2)自动化人工智能教学修正功能，具备各种科目练习景象和发声，直观明了的指导学车人进行驾驶技能练习，在指导业务上完全可以替代真人教练。\n3)具备虚拟三维电子地图，可以实时呈现教练车在训练场地中的位置。\n4)记录训练中的练习详情和练习成绩，不仅随车就可以查看，而且可以通过嘻哈学车APP查看历史学车详细记录，提高训练针对性。\n5)运用虚拟现实及人工智能科技，确保学车人驾驶动作的正确。\n6)科目二实车教学中可以解放教练员，实现一个真人教练同时管控3-5台教练车，为驾培单位增强教学资源力量、降低运营成本、提高教学质量和考试通过率提供强大的科技支持。\n7)成本适中，技术服务贴心，系统稳定可靠。\n 8)学员热烈追捧，乐于使用此系统进行练车。', ''),
(443, '张全雷：创业除了一腔热血外，还需要什么？', '摘要：“大众创业，万众创新”是李克强总理在2014年提出的概念。随着创业创新浪潮的展开，很多国内外精英选择创业，可“创业”这件关乎情怀与梦想的事情，是只要有一腔热血就可以吗？\n\n1月25日，在“第三届中国合肥青年创新创业大赛颁奖典礼”上，美国麻省理工学院 教育委员会中国区主席，中国总面试官，云享客联合创始人，海归创业者石岚为许多有着同样梦想的人分享了自己的感受“创业不仅仅是勇敢者的游戏，更是智者的深谋远虑”，以及“三势一才”的创业经验。\n[attach]122[/attach]洪泰基金创始合伙人：盛希泰代表创业导师作主题演讲/美国麻省理工学院教育委员会中国主席石岚\n石岚：创业除了一腔热血外，还需要坚持，创业者创业的动机是成功的关键，若你是为了实现社会价值去创业，在你遇到困难时就会坚持下去；若你创业的目的仅仅是为了赚钱，因为创业没有一帆风顺的，在遇到坎的时候你就会退缩，甚至放弃......\n\n一知“趋势”\n\n创业必须要了解趋势，知道为什么要选择这个领域。\n\n嘻哈学车创始人张全雷：古语有言“顺势而为”，现代也依旧是这个道理。以嘻哈学车本身为例，我们做互联网学车，选择先从泛IT领域切入，这是为什么呢？因为互联网+时代已经到来，互联网学车是互联网驾考驾培的基础，在李克强总理提出“大众创业，万众创新”后，泛IT人才的重要性越发彰显。因此，嘻哈学车所做的事情既符合了时代的趋势、国家的需求，更是改善国民学车、考驾照的民生工程，这就是嘻哈学车知晓并抓住的“趋势”。\n\n二明“优势”\n\n知道怎么去做，怎么才能做得优秀。\n[attach]127[/attach]安徽国华光电技术有限公司创始人兼董事长、嘻哈学车创始人张全雷（右一）\n现在在互联网学车市场中竞争对手也不少，但却都在嘻哈学车身后，这又是为什么呢？因为嘻哈学车一直都知道自己的优势在于“市场上唯一一家既拥有先进技术又懂驾考驾培的驾考设备公司”，所以嘻哈学车注重以最先进的技术使学车考驾照回归本质。因此，嘻哈学车以技术手段探索“如何让线上约车效果比线下好”，独创了在线预约教练车系统，并将在2015年6月全面上线安卓和苹果版本，进一步改善互联网学车感受。此外，我们还推出了在线选驾校报驾校等可选择业务，一直都走在业内的前面。\n三掌“走势”\n此外，作为创业者，你还需要知道怎么去布局。\n[attach]130[/attach]合肥市市委副书记、市政府市长：张庆军致辞\n例如去年，当行业内竞争者还瞄着驾培在线学习（题库）市场时，嘻哈学车已经在业内率先推出互联网在线约车平台，与其它学车平台不同的是，我们嘻哈学车APP是不设置障碍的可下载注册，行业第一家做到基于行业做到互联互通，实现即时信息服务学车人与驾校业务。我们要在全国深入布局，放眼世界，这才形成了嘻哈学车不断茁壮成长的持续动力。 \n四握“人才”\n如果说一个好的创业思路是骨架，那人才则是血肉，真正使之鲜活存在的根本。\n嘻哈学车一直注重人才的挖掘和培养。自去年获得天使投资后，嘻哈学车进一步加快了优秀人才的吸纳脚步，但以嘻哈学车目前极速发展的速度，人才缺口依然很大，也欢迎全国各地的人才加入到嘻哈学车的大家庭中。', '');
INSERT INTO `xh_user_action_history_data` (`history_id`, `associate_content`, `associate_attached`, `addon_data`) VALUES
(444, '互联网+”将让交通更智能', '国家发展改革委、交通运输部近日联合印发《推进“互联网+”便捷交通 促进智能交通发展的实施方案》，促进交通与互联网深度融合，推动交通智能化发展，为我国交通发展现代化提供有力支撑。\n\n《实施方案》明确，实施“互联网+”便捷交通重点示范项目27项，到2018年基本实现公众通过移动互联终端及时获取交通动态信息，掌上完成导航、票务和支付等客运全程“一站式”服务，提升用户出行体验；基本实现重点城市群内“交通一卡通”互联互通，重点营运车辆（船舶）“一网联控”；线上线下企业加快融合，在全国骨干物流通道率先实现“一单到底”；基本实现交通基础设施、载运工具、运行信息等互联网化，系统运行更加安全高效。\n\n在完善智能运输服务系统方面，《实施方案》提出，打造“畅行中国”信息服务，形成涵盖运输、停车、租赁、修理、救援、衍生服务等领域的综合出行信息服务平台，实现实时、多样化的信息查询、发布与反馈。\n\n加强智能交通基础设施支撑是关键基础。根据《实施方案》，我国将建设先进感知监测系统，形成动态感知、全面覆盖、泛在互联的交通运输运行监控体系。\n\n构建智能运行管理系统、健全智能决策支持系统是“重头戏”。《实施方案》明确，完善交通管理控制系统，提升装备和载运工具自动化水平，鼓励研发定制化智能交通工具，推进旅客联程联运和货物多式联运；健全智能决策支持系统，充分利用政府、企业、科研机构、社会组织等数据资源，挖掘分析人口迁徙、公众出行等特征和规律。', ''),
(445, '网约车合法，地方约车平台何去何从？', '新华社银川８月８日电（记者靳赫、白平）　　随着网约车合法身份得到明确，出租车市场无序竞争的状况有望改观。然而，地方性约车平台能否适应网约车合法后的市场变化？\n\n一年前，为抵御“滴滴”“优步”等网约车平台，银川１３家出租车公司联合推出地方性约车平台“９６１６６”，并要求所有出租车司机不得使用其他软件接单，双方因此形成水火不容之势。\n\n应对市场竞争，建立地方平台\n\n“２０１３年那会儿出租车这行好干，一个白班司机每天纯挣３００元；如今我们早上６点就出车，每天最少跑１０个小时，也就能挣２００元。”在银川大众出租汽车公司司机马建荣的记忆中，银川出租车行业由盛转衰，活越来越难拉，是最近两三年的事儿。\n\n在银川出租车行业巅峰时期，出租车户价格一度涨至７０多万元，如今，出租车户已跌至４０多万元。\n\n一些出租车司机反映，２０１４年，“滴滴”打车等相继进入银川市场，其后又接入私家车载客服务，给传统出租车行业造成较大冲击。出租车户价格下跌、司机收入下降，只是其中的影响之一。\n\n面对市场竞争，银川市１３家出租车公司选择“抱团取暖”，共同出资４００余万元，于２０１５年９月联合推出“９６１６６”本土约车平台，提高出租车服务水平，以此与“滴滴”等抗衡。\n\n银川市冰达出租公司副经理杨占福说：“银川市共有５３６４辆出租车，去年下半年，在网约车平台注册且比较活跃的私家车就已超过３０００辆，市场蛋糕就那么大，出租车开始‘吃不饱’。”\n\n打车软件“二选一”，市场遭遇尴尬\n\n用互联网技术升级出租车服务，“９６１６６”推出时不少市民叫好。但记者调查了解到，约车平台问世后，出租车公司随之规定，所有出租车司机只能使用该软件接单，若违规使用“滴滴”等其他软件，将给予处罚。\n\n如此一来，银川市出租车“触网”后又与当下流行的网约车平台隔绝开来。市民出行要么选择使用“９６１６６”约出租车，要么使用“滴滴”等约私家车，这种“二选一”的做法，使“９６１６６”带有浓重的对抗色彩。\n\n然而，由于资金、技术等因素制约，“９６１６６”运行中存在不足，诸如定位不准、程序莫名崩溃等问题，造成用户体验差，很多市民使用后感到效率低，因此不愿再用。\n\n虽然多次改进升级，但在“滴滴”等网约车平台的强势竞争下，“９６１６６”市场推广颇为艰难，不少出租车司机干脆放弃网络接单业务，服务车辆减少，加剧了“９６１６６”约车难。\n\n近日，记者在银川一处街头向“９６１６６”下单后，６分钟内没人接单，客服称记者所处地点周围没有空车。记者尝试第二次下单，继续等待１０分钟仍无出租车响应。可是，就在这段时间里，有７辆空出租车从记者面前驶过。\n\n银川运输有限公司永宁分公司司机李师傅向记者“吐槽”，以前还允许用别的软件，我每天用手机能接十几单活，现在用“９６１６６”一天都未必能接到一单，软件开着纯属浪费流量。乘客都被私家车抢走了，出租车经常空驶，有时跑几公里都拉不到一个人。\n\n地方约车平台，从对立到融合\n\n记者从“９６１６６”平台运营方宁夏大众电召出租股份有限公司获悉，到目前，“９６１６６”软件下载量为７．３万多次，每天约车成功次数为９００单左右。\n\n“银川市白、夜两班司机共１万多名，乘客数量也数以万计，从数据上看，‘９６１６６’目前的运营情况不理想。”银川市城市客运交通管理处副处长田新平说。\n\n“行内人都知道，‘９６１６６’是用来对抗我们的，可是本土约车平台不好用，能挡得住吗？”“滴滴”出行快车司机陈师傅如是说。\n\n业内人士认为，与“滴滴”“优步”等网约车平台相比，本土约车平台在服务水平上有差距。“９６１６６”人为地将出租车业务与网约车平台分割，其实质是造成壁垒。\n\n“互联网技术应用可助推出租车行业供需对接，减少空驶率，本土约车平台强行对立的做法不可取。传统出租车和网约车业务间有互补性。为此，传统出租车行业应针对自身存在的问题进行改革，使网约车平台与本土约车平台融合发展。”田新平说。', ''),
(446, '滴滴大兼并背后的资本霸权：烧钱规模堪比战争', '\n“一旦资本选定了谁，往后只会在其上不断加注，后来者是没有活路的，怎么都融不到钱。”当年被快的兼并的大黄蜂打车的一位创始人曾如此感慨。而正是遵循着“得资本者得天下”的丛林法则，快的在不久后成了滴滴的囊中物，且不久前滴滴又合并了优步中国，朝着一统江湖再近一步。\n \n按滴滴早期投资人、金沙江创投董事总经理朱啸虎所称，为“以打促合（并）”，滴滴及优步中国的“战备”融资规模最终或许会达到300亿美元。\n \n正如上证报昨日刊发的独家报道《滴滴股权迷雾》所披露，在这个庞大的数字背后，是滴滴借助VIE架构拼命吸纳资本、兼并扩张，打造产业帝国的“既定路线”。但是，以逐利为先的资本终将谋求收割，在滴滴实现一家独大的格局后，产业生态会发生怎样变化，谁又会成为这个“饥饿游戏”的最终买单者？\n \n“烧钱”规模堪比一场战争\n \n8月初，当滴滴与优步中国合并、Uber全球及滴滴将相互持股的消息被公布时，朱啸虎第一时间表示：“终于宣布了。”\n \n“我三年前到访Uber全球旧金山总部时，就曾建议TK（Uber创始人兼CEO特拉维斯·卡拉尼克）投资获得滴滴5%的股份，把中国市场完全交给滴滴，可惜当时TK胃口太大！”朱啸虎透露。\n \n那是在2013年，在完成来自腾讯的B轮融资后，滴滴的C轮融资遭遇阻击。在美国“找钱”期间，朱啸虎和滴滴创始人兼董事长程维抱着“试试看”的想法登门拜访TK。但是，TK提出的报价是要持有滴滴40%股权，双方自然无法达成共识。\n \n此后，滴滴与优步中国展开“烧钱大战”。今年6月初，在滴滴总裁柳青宣布滴滴新一轮融资超过35亿美元时，朱啸虎便喊出“整军备战！”他当时估计：滴滴与优步中国已累计融资超过200亿美元，“战争”结束前估计会融资300亿美元。这相当于美军在第一次海湾战争花费的1/3。\n \n在网约车行业，“烧钱大战”一方面烧出了行业壁垒，资金实力不够雄厚的公司要么无法入场，要么最终只能旁观。另一方面，最终玩家滴滴和优步中国也均耗资巨大，双方面临的形势瞬息万变，压力与日俱增。\n \n以最终结果看，开战是为了和谈。朱啸虎曾在其朋友圈对此役作出总结：和平是打出来的！且滴滴谈和的资金筹码越来越多，去年和快的合并时是7亿美元，今年则是这个数字的十倍以上，没有这些筹码，连谈和的资格都没有。\n \n大佬身影下的“选边站队”\n \n再向前溯，依靠80万元创业，花8万元外包开发了一个演示意义大于实际意义的打车软件，然后找主流风险投资机构融资，开口就是500万美元。这就是滴滴出行创始人程维以及天使投资人王刚2012年所做的事情。此后，是朱啸虎所在的金沙江创投给了滴滴300万美元的A轮融资。\n \n到2013年，在北京海淀区苏州桥附近的白家大院——一家颇有特色的仿宫廷式餐厅——腾讯方面约程维、王刚等人见面谈融资。后来，腾讯董事局主席马化腾也专门跟程维面谈。腾讯表现得志在必得，对于滴滴方面王刚、程维提出的条件，基本上全部答应下来。\n \n根据市场态势，要在国内互联网行业创业，迟早都会面对百度、阿里巴巴、腾讯这三个大佬。起初，对于是否接受腾讯的融资，程维、王刚曾犹豫不决，主要原因就是不想过早地选边站队。\n \n在一家足疗店里，程维和王刚讨论一番之后，最终决定接受腾讯领投1500万美元的B轮融资方案，“活下去是最重要的”。但王刚没有忘记提醒程维，“我们的这个决定是要付代价的。”\n \n王刚的提醒得到应验。滴滴的C轮融资计划遭遇了来自阿里巴巴的阻击。朱啸虎曾对外称，纽约所有答应与滴滴方面商谈的投资人都推脱了，甚至有签了投资协议的投资人也拒绝投资。\n \n直到2013年底，中信产业基金领投，滴滴完成了C轮融资，融资困局才被打破。丛林法则 后来者难有活路\n \n化险为夷，滴滴成为资本的宠儿。但是，江湖里更多的是资本弃儿。如今已归属滴滴的大黄蜂打车就是弃儿之一，只不过它的名字偶尔还会被人记起。\n \n滴滴起初遭遇的融资阻击，大黄蜂打车同样遭遇过。\n \n大黄蜂打车的主要创始人黎勇劲曾是土豆网CFO，曾主导土豆网成功在纳斯达克上市并与优酷合并。2013年1月，黎勇劲和土豆网前副总裁邓薇等人在上海一起创办了大黄蜂打车。\n \n刚亮相一个多月，大黄蜂打车就覆盖了上海超过20%出租车司机，日下单量突破1万单，平均接单成功率85%。一切看起来顺风顺水，黎勇劲还表示，移动互联网时代后来者弯道好超车。\n \n从时间上看，快的、滴滴的上线时间要早几个月，大黄蜂打车属于“后来者”。而后来的事实表明，作为“后来者”的大黄蜂打车成了一家“快公司”。2013年11月22日，快的宣布收购大黄蜂打车。\n \n对于存在还不到一年的大黄蜂打车被出售的原因，交易双方当时的表述都语焉不详。只有作为大黄蜂打车创始人之一的邓薇，在接受媒体采访时曾诉苦道：“一旦资本选定了谁，往后只会在其上不断加注，后来者是没有活路的，怎么都融不到钱。”\n \n曾挑起“烧钱游戏”的大黄蜂打车被收购了，曾在2014年年初掀起“滴滴+微信支付”与“快的+支付宝”补贴大战的滴滴、快的，在2015年初合并了。\n \n当时的那一役，滴滴、快的背后的腾讯、阿里巴巴更是站到前台直接参战。补贴大战之初，程维找到腾讯本想要几百万推广预算，腾讯爽快地给了滴滴几千万。补贴大战斗到中盘，滴滴的40台服务器扛不住，腾讯连夜支援滴滴1000台服务器。\n \n据王刚后来回忆，当时在国外休假的滴滴投资人，心情一下子变得沉重，所有投资人本能反应都是极不愿意烧钱，但又不得不决定继续战斗。\n \n资本收割季节 谁将买单\n \n完成与快的合并后，滴滴又得直面优步中国这个更强劲的对手。一番大战的结局，是滴滴和优步中国最终也上演了一场合并大戏，这更是双方背后资本实力较量的结果。朱啸虎曾经分析称：“Uber全球董事会给TK施加了很大压力，希望他尽快盈利，不能继续烧钱，这也是很重要的原因。”\n \n在资本市场上，投资机构遵循“募、投、管、退”的四阶段运作逻辑。无论是优步中国还是滴滴，其各自股东名单里都已经聚满众多大牌的资本玩家。\n \n投后管理是创投全程中重要的一环，但是话语权掌握在大玩家手中。一家参与过滴滴融资的创投公司负责人告诉上证报记者：“在这个项目中，我们所占的股权微乎其微，基本没有参与投后管理。”\n \n投资人时常将创业者扶上马，再送一程。但是，他们都不是慈善家，多数也并不追求战略利益。对于他们来说，投资滴滴、优步中国均已经走完“募、投、管、退”全程的四分之三。接下来，推动优步中国和滴滴上市是资本完成退出，实现高溢价获利的必然选择。此前，就有外媒援引知情人士消息称，滴滴考虑于2018年在美国上市。一位参与滴滴融资的机构人士也对记者表示，按照目前的设计，滴滴应该是寻求美股上市。\n \n与此同时，在“烧钱大战”过后的网约车市场，滴滴的一家独大将带来怎样的生态巨变，或许不是资本要考虑的问题。但对一家拟上市企业来说，赚钱应比烧钱更重要，这可能也意味着，随着只有一人幸存的“饥饿游戏”接近尾声，寻找买单者的时刻即将到来。（上海证券报）\n ', ''),
(447, '驾改改了什么，创新了什么，我们集体陷入误区', '摘要：互联网学车、互联网驾校、先学后付、抱团取暖、连锁经营筹，我们中国人发挥出最大的聪明才智，把好的、坏的商业模式创造得让人眼花缭乱。可是，这种创新再多，也只是在驾校培训服务领域里的东西，都无关中国驾培经济乃至中国经济的根本，因为能够拯救驾培经济乃至中国经济的根本性创新——生产领域里的科技创新被我们忽视了，被我们遗忘了，甚至我们还没有本事把它们创造出来，只有少数的企业（行业内国华光电、嘻哈网络)、大了说格力、华为、中兴等）能为中国挽回一点局面。\n\n我们不仅把创新的精力放到了提高驾校的服务上面，而且把创新的资本也放到了提高培训服务上面，于是，支撑驾培经济甚至支撑中国驾培服务业的实体产业出现了前所未有的艰难。驾改浪潮我们从业者创新什么？创什么业？我们集体陷入误区，以为大力推动服务转型就可以让中国的驾培经济好起来，大力推动互联网学车就可以改变现状？其实，没有了驾校实体产业，互联网学车服务也不会走得太远，皮之不存，毛将焉附？这就是董明珠对马云说的：实体企业不生产东西了，你们也就完蛋了！从另一个角度看，实体产业和服务业的关系就如同一个家庭和保姆的关系，只有这个家庭有了盈余才能请保姆，没看见哪个家庭饭都吃不上就请个保姆回家的。\n \n我们不要觉得发达国家互联网服务业发达，就拼命追逐服务转型，并把没有扎实的驾培实体经济根基的服务业当成救命的稻草；我们也不要以为发达国家的驾培都是一步直奔服务业的，他们都是在驾校实体经济发达以后才有发达的互联网服务业的。像美国，他们驾培差不多只剩服务业了，但这不意味着他们没有发展过实体驾培产业，而恰恰是它的实体产业超发达之后，才有资格、有能力让互联网学车服务发达起来。所以，我们不要忘记我们处在哪个阶段，在我们目前这个阶段上，我们只有把更多的精力和资本放到驾校实体经济上，利用科技创新产品，比如嘻哈学车电子教练解放劳动力，释放产能上面，中国驾培才有希望，未来的中国驾培服务业才有希望。\n \n政府号召我们驾改创新，结果我们都盯住了转型驾培服务，却忘记了驾改的本质，也没有意识到驾改和互联网不是驾校招生锐减的“原罪”；政府号召我们驾改，结果我们都涌入了改变服务，却没有认真的思考驾培产业的格局如何从塑，甚者，有些驾校经营者想出手转让驾校，而不是在危机时发现生机去并购驾校，剩者为王，看谁坚持到底。现在的情况是，不仅新进入的驾校举办者不在驾培实体经济领域去思索，行业资深从业者也不在驾培实体经济领域。如果你在中国遇见驾培创业者，你会发现，100个创业者会有99个都在谈互联网、服务、招生、竞争等话题，中国的驾培实体经济已经被创业者特别是新生代创业者彻底抛弃了。为什么会是这样？因为中国的产业导向、人才导向和资金导向等有问题，所以驾校实体企业已经不在躺着赚钱；因为科技驱动发展眼前投入比较大、改变经营观念难度大，投入产出比周期相对较长。当代的中国人喜欢赚快钱，喜欢赚容易的钱，正因为如此，中国驾培实体企业面临危机，中国驾培实体企业家后继乏人。\n \n于是，我担忧起来，如果我们中国驾培人都热衷于商业模式的创新，都去转型服务而忽略了科技驱动实体发展的核心问题，那么中国驾培的经济的未来在哪里？当我们改革开放第一代驾培实业企业家离去的时候，谁来继承他们的事业？不，当我们改革开放30多年后的今天驾培经济出现拐点需要突破的时候，谁来让中国的驾培实体经济迈上一个新的台阶？看着发达国家都是用高科技和高端制造业来征服世界的时候，我们却是用苟延残喘的“小米加步枪”和眼花缭乱的商业模式来一比高低，这让人很着急。2016年在世界500强企业里，没有一家涉及到中国驾培和中国驾培企业。当我们看到这些，我们还会为我们创新了世界上36%的商业模式而自豪吗？\n ', ''),
(448, '滴滴出行正式宣布收购优步中国', '腾讯科技讯 8月1日，滴滴出行宣布与Uber全球达成战略协议，滴滴出行将收购优步中国的品牌、业务、数据等全部资产在中国大陆运营。这一里程碑式的交易标志着中国共享出行行业进入崭新的发展阶段。\n据悉，双方达成战略协议后，滴滴出行和Uber全球将相互持股，成为对方的少数股权股东。\nUber全球将持有滴滴5.89%的股权，相当于17.7%的经济权益，优步中国的其余中国股东将获得合计2.3%的经济权益。\n滴滴也因此成为了唯一一家腾讯、阿里巴巴和百度共同投资的企业。同时，滴滴出行创始人兼董事长程维将加入Uber全球董事会。Uber创始人Travis Kalanick也将加入滴滴出行董事会。\n滴滴出行创始人兼CEO程维表示，与Uber的合作，将让整个移动出行行业走向更健康有序、更高层次的发展阶段。\n未来，优步中国将保持品牌和运营的独立性，司机和乘客继续获得稳定服务。滴滴出行将整合双方团队在管理和技术上的经验与专长，在用户资源、线上线下运营和营销推广等层面共享资源、协同发展。\n同时，滴滴出行亦会倡导内部竞争和相互促进，以更加精细化、多元化的创新服务，满足消费者日趋丰富的出行需求，持续提高司机收入。\n滴滴出行还将与监管机构紧密合作，持续进行市场培育；创造健康有序的行业生态，为中国的经济增长和就业转型做出更加积极的贡献。\n滴滴出行总裁柳青表示，超过一千五百万司机和三亿注册用户已经加入滴滴社群，共同搭建将人、车、交通和生活方式互联互通、开放共享的生态圈。优步中国人才和经验的加入，将让我们能更好服务中国人的需求。滴滴也将继续积极拓展国际化策略。我们期待与海内外伙伴深入合作，为行业、乘客和司机创造更多价值。\n同时，滴滴出行也将加快“扬帆出海”和国际化步伐，从人才结构、技术储备和业务布局上全面开始走向全球化。除将继续与全球伙伴合作打通本地优势资源外，滴滴还将进一步推进进入其他海外新兴移动出行市场，如港澳台地区、日本、韩国、欧洲、俄罗斯等地。而为了在人工智能、大数据领域能够和全球竞争，滴滴已经在硅谷建立了硅谷研发中心，并考虑在英国、俄罗斯建立类似的研发中心，在全球招揽世界顶尖人才。\n7月28日，中国交通运输部等7部委发布《网络预约出租汽车经营服务管理暂行办法》宣布网约车合法，这也是全球范围内第一部国家级的网约车法规。滴滴出行表示，此次历史性的合作将成为中国移动出行行业把握机遇、实现澎湃增长动能的新起点；滴滴出行将致力于进一步发展“潮汐战略”，通过大数据的深入挖掘与应用，智能调配体系连接多种交通工具，不断提升平台效率，降低成本，让出行变得更加高效便捷。同时，滴滴出行已经构建了一个世界领先的智能交通云，希望通过与相关公共部门和科研机构合作，为城市的交通体系和城市发展创造更大的社会价值。\n中国正在进行全球历史上最大规模的城镇化进程，在国家“互联网+”和鼓励创新的政策激励下，共享经济蓬勃发展。作为一种创新业态，互联网分享经济通过大数据驱动的创新科技，革新了中国人的出行方式，成为解决城市交通、环保问题和就业挑战的重要力量，中国的移动出行市场已经展示出无可比拟的巨大潜力。以滴滴出行为例，目前该平台提供了超过1300万灵活就业机会，直接充分就业超过100万，日服务乘客达1600万人次。“然而相对于八亿的城市人口规模，滴滴目前的渗透率亦仅为1%左右，整个移动出行行业才刚刚起步，滴滴期待与全球合作伙伴一起携手共赢、创造未来”。', ''),
(449, '长三角青年创新创业联盟大会昨日在沪成立，嘻哈网络成首届会员', '      8月23日，上海市政府合作交流办、长江三角洲城市经济协调会在沪共同举办了“长三角青年创新创业联盟成立仪式暨第一期长三角青创训练营开营仪式”。成立仪式上，上海市政府合作交流办领导、上海团市委领导分别致辞。嘻哈学车创始人CEO张全雷作为合肥首批纳入创业联盟项目库的优秀青年参加会议。\n[attach]134[/attach]\n      长三角青年创新创业联盟是经长三角协调会第16次市长联席会议上批准成立的区域性创新创业类合作联盟。联盟由长三角协调会、上海市政府合作交流办牵头成立，联合长三角协调会各成员城市政府部门、团组织和相关企业共同参与，致力于集聚30个城市的创新创业力量，着力为长三角地区的青年创业者打造创新创业服务的生态闭环。联盟在成立以后的工作重心将放在构建长三角青创项目库、长三角青创导师团、长三角青创基地群即‘一库一团一群’的服务平台上，并通过定期举办长三角青创高峰论坛、长三角青创训练营、长三角青创巡演周、长三角青创项目对接会等活动，努力成为长三角经济圈的创业服务标杆。\n      随着联盟的成立，第一期长三角青创训练营也将正式开营。来自整个长三角地区40余名创业者将参与创业培训。创业联盟期望以此为来自长三角地区的青年创业者提供学习交流的机会和平台，为他们营造更好的成长孵化环境，打造更实的创新创业服务机制。\n      嘻哈学车致力于互联网学车，我们将借助这次会议提供的良好环境，敢于创新、敢于挑战、敢于尝试，真正的利用技术引领驾校走进智能时代。', ''),
(450, '南新华参观考察嘻哈网络刚刚整装下线的电子教练项目', ' 7月11日下午，北京新华德御董事长南新华参观考察嘻哈网络，嘻哈网络董事长张全雷带领集团高管汇报嘻哈网络的发展，值得关注的是南新华在嘻哈虚拟机器人“电子教练”核心研发人员的陪同下上车实际体验了驾校电子教练，并给予了高度的评价，同时也提出了许多宝贵的建议。[attach]137[/attach][attach]133[/attach]\n南新华是7月11日参加在皖驾校金牌教练班培训后，应安徽国华光电技术有限公司、安徽嘻哈网络技术有限公司董事长张全雷邀请到合肥“嘻哈网络”总部及嘻哈虚拟机器人教练基地参观考察的。\n \n    南新华，中国第一家专门从事驾校经营管理研究的专业公司“北京新华德御管理咨询有限责任公司”董事长兼总经理，国内关注驾校教练员队伍素质提升的首本著作、驾校教练员培训第一书《驾校教练员五项修炼》的作者，国内第一本致力于提升驾校经营管理的著作《驾校经营方略》的作者，中国驾培行业主要交流平台《中国驾校管理》网站的创办者，新浪网“驾校经营方略”博客的博主，备受国内驾培行业广泛专注的《王牌教练员十关培训营》的创始人，国内公认的最具影响力的实战派驾校经营管理和驾驶培训专家。[attach]135[/attach[attach]136[/attach][attach]138[/attach]\n ', ''),
(451, '国华网：热烈祝贺嘻哈学车在青年创新创业大赛上荣获大奖', '[attach]139[/attach][attach]140[/attach]\n ', ''),
(452, '驾校培训电子化、收费方式多样化时代已经到来', '摘要：驾培从半垄断半官方市场经济走向多元化市场经济时代趋势不可逆转，未来我们驾校举办者如何看待驾校和学车人的关系成为我们驾培人和驾校兴亡的关键所在，多元化驾培市场经济带来哪些改变，我们准备好了吗？\n \n一、驾培市场的主体单位还是驾校吗？\n \n以往驾培市场的主体单位单纯到只剩下驾校，“包办”是服务的主要模式。一次性缴费，包会、包拿驾照，是一种很单一的存在方式；那么，以后的驾培市场就大不一样了，特别是互联网时代的到来以及国家88号文件的出台，起到的推波助澜作用力，势必会导致驾校业态的巨变。现在我们很多驾培人谈网色变，把驾培行业存在模式的颠覆性变化归罪于“互联网”，其实不然，确切的说应该是因互联网时代的到来改变了人类生存习惯和消费方式导致的格局重塑。\n互联网时代的最大特征就是催生了“懒人经济”，特别是服务型行业尤为突出。怎么样做的让人“变懒”，吸引的消费者就会越多，如何做的让人“懒的很舒服”聚集的消费者就会越来越多，也就是我们所说的“粉丝经济”。当然，粉丝经济的玩法也五花八门，让我们驾培人无法适从。说到这里，我们言归正传来谈谈未来驾培市场的“主体”是什么？139号令驾改的推动，互联网时代的洗礼，让驾培经济主体变的多元化，扁平化，碎片化势必产生“一点一线”的利益链分配模式和学车生态，我们驾培人只要做好其中的一个环节也就是OK了，多环节经营势必会导致服务质量无法保证，形同虚设只是口号，导致走老路永远到不了新地方的窘境。\n以驾校为主体的驾培市场必将迎来：“互联网＋教练”，“互联网＋驾校”，“互联网平台＋驾校”等多样化存在模式，以后还会衍生出“互联网＋私家车”等多元化发展模式和产业格局从塑。驾培市场从乱象丛生到百花齐放时代即将到来，我们无法回避。驾校走轻资产道路，连锁化经营战略必将迎来繁荣时代，也就是说所谓的分享经济谁先琢磨透了、谁先行动了谁就是未来驾培的主人。\n \n二、收费方式多样化看谁的腰包？\n \n以往的驾培基本上是一次性收费，近一年来也有采取基本学费加计时收费的方式，即便这种方式还是单一的盯着学员的腰包，这也是行业的进步。以后的市场大环境变了，我们可以盯着的腰包就变的越来越多了，我们的眼睛不仅仅只盯着学员的腰包，还要看着教练员的腰包，互联网平台的口袋还有“私家教练的口袋”。\n驾校的教练员利用互联网学车平台自主招收学员，钱进了教练员的口袋，我们可以通过驾校的基础设施服务把费用分流出来；学员的钱进了互联网学车平台，我们可以通过合作把费用分成出来，学员的钱进入了私家车陪练的口袋，我们可以资源共享把费用赚取回来。无论如何，学车都离不开驾校和驾校与生俱来的基础设施，这是我们驾校的天然优势。驾校boss们准备掏谁的腰包，您瞅准了吗？\n \n三、如何利用现有条件谋略胜利？\n \n存在形式就全国驾校来看，差异非常大。各有千秋、各有利弊，如何能在新的业态用完胜的谋略决策驾校的战略布局，这个是关键。战略决定布局，那么我们的战略是什么？如何布局势必影响着驾校的未来。就像我们做产品一样，没有一样技术是完美的，只有多种有效技术融合起来，才可以做出优秀的产品，那么驾校经营存在模式也是一样，没有格式化的套路。比如北京的东方时尚驾校和海淀驾校，大块头的集中培训基地让他们成为中国驾校的航母，那也是因为北京客观情况塑造的。在北京城区寸土寸金的土地资源，是导致驾校城外生长，集中地块的主要原因。当然，他们也是成功模式的一种，但这种模式仅仅是在一线城市才会更好的生根发芽成长和发展。\n合肥，一个主城区拥有近400万人口，几个城市副中心拥有约400万人口的二线城市，驾培的业态与模式若按照北京等一线城市的战略布局，也许就不会如此幸运了。这样的城市更适合“碎片化分布，学员就近学车”的战略布局，军英八一驾校就成功的运用了这种“星星之火可以燎原”的战略布局，争得了安徽驾培第一大户。所以说，第一不是封的，第一是靠争的，这个争就是战略和布局。\n驾校，还有一个战略布局也很重要：就是如何梳理现有驾校的HR架构，如何把人力资源成本降到最低，实现开源节流盈利两头盈利，那就驾校的电子化建设，如何利用学车电子教练替代人工培训，是驾校大幅度减少开支的又一战略布局，做好了省下都是白花花的银子。\n总之，驾培市场已经发生了翻天覆地的变化，格局从塑历史节点已经到来，作为驾校的掌舵人，你准备好了吗？', ''),
(453, '网约车经营服务管理暂行办法出台 九大看点解读-新华网汽车频道', '新华网北京7月28日电 今日下午，国务院新闻办公室举行发布会，交通部、公安部、国家质检总局等部门有关负责人介绍了《关于深化改革推进出租汽车 行业健康发展的指导意见》(以下简称《指导意见》）、《网络预约出租汽车经营管理暂行办法》(以下简称《暂行办法》)的相关情 况并回答记者提问。\n \n    据交通运输部副部长刘小明透露，历经两年时间，经过多轮反复讨论、修改，最终形成了《关于深化改革推进出租汽车行业健康发 展的指导意见》和《网络预约出租汽车经营服务管理暂行办法》。\n \n    《指导意见》的主要任务体现在六个方面：一是科学定位出租汽车服务。二是深化巡游车改革。三是规范网约车发展。四是鼓励私 人小客车合乘。五是营造良好的市场环境。六是落实属地管理责任。\n \n    另外，根据改革的总体思路配套起草的《暂行办法》，确定了网约车高品质服务、差异化经营的发展定位，规定了平台公司承运人 责任及平台公司、车辆和驾驶员应该具备的条件，并对平台公司经营行为、车辆报废、驾驶员专兼职从业、部门联合监管等事项作 出了具体规定。此外，依据有关法律法规的规定和行政处罚的权限范围，明确了相关的法律责任。\n \n    此次修改后的《暂行办法》共分7章40条，涵盖总则、 网约车平台公司、网约车车辆和驾驶员、网约车经营行为、监督检查、法律 责任，以及附则等7方面内容。以下为主要看点：\n \n    一、从事网约车经营的车辆: 发放《网络预约出租汽车运输证》\n \n    拟从事网约车经营的车辆，应当符合以下条件：\n \n    （一）7座及以下乘用车；\n \n    （二）安装具有行驶记录功能的车辆卫星定位装置、应急报警装置；\n \n    （三）车辆技术性能符合运营安全相关标准要求。\n \n    车辆的具体标准和营运要求，由相应的出租汽车行政主管部门，按照高品质服务、差异化经营的发展原则，结合本地实际情况确定。\n \n    服务所在地出租汽车行政主管部门依车辆所有人或者网约车平台公司申请，按规定的条件审核后，对符合条件并登记为预约出租客运的车辆，发放《网络预约出租汽车运输证》。\n \n    二、从事网约车服务的驾驶员须具有3年以上驾驶经历\n \n    《暂行办法》规定， 从事网约车服务的驾驶员，应当取得相应准驾车型机动车驾驶证并具有3年以上驾驶经历，无交通肇事犯罪、 危险驾驶犯罪记录，无吸毒记录，无饮酒后驾驶记录，最近连续3个记分周期内没有记满12分记录，无暴力犯罪记录以及城市人民政 府规定的其他条件。\n \n    三、网约车行驶里程达到60万千米时强制报废 年限达到8年时退出网约车经营\n \n    《暂行办法》规定网约车行驶里程达到60万千米时强制报废。行驶里程未达到60万千米但使用年限达到8年时，退出网约车经营。 小、微型非营运载客汽车登记为预约出租客运的，按照网约车报废标准报废。其他小、微型营运载客汽车登记为预约出租客运的， 按照该类型营运载客汽车报废标准和网约车报废标准中先行达到的标准报废。\n \n    四、网约车平台公司与驾驶员签订多种形式的劳动合同或者协议\n \n    《暂行办法》规定网约车平台公司应当保证提供服务的驾驶员具有合法从业资格，按照有关法律法规规定，根据工作时长、服务频次等特点，与驾驶员签订多种形式的劳动合同或者协议，明确双方的权利和义务。网约车平台公司应当维护和保障驾驶员合法权益，开展有关法律法规、职业道德、服务规范、安全运营等方面的岗前培训和日常教育，保证线上提供服务的驾驶员与线下实际提供服务的驾驶员一致，并将驾驶员相关信息向服务所在地出租汽车行政主管部门报备。\n \n    五、打击价格违法行为 明码标价 提供出租汽车发票\n \n    《暂行办法》规定网约车平台公司应当合理确定网约车运价，实行明码标价，并向乘客提供相应的出租汽车发票。 网约车平台公司不得妨碍市场公平竞争，不得侵害乘客合法权益和社会公共利益。 网约车平台公司不得有为排挤竞争对手或者独占市场，以低于成本的价格运营扰乱正常市场秩序，损害国家利益或者其他经营者合法权益等不正当价格行为，不得有价格违法行为。\n \n    六、网约车平台公司可在注册地以外经营 需提交能力认定结果\n \n    申请从事网约车经营的，应当根据经营区域向相应的出租汽车行政主管部门提出申请，并提交以下材料：\n \n    （一）网络预约出租汽车经营申请表（见附件）；\n \n    （二）投资人、负责人身份、资信证明及其复印件，经办人的身份证明及其复印件和委托书；\n \n    （三）企业法人营业执照，属于分支机构的还应当提交营业执照，外商投资企业还应当提供外商投资企业批准证书；\n \n    （四）服务所在地办公场所、负责人员和管理人员等信息；\n \n    （五）具备互联网平台和信息数据交互及处理能力的证明材料，具备供交通、通信、公安、税务、网信等相关监管部门依法调取查询相关网络数据信息条件的证明材料，数据库接入情况说明，服务器设置在中国内地的情况说明，依法建立并落实网络安全管理制度和安全保护技术措施的证明材料；\n \n    （六）使用电子支付的，应当提供与银行、非银行支付机构签订的支付结算服务协议；\n \n    （七）经营管理制度、安全生产管理制度和服务质量保障制度文本；\n \n    （八）法律法规要求提供的其他材料。\n \n    首次从事网约车经营的，应当向企业注册地相应出租汽车行政主管部门提出申请，前款第（五）、第（六）项有关线上服务能力材料由网约车平台公司注册地省级交通运输主管部门商同级通信、公安、税务、网信、人民银行等部门审核认定，并提供相应认定结果，认定结果全国有效。网约车平台公司在注册地以外申请从事网约车经营的，应当提交前款第（五）、第（六）项有关线上服务能力认定结果。\n \n    七、打击网约车平台非法收集、存储、处理和利用有关个人信息\n \n    《暂行办法》规定通信主管部门和公安、网信部门应当按照各自职责，对网约车平台公司非法收集、存储、处理和利用有关个人信 息、违反互联网信息服务有关规定、危害网络和信息安全、应用网约车服务平台发布有害信息或者为企业、个人及其他团体组织发 布有害信息提供便利的行为，依法进行查处，并配合出租汽车行政主管部门对认定存在违法违规行为的网约车平台公司进行依法处 置。\n \n    各有关部门应当按照职责建立网约车平台公司和驾驶员信用记录，并纳入全国信用信息共享平台。同时将网约车平台公司行政许可 和行政处罚等信用信息在全国企业信用信息公示系统上予以公示。\n \n    出租汽车行业协会组织应当建立网约车平台公司和驾驶员不良记录名单制度，加强行业自律。\n \n    八、网约车平台法律处罚：10000元以上30000元以下罚款\n \n    有下列行为之一的，由县级以上出租汽车行政主管部门责令改正，予以警告，并处以10000元以上30000元以下罚款；构成犯罪的， 依法追究刑事责任：\n \n    （一）未取得经营许可，擅自从事或者变相从事网约车经营活动的；\n \n    （二）伪造、变造或者使用伪造、变造、失效的《网络预约出租汽车运输证》《网络预约出租汽车驾驶员证》从事网约车经营 活动的。\n \n    第三十五条 网约车平台公司违反本规定，有下列行为之一的，由县级以上出租汽车行政主管部门和价格主管部门按照职责责令 改正，对每次违法行为处以5000元以上10000元以下罚款；情节严重的，处以10000元以上30000元以下罚款：\n \n    （一）提供服务车辆未取得《网络预约出租汽车运输证》,或者线上提供服务车辆与线下实际提供服务车辆不一致的；\n \n    （二）提供服务驾驶员未取得《网络预约出租汽车驾驶员证》，或者线上提供服务驾驶员与线下实际提供服务驾驶员不一致的 ；\n \n    （三）未按照规定保证车辆技术状况良好的；\n \n    （四）起讫点均不在许可的经营区域从事网约车经营活动的；\n \n    （五）未按照规定将提供服务的车辆、驾驶员相关信息向服务所在地出租汽车行政主管部门报备的；\n \n    （六）未按照规定制定服务质量标准、建立并落实投诉举报制度的；\n \n    （七）未按照规定提供共享信息，或者不配合出租汽车行政主管部门调取查阅相关数据信息的；\n \n    （八）未履行管理责任，出现甩客、故意绕道、违规收费等严重违反国家相关运营服务标准行为的。\n \n    九、网约车驾驶员处罚：50元以上200元以下罚款\n \n    网约车驾驶员违反本规定，有下列情形之一的，由县级以上出租汽车行政主管部门和价格主管部门按照职责责令改正，对每次违法 行为处以50元以上200元以下罚款：\n \n    （一）未按照规定携带《网络预约出租汽车运输证》、《网络预约出租汽车驾驶员证》的；\n \n    （二）途中甩客或者故意绕道行驶的；\n \n    （三）违规收费的；\n \n    （四）对举报、投诉其服务质量或者对其服务作出不满意评价的乘客实施报复行为的。\n \n    网约车驾驶员不再具备从业条件或者有严重违法行为的，由县级以上出租汽车行政主管部门依据相关法律法规的有关规定撤销 或者吊销从业资格证件。', ''),
(454, '嘻哈国华已成为全国唯一一家驾考驾培系统     整体解决方案供应商', '      国华网发表社论：由安徽国华光电技术有限公司、安徽嘻哈网络技术有限公司推出的针对驾考、驾培行业驾驶人考试、驾驶人培训系统整体解决方案已经在行业系统集成公司率先完成。\n \n      GNSS差分技术驾考技术生态，互联网驾考生态；嘻哈学车暨移动互联网学车平台，嘻哈学车电子教练暨嘻哈学车机器人教练，基于监管学时为核心的“嘻哈教练车管家”等系列产品已经全部推向市场。\n \n      驾考系统商业模块梳理，驾培系列产品商业模块梳理，互联网价＋驾培商业模块梳理已经进入了实质性阶段，嘻哈国华对中国驾考驾培的影响必将起到承前启后，继往开来的重要作用。\n[attach]142[/attach]\n[attach]143[/attach]\n[attach]144[/attach]\n\n ', ''),
(455, '互联网学车何去何从，是商业模式颠覆还是格局重塑？', '[attach]146[/attach] 从国家层面针对于机动车驾驶人考试暨《机动车驾驶证申领和使用规定》，以下简称规定。《规定》经过历次修改，分别为《公安部令第71号》（已废止）、《公安部令第91号》（已废止）、《公安部令第111号》（已废止）、《公安部令第123号》。几次驾改部令的修改，修改过的驾改部令唯有123号令还在保留，其余的全部废除。123号令与139号令同时在使用，很多人没有深度的解析其背后的深层次原因，那就是这次139号部令不像以往改的是对机动车驾驶证申领和使用规定的考试标准改革，而是对驾考与驾培之间的业务关系或者说业务逻辑的改革。\n     那么从2016年1月29日，中华人民共和国公安部部长郭声琨签署了《公安部关于修改&lt;机动车驾驶证申领和使用规定&gt;的决定》，该《决定》为公安部令第139号颁布并实施以后，标志着我国驾考驾培进入了一个崭新的时期，也就是驾照“自学直考”学车时代。新时期下的学车考照最大的改变就是业务逻辑的改变，人们学车考照习惯的改变，这才是重点。那么，我们来看看互联网学车创业者怎么说？\n     嘻哈学车创始人张全雷：撇开背景谈未来都是不负责任的“吆喝”，至于互联网学车走向何方，如何走，互联网学车企业如何发展？那要看人民群众的学车消费习惯。国家意志和人民福祉，就是让人民群众学起车来，拿起照来公平、便捷、快乐、经济，体现国计民生才是这次驾改的主题，互联网仅仅是改革利用到的工具或者技术手段。至于是人类的生存习惯改变了业态还是重度资本推动互联网影响了人类习惯，我想这是先有鸡还是先有蛋的话题，那是老生常谈，没有多大的意义。李总理说过，去掉政府一只有形的手，让市场无形的手说着算，当然驾考、驾培行业也不例外。\n     嘻哈学车创始人张全雷表示：谈互联网学车，我们不得不谈互联网本质，其实互联网本身是不产生价值的，只有把互联网经济与实体经济结合起来才会产生价值。那么互联网学车的价值显然就是离不开驾校这个实体，那么互联网结合实体的方式还有很多种，这也是客观存在的，比如学车市场上已经形成的：互联网＋学车，互联网＋驾校，互联网＋自营都有可能是成功的商业模式，都有可能在以后逐渐形成的互联网驾培市场中都扮演着重要的角色或者几种模式都存在。比如现如今已经趋于成熟的电商平台，最典型的“淘宝”和“京东”，虽然都是在卖东西，但是其商业模式完全不同，一个是给商家提供供销的电商平台，一个是自营或加盟营销的网络销售商城，但他们做的都很成功。现在下结论哪种模式好，哪种模式不好没有意义，还是向下走着看，不忘国家驾改宗旨，不偏离互联网本质才会赢得未来。\n     58学车创始人张小磊：驾培转型是我们对驾校市场潜力的思量结果，但从当时的政策来看，是不允许私办驾校的，这个行业还处于政府保护的状态，没有完全市场化。于是我们才沿着产业链又往下走了一步开始考察汽车陪练市场。张小磊透露，公司下一步的发展方向是做互联网驾校品牌“58学车”。而现在，58学车已经在杭州、长沙上线了学车业务。\n     在58学车联合创始人陈丹看来，与其说是互联网驾校和传统驾校之间的博弈，他更喜欢用合作与双赢这样的字眼来形容二者之间的关系。\n     车轮考驾照方面曾表示，学车从报名到练车、考试是一个具有一定周期的重服务过程，不能完全靠线上完成。优质的学车体验需要互联网企业和传统驾校协同完成，互联网企业可以为学员在线提供更便捷的报名、约车、约考操作体验，为传统驾校提供更智能的管理系统。这些都大大地解决了学员和驾校痛点。而传统驾校本身可以更专注于教学，提升教学水平。\n     政策与现状的“较量”，互联网与传统的“博弈”，各互联网学车之间的“残杀”，让互联网学车市场的竞争会更加激烈，也会出现兼并、洗牌的现象。事实证明，直到2016年第三个季度，还在活跃仅剩58学车、车轮考驾照、嘻哈学车、驾考宝典等为数不多的几家企业，大浪淘沙中互联网学车平台已经开始重塑市场格局。\n ', '');
INSERT INTO `xh_user_action_history_data` (`history_id`, `associate_content`, `associate_attached`, `addon_data`) VALUES
(456, '张全雷：驾驶人“自学直考”改革以来，为何利我声音层出不穷', '摘要：机动车驾驶人“自学直考”以来，驾考驾培行业人士利我的声音层出不穷，有出书的、有发微博的，有发朋友圈的、有发微信公众号的等等，各种各样的信息渠道发出了各种声音。其深层次的原因就是对未知事物的恐慌与彷徨，对光辉岁月叹息和留恋，对未来的担忧和迷茫。其实很多事情我们现在下定论还为时过早!\n[attach]141[/attach]\n一、世界经济危机席卷全球，中国也未幸免\n\n       经济危机是导致驾校生源急剧下降的主要原因之一，任何事物没有外力破坏的情况下，都不会发生颠覆性的或者历史性的变革。中国老百姓是最没有安全感的国民之一，在经济危机时我们缺乏良好的社会保障体系必然会导致购买力疲软或者说消费水平下降，很多人暂时放弃购车计划必然很大程度上也顺延了学车计划。\n[attach]145[/attach]\n    二、我国经济进入改革深水期，经济主体既“企业”进入了全面转型升级阶段\n\n       改革开放以来，我国经济先后走过了集体经济向个体经济的转化;国有经济占主导的经济结构形态向民营经济的发展转化，这些均是重要的国民经济组成部分。从历史看，在改革开放的前30年拉动了经济，增加了国力，富裕了人民群众，但也不能忽视是我们用牺牲“绿水青山”的惨重代价换来的!现在国家重拳出击，调节构，转观念，放缓经济增长速度主要目的就是改变中国企业“病态”发展的现状!产业结构不合理，经济发展不协调，不够集约都成为中国经济发展的瓶颈和阻力!经济体制改革到了历史节点上，革的是所有行业的发展壁垒，当然驾考、驾培行业也不会置之度外。\n[attach]147[/attach]\n  三、驾考、驾培多年发展积累下来的“欠账”以及长期以来形成的黑色利益链，与大环境格格不入，与国家反腐唱廉背道而驰，亦成为腐败的重灾区，民怨沸腾，引起中央政府高度重视!\n\n       驾驶人“自学直考”是根除驾校向行政主管部门索要考试名额，主管部门利用考试名额进行索贿的体制性变革，也是切断利益链的重要举措!驾考改革的目的并非国家要治驾校于死地，恰恰相反在国务院88号文件精神上，着重提到驾校依然是驾驶培训的主阵地，同时把国土部、计生委、中宣部等部委联合起来集中服务于驾考、驾培行业，是中央政府依法治国，治党务必从严的重要体现。\n\n       驾考、驾培市场化是社会的进步，也是中国经济发展的需要，体现了中央政府简政放权重要精神及有力举措!驾校转型升级符合社会发展规律和经济发展规律。老百姓对驾考、驾培服务质量的要求越来越高是驱动驾校产业升级的外力和推手，驾校产业市场化是驾校转型经营管理模式的驱动力量。适逢互联网时代的社会背景下，互联网是推动现在经济发展的重要组成部分和力量。前信息时代的企业盈利模式赚的是信息不对称的钱，比如十多年前广东的电子表出厂价1元钱，拿到经济欠发达地区就可以卖到10元钱甚至更高的价格，商家赚的就是信息不对称的暴利。现在互联网时代背景下的经济，企业赚的应该是信息对称的钱，过往的暴利时代一去不复返了，属于正常现象，并非太多的不利因素导致的。驾校也是企业，受到冲击就不难理解了。\n[attach]148[/attach]\n 四、驾校“互联网➕”与“➕互联网”其实是一个伪命题\n\n       什么是“互联网➕”?首先概念要弄清楚，互联网➕是不是O2O?这个也不能概念混淆!互联网➕，就是互联网➕上传统行业，对传统行业进行提升。互联网➕通讯就是即时通讯，我们大多数人都在使用，比如“微信”;互联网➕商铺就是电子商务，比如淘宝、京东商城等，当然互联网➕驾校也就是“互联网驾校”了!其实➕互联网我们绝大多数企业，特别是驾校都在使用，比如驾校的官方网站或微信公众号等互联网平台工具就可以理解为“➕互联网”。\n\nO2O驾考、驾培其实也是个伪命题!O2O的本质是从线上到线下，然后线下体验，线上交易。驾考驾培的最终交易落地于“考试和练车”，是线下往线上走的路子。非要说O2O驾考、驾培也只有像我们做驾考设备的供应商同时也做互联网学车平台的企业，有线上平台又有线下产品，即使具备这些这样叫也是牵强。\n[attach]150[/attach]\n   编者按：从时代背景和社会背景泛泛而谈映射了我们驾考、驾培行业改革的必要性和历史使命。无论是我们已经使用的➕互联网工具还是要借助的互联网➕既“互联网学车”平台都是驾培企业发展的需要，互联网经济就是信息对称经济，没有什么奥妙，但互联网是人类第三次工业革命的重要组成部分，我们应该很好的利用它，有网有未来!', ''),
(457, '从“互联网＋学车”走向“人工智能＋教练” 合肥一公司机器人爆发催热资本市场', '从“互联网＋学车”走向“人工智能＋教练” \n合肥一公司机器人爆发催热资本市场\n搜狐新闻  08-01 14:05\n据最嘻哈网络官方披露，随着驾改深入推进人工智能＋驾培才真正的发展才刚刚兴起，它将像当年互联网的崛起一样，打造一批新的时代巨无霸，这些新巨人可能从现有的巨头进化而来，也可能从目前还名不见经传的小公司甚至个人创业者成长而来。与此同时，资本市场对工业机器人的热捧，让股市难得呈现出大合唱格局。[attach]151[/attach][attach]152[/attach]\n一、从“互联网+学车”走向“人工智能+教练”\n 谷歌（Alphabet）公司用AlphaGO大胜围棋专业九段李世石，给全球科技巨头带来的震撼正在迅速蔓延：各大巨头纷纷公开宣布或秘密启动“人工智能+”战略，用人工智能改造各项产品和服务。\n美国微软公司在3月30日开幕的年度开发者大会上，宣布新的人工智能计划：以“对话作为平台”（Conversation as a platform）为理念的微软Bot架构。微软首席执行官萨蒂亚纳德拉说，继键盘、鼠标、触摸屏之后，能理解人类语言、实现人机互动的人工智能自动程序，将成为下一代界面。\n8月1日，嘻哈网络在合肥举办“人工智能＋教练暨嘻哈学车电子教练”战略发布会，并与标志301汽车品牌签署战略合作协议，宣布将在合作的“驾校教练车”中植入嘻哈网络的学车电子教练系统。嘻哈网络总裁张全雷将此称之为“驾培正在从‘互联网+’步入‘机器人+’的一个标志”。\n正如从单细胞到无脊椎动物的进化，互联网正迅速完成跑马圈地注重“量”的互联互通，下一步是向脊椎动物和高大脑容量的物种进化，人类互联网的“大脑”雏形正日新月异地形成。\n互联网的这个“脑”就是人工智能。“劳心者治人，劳力者治于人”，以互联网为代表的人类竞争正迅速集中于“脑力”的竞争，从“互联网+各个领域”向“人工智能+各个领域”快速迭代进化。\n目前，谷歌主攻机器人，百度打造自动驾驶，特斯拉也主攻自动驾驶，微软目前发布的项目围绕人机对话界面，Facebook围绕社交软件，IBM希望做人工智能领域的操作系统，而它们共同的特点是：已经、正在或即将大举并购大量涌现的人工智能小公司。[attach]153[/attach][attach]154[/attach]\n二、如何用人工智能全面重构公司？\n 嘻哈网络学车电子教练总工孟良、嘻哈学车董事长助理、机器人事业部总经理杨利林8月1日说，嘻哈网络将用人工智能对国华智慧城市研究所、网学车、VR学车等部门进行重构。“嘻哈网络将来会用人工智能技术来改造嘻哈国华品牌所有的技术。各个产品和技术体系，都由人工智能来规划”。\n实际上，微软早已这么做。微软研究院人工智能首席科学家邓立告诉《国际金融报》记者，他目前主要任务是，把微软的各项产品和服务全面智能化，人工智能团队大部分进驻在各个部门，深入了解各部门产品的实际需求后，用人工智能的方法量身定制对应的程序。\n微软主要围绕目前产品和服务的智能化。3月30日，微软发布了一套代码工具包和机器学习程序，微软CEO纳德拉说：“希望开发人员为每个企业和服务创制人工智能程序，把人工智能融入各种应用中。”微软认为，未来的计算有3个主要的推进器：人、数字助理、机器人，未来人类与技术之间将有全新的交互方式，人与人、人与机器人、人与数字助理，甚至数字助理与机器人之间都会产生交集。\n而嘻哈网络在人工智能领域的投入，是全力投入自动驾驶。“在人工智能方面，但凡有一点资源，都应该投入到自动驾驶上面来。”孟良说，“嘻哈学车电子教练是嘻哈网络迄今为止最大的投资项目之一，将会达上百亿人民币。”\n这是各大巨头激烈竞争的“红海”，在驾培行业确实巨头刚刚关注的“蓝海”。阿里创投包括马云个人联合中国兵器工业集团共同投资的“千寻位置”表示，2016年内‘虚拟机器人学车教练’正式上岗。\n但孟良表示，嘻哈网络在许多技术上已经超过了巨头，他们在谋划，我们已经在应用了。在人工智能处理方面，嘻哈学车电子教练具有相当于上百种车辆教学模式“娴熟教练员”的超强人性化教学能力；在模考方面，嘻哈学车电子教练有着天然的出身和技术储备优势，嘻哈网络有百万级的用户体验数据、移动和行为数据可供分析。\n人工智能被Facebook作为新盈利模式转型的主要动力。1月3日，Facebook创始人扎克伯格在他的Facebook上透露，他的2016年新年目标是打造一个人工智能管家。2015年7月，Facebook就在开发代号为“Moneypenny”（简称M）的人工智能助理项目，其负责人David Markus说：“M是一种个人数字助理，与市场上其他基于人工智能技术开发的服务相比，M真的能代替你购物、为亲人送礼物、预定参观、安排旅程等。”\n对于百年老企业，人工智能是“向死而生”的战略反攻。曾经制造出打败国际象棋冠军的“深蓝”的IBM，在2014年1月斥资10亿美元使Watson项目独立，外界普遍认为这是IBM“向死而生”的新业务。IBM将其实现人工智能的方法称为“认知计算（cognitive computing）”。目前，Watson 主要应用集中在药物及医学领域，2015年4月，IBM宣布和苹果、强生以及医疗器械公司 Medtronic合作，目标是医疗系统中介。\nIBM的战略并不小：让Watson成为如今不断涌现的人工智能应用的操作系统。这在其一系列声明中得以清晰展现。\n各大巨头正在全球寻求入股新兴的小公司。“摧毁一个公司最好的方式就是买下它。”一位斯坦福大学教授向记者坦言。\n 三、资本热捧 机器人学车教练概念持续发酵\n 如果说2015年是VR元年，那么2016年则是智能机器人元年。随着《中国制造2025》规划进一步落地，我国机器人产业势能将进一步释放。根据公开数据显示，2015年，国内已有约70家上市公司并购或投资了机器人及智能自动化项目，其中许多属于首次涉足机器人业务，而这一数据将在2016年有望快速被打破。\n目前，外资企业生产的工业机器人占到国内工业机器人市场总销售份额的90％左右，基本可以满足中高端市场需求。内资企业面对领先企业在技术、价格和品牌上都不具有明显优势。仅有那些在机器人领域打拼多年、技术储备丰厚、步入成长期且具备对抗“外敌”的核心竞争力的老牌龙头企业，以及打通新老业务衔接且快速形成自身优势的新入行企业，成为基金重仓配置对象。\n据了解，嘻哈网络公司全称叫：“安徽嘻哈网络技术有限公司”，是安徽本土及国家级合肥创新产业园孵化的“互联网＋学车”科技创新企业，2016年利用公司做驾考系统和驾培设备的天然技术优势，结合互联网学车，借国家驾改东风推出的颠覆性驾培人工智能产品。在全球首推学车电子教练概念，通过半年多的宣传和推广，已经成为中国驾培行业家喻户晓的明星产品和明星创新公司，其创业团队也成为众人皆知的创业团队。\n \n\n\n ', ''),
(458, '上半年全国新登记汽车1328万，新增驾驶人1611万历史新高', '截至2016年6月底，全国机动车保有量达2.85亿辆，其中汽车1.84亿辆；机动车驾驶人达3.42亿人，其中汽车驾驶人2.96亿人。\n \n汽车保有量达1.84亿辆，新登记1328万辆。随着群众机动出行需求不断提高，汽车市场潜力持续释放，汽车保有量保持快速增长趋势。\n \n上半年汽车保有量净增1135万辆，新注册登记汽车达1328万辆，比去年同期提高199万辆，同比增长17.62%。\n \n从统计情况看，近五年以来，汽车新注册量呈高速增长趋势，汽车占机动车比率不断提高，从43.88%提高到64.39%。\n \n从分布情况看，全国有46个城市的汽车保有量超过百万辆，其中北京、成都、深圳、重庆、上海、苏州、天津、郑州、西安、杭州、广州、武汉、石家庄、南京、青岛、东莞16个城市汽车保有量超过200万辆。\n \n小型载客汽车保有量达1.47亿辆，私家车超1.35亿辆。\n \n上半年，小型载客汽车保有量达1.47亿辆，新注册登记量达1169万辆，比去年同期提高166万辆，同比增长16.57%。\n \n其中，以个人名义登记的小型载客汽车（私家车）超1.35亿辆，上半年新注册登记量达1085万辆。\n \n载货汽车保有量达2143万辆，上半年新注册量达127万辆。\n \n上半年，全国载货汽车保有量达2143万辆，与2015年底相比，增加71.8万辆，增长3.47%。新注册登记量达127万辆，比去年同期提高26万辆，同比增长25.54%。\n \n从统计情况看，载货汽车新注册量自2014年下半年持续走低以来，2016年上半年开始回升。机动车驾驶人超3.4亿人，新领证1611万人。\n \n与机动车保有量快速增长相适应，机动车驾驶人数量也呈现持续高速增长趋势。上半年，全国机动车驾驶人总量已超过3.4亿人，其中汽车驾驶人2.96亿人，占驾驶人总量的86.55%，新领证机动车驾驶人1611万人，其中新领证汽车驾驶人1500万人。\n \n从统计情况看，2015年以来，驾龄不满1年的驾驶人超3500万，新领证驾驶人数量激增。', ''),
(459, '合肥高新技术产业开发区工会委员会官网专题报道国华光电党支部成立', '合肥市高新区工委直属党组织安徽国华光电技术有限公司党支部成立，这个支部也是合肥市高新技术产业开发区合肥创新产业园首家互联网机器人高科技民营企业党支部。\n \n据了解，安徽国华光电技术有限公司是高新区一家规模较大，自主创新能力较强的机器人高科技企业。前不久公司驾校电子教练暨“虚拟机器人学车教练”诞生并投产引人关注，该生产线实现了合肥市互联网＋人工智能零的突破，使合肥市乃至安徽省互联网＋机器人产业跃上了一个新台阶。\n \n为不断完善公司的组织结构，加强员工的凝聚力，充分发挥党支部战斗堡垒作用，公司于2016年6月份向合肥市高新区企业党委申请筹建公司党支部。\n \n自申请筹建党支部以来，公司领导对党支部的筹建工作高度重视，积极配合街道党工委的工作安排，精心开展党支部成立工作。公司内部员工也积极响应，主动向党组织靠拢。\n \n2016年6月6日，合肥市高新区工委审核决定，公司正式成立安徽国华光电技术有限公司党支部，并颁发《关于同意成立安徽国华光电技术有限公司党支部的批复》。\n \n公司党支部的成立对公司的发展有十分重要的意义，有助于进一步的丰富公司的企业文化，树立公司的企业形象，发挥党组织的凝聚力和向心力。今后，公司党支部将在街道党工委的领导下，认真贯彻党的方针政策，不断地吸收和发展新党员，为公司的发展建设发挥积极作用，为构建和谐社会贡献力量。选举公司副总裁吴峻岭同志为党支部书记。\n[attach]155[/attach]\n ', ''),
(460, '当互联网学车遇上学车电子教练，驾校未来前途无限!', '摘要：驾培行业吵的沸沸扬扬的驾照“自学直考”，再到基于互联网＋人工智能的“嘻哈学车电子教练”，驾校举办者从谈网色变，到谈网爱恋，这是一种从心境到心境，从思想到思想的心路历程。因为我们校长意识到了，互联网时代推动历史进步给驾校带来的价值和全新的经营方式转变，顺势而为，兴；逆势而为，死！这自古不变的真理，那么我们如何顺势而为，拥抱网络和机器人呢？[attach]156[/attach]首先谈选择：互联网学车平台在驾改东风吹过的地方，如雨后春笋拔地而起，基于各种模式的互联网学车平台让驾校老板眼花缭乱，无法选择。那么作为一名互联网学车从业者，我从驾校老板的角度来浅析一下如何选择互联网学车。其次谈心态：我们无法选择的“举棋不定”主要的原因是，我们在思索着如何规避互联网学车对传统驾校的“颠覆”？在观望互联网学车走不走的通，走向何方？在等待，看看其他驾校如何用，用的效果怎么样？我们要清醒的认识到在驾照“自学自考”政策下，互联网改变人类生存方式的大环境下，走网络约考已经是行业无法改变的现实，网络约考势必会催生网络学车繁荣和发展。我们驾校举办者必须坦然的面对和接受，如何选择和使用互联网学车的底线？这个是问题的关键。[attach]157[/attach][attach]158[/attach]1、我们如果选择走驾校与教练“合伙型”经营模式，我们就应当选择“互联网＋教练”直接接单的互联网学车平台，这样的好处就是把教练员变成了驾校的“二级合伙人”，人人都是招生员人人都是小老板，走的是分享经济思维模式。优点是直接节约了招生费用开支和经营费用开支，缺点是我们的二级合伙人移情别恋的概率会增大。\n2、我们如果选择走“互联网驾校”经营模式，我们就应当选择具有互联网驾校管理系统的“互联网＋驾校”接单的互联网学车平台，这样的好处就是驾校具有可控性和支配权，优点是多了互联网生源渠道，缺点这种模式并不会减少传统驾校的开支和投入。\n3、我们如果走“传统驾校与互联网学车”相结合的模式，好处就是原有经营模式基本不会改变，是体制内增加了新的经营模式，经营模式双轨制。优点驾校从业者们接受比较快；缺点就是转型升级不彻底，会贻误驾校转型升级的机遇。\n4、保持传统不变，继续按照原有经营模式经营，这样做势必在:“交管12123”全国强制性使用时，会丧失很多生源，好处就是短期内不必因驾校转型升级而牺牲既得利益。\n5、走互联网电子驾校经营模式，是传统驾校转型升级最理性也是最理想的一种“生态转型”，通过“科技强校”利用嘻哈学车电子教练节约50%驾校经营费用开支，同时也可以利用网络平台聚合生源甚至教练员；缺点就是前期需要投资购置“嘻哈学车电子教练”改装教学车辆。\n总而言之，在整个驾培行业转型升级阶段，我们驾校的盈收少了，我们驾校老板的钱袋子越捂越紧了，投资呈低迷态势，其实这种思维是要不得，也是直接影响驾校未来的一种落后思维。根据公安部交管局官方公布的数字，上半年我们新增机动车驾驶人数量突破1600万，创历史新高，这些数字充分说明，并不是人口红利和互联网导致老牌名校生源萎缩的原因，是驾校在短时间内急剧增多导致。那么，我们如何PK掉我们的竞争对手，除了我们加强经营管理、服务意识的内功修炼外，最终起到决定性作用的，就是我们驾校转型升级的速度和强度。危机中，我们做到了顺势而为，才可以大有作为。\n \n ', ''),
(461, '张全雷等合肥企业家一行在合肥创新产业园领导带领下赴宿州市周尚小学扶贫助学', '摘要：7月1日，在中国共产党第95个生日当天，由合肥创新产业园副总经理肖亚东等领导带领下，国华光电、科昂电子、高创股份、合肥指南针、中旭建设、华博胜讯等企业党支部代表随团赴宿州市埇桥区周尚小学进行贫困学校对口扶贫工作。\n[attach]159[/attach]合肥创新产业园对口宿州市周尚小学简单且隆重的捐赠仪式\n　　省科技厅挂职干部、宿州市埇桥区常委、区委王副书记致欢迎词，同时介绍了埇桥区精准扶贫工作开展情况。下午2:30，代表团驱车前往周尚小学，抵达周尚小学期间，代表团在周尚村支部书记陈雷及周尚小学校长的陪同下参观了学校并介绍了周尚小学的困难情况，周书记说：“大多数孩子都去城里读书了，现在学校仅剩下20名贫困学生留在周尚小学读书，哪怕就剩一名学生，我们也要坚持把学校办下去，感谢合肥市高创股份及合肥企业家代表们对周尚小学的关心和支持，我代表周尚村和周尚小学的孩子们谢谢你们！”\n[attach]160[/attach]\n　　高创股份副总经理肖亚东向周尚村村干部及周尚小学校长介绍了代表团成员并表示合肥创新产业园会一如既往的发动合肥企业家们对口扶贫周尚小学，让周尚村孩子们的学习环境得到进一步改善和提升，当看到教室里没有电风扇时，当即决定要给学校的每一个教室捐助一台电风扇，让孩子们的夏天从此不再炎热。\n[attach]161[/attach]\n安徽国华光电技术有限公司创始人、董事长兼CEO张全雷代表企业发言，张全雷说：“宿州市是我的家乡，感谢宿州的养育之恩，我是从宿州这片热土上走出去的学子，通过几年的创业取得了一定的成绩，吃水不忘挖井人，有能力了定当回报家乡，支持帮助像当年和我一样在农村读书的孩子们是一件非常幸福的事情。人性的光辉人皆有之，但我们持之以恒的尽自己的绵薄之力去支助一些还生活在比较贫困环境中的孩子们，是我们永恒不变的慈善主题。”\n\n张全雷董事长还介绍了国华光电近年来企业发展的良好势头，并向家乡的父老乡亲们自豪的说，通过我们的创新，我们推出了基于移动互联网学车的自主约车平台“嘻哈学车”和基于人工智能打造的驾校机器人教练暨“电子教练”，张全雷最后说：“这些都是颠覆传统，改变人类生活方式的创新型项目。”', ''),
(462, '张全雷谈驾培：学车电子教练不仅为驾校节省开支更多的是提升服务转型', '[b]张全雷谈驾培：学车电子教练不仅为驾校节省开支\n更多的是提升服务转型[/b]\n[b][attach]163[/attach][/b]摘要：驾校转型升级已经到了攻坚克难的关键阶段，驾校外树形象，内修内功，梳理HR资源结构，强化教练员队伍素质，在这些都做的很到位的同时，我们依然感觉驾校营收不如以往景气，驾考市场化带来的“阴霾”依旧笼罩在我们经营者甚至所有驾培人的心头。如何继续破解行业难题？如何突出互联网＋学车的重围？如何突破自我浴火重生？让我们浅谈一下，共同进步与成长。 \n一、驾校外树形象内修内功时如何继续破解行业难题？\n近年来，我们驾校举办者已经意识到服务的重要性，于是我们不惜时间投入人力物力财力成本开始对驾校进行“包装”，狠抓员工素质培训特别是教练员队伍的培训，这些确实给驾校带来了巨大的改变，这种改变不仅仅是形态上的改变更多的是服务意识和服务能力的改变。那么，随着越来越多的驾校重视这些的时候，我们如何做到一直领先于同行呢？如何保持我们的江湖地位呢？那么，利用科技创新及科技创新产品驱动驾校结构性转型升级，让驾校永葆行业地位是当务之急要做的事情。在做好服务塑造的同时，利用科技创新产品比如“嘻哈学车电子教练”去推动驾校培训“资源供给重塑，HR资源梳理，优化培训流程等。”通过嘻哈学车电子教练节约的不仅仅是驾校经营成本，还有我们驾校整体资源的配置可以做到更优化，人才结构特别是教练员队伍的管控能力，执行能力都必将起到催化剂的作用。 \n同时，我们也为适应各种人群多样化培训需求提供了“利剑”，是扩大招生影响力的核武器。驾照自学直考，是我们驾培人绕不过去的已经发生的问题，利用嘻哈学车电子教练的另外一个好处就是可以提供统一的教学培训模式，这也学员自主预约教练员体验到标准化教学的必备培训设备。 \n二、如何突出互联网＋学车的重围？ \n谈科技强校互联网学车是一个绕不开的现实问题，如何在互联网学车乱象丛生的时候去尝试，去利用互联网学车，这是驾校举办者最难以取舍的事情，甚是头疼。那么，作为一个互联网学车的从业者，从互联网学车的本质来谈谈驾校如何做到更好的利用互联网，而不是惧怕互联网。从互联网本质上来说，互联互通时代改变的是人类生存习惯，从行业利用上来看，互联网打破的是我们驾校的传统经营模式，并非是革命于驾校。举例来说，就像如今的餐饮业和酒店、航空售票、火车票等服务行业，从刚开始开饭馆的抵触比如像“美团、饿了么等”，各大航空公司集体抵制“携程、去哪儿等”互联网平台，到现在这些实体企业离不开他们一样，我们驾培行业这片所谓的“蓝海”也不会是“世外桃源”，与其抵制不如拥抱和利用。\n那么，我们如何去对待互联网学车呢？两个字“利用”，无论基于什么架构的互联网学车，只要能给驾校带来改变，带来营收，带来发展，我们就去利用它，发挥它的优势。作为从业者，我非常不认同“互联网驾校”这个说法，驾校就是驾校，互联网就是互联网，不存在互联网驾校这么一说，无论互联网学车如何发展驾校依然是驾校，就像现在的去哪儿等一些出行平台一样，无论他们多么发达，酒店依然是酒店，只不过酒店利用他们招揽了更多的客人而已，利用他们经营自己而已。 \n三、如何突破自我浴火重生？\n 行业转型升级，市场化进一步发展是驾培行业特别是老牌驾校最难过的事情。不是生源少了，在业内出现“生源断崖式枯竭”，驾校没有办法干了等等消极和负能量的声音。据公安部官微发布的2016年上半年全国“机动车驾驶人执照”发放数量1608万来看，远远的超过2015年上半年1400万的发放量。权威数据充分的说明，考驾照的人员是只增没减，所谓的断崖式生源枯竭唯一的可能就是驾校在短期剧增导致的市场蛋糕被分流。那么，我们驾校从业者如何做到在激烈的市场竞争中“独领风骚”，就是我们前面说的，外树形象，内修内功，科技强校，互联网思维。\n在同行绝大部分从业者未觉醒时，谁先知先觉洞察到了行业未来，我们的驾校就赢得未来，你是曾经的行业龙头，江山依旧；你是驾培的新秀，江山代有人才出。\n ', ''),
(463, '北京新华德御微官网披露嘻哈学车电子教练暨     【掀开学车“电子教练”神秘的面纱】   ', '      在中国驾培的改革之年，转型之年，有关“电子教练”的消息不断爆出，“电子教练”靠谱吗？它能取代人工教学训练吗？它在训练中如何保证安全？带着这些问题7月11日与8月4日利用在合肥举办第57期“王牌教练员培训营”和首届“驾培少帅班”的空余时间，两次来到国华光电“电子教练”研发基地，在总经理张全雷先生的陪同下，实地考察了“电子教练”的性能和在训练中的使用状况，就疑惑的有关问题与研发人员进行了深入的交流。今天就让我们一起掀开“电子教练”神秘的面纱。\n\n[b]“电子教练”训练的安全性是否有保障？ [/b]\n\n     安装电子教练的教练车，在训练中副驾驶座上是否还要有教练员或者安全员，国华光电的设计思想就是替代。电子教练设计了两套安全系统，即主动安全系统和被动安全系统，主动安全系统包括：坡道溜车后主动刹车，车辆行驶超出电子围栏区域会停车，车速超出设定的速度后会自动点刹，前方有障碍物和人时根据时速和雷达扑捉到的目标，电子教练会作出判断，采取减速或紧急制动的措施。像生产降落伞的老板出于对自己产品的信心敢于试跳一样，国华光电“电子教练”的老板兼总设计师张全雷在试验现场，在我的眼皮底下上演了一次“生命时速真人秀”，当我坐在副驾驶指挥测试员以二挡的速度加大油门向二十米外的张总冲刺时，电子教练采取了紧急制动的措施，在距张总一米外的距离成功驻车。被动安全系统是在监控室的工作人员发现电子教练车出现不安全驾驶行为后，远程控制刹车或让其熄火。\n[attach]164[/attach]\n[attach]165[/attach]\n“电子教练”在进行撞墙、撞人测试\n\n[b]“电子教练”是怎么进行教学训练的？[/b]\n\n      国华光电“电子教练”的教学训练主要是通过两个模块进行的。一是坐标纠错模块。在场地五个项目训练中，“电子教练”会根据车型和场地的不同设计出最佳教学模式，用语音不断的提醒和指导学员训练，出现错误它会及时提醒。\n     二是模拟考试模块。当你基本达到了训练的标准，可以启动模拟考试系统，这时你可以在训练车上的屏幕上，直接看到你驾驶的车辆在训练科目上的轨迹，可以直观的看到自己的对与错——把模糊变成清晰，把感觉变成画面。\n\n[b]“电子教练”有哪些优缺点？[/b]\n\n     教练员的素质有高有低，执教时间有长有短，执教态度有好有差，总之是千人千面，良莠不齐，而“电子教练”的最大特点就是整齐划一，没有差别，这是它的优点，也是它的缺点。“电子教练”的优点：“电子教练”不会偷懒，不会脱岗，不会疲劳执教，不会在执教期间玩手机，不会违背劳动纪律，它是一个不需要激励表彰的“劳模模范”；“电子教练”不闹情绪，教学声调不会忽高忽低，不会讽刺人训斥人，对待学员一视同仁，它是没有喜怒哀乐的“好好先生”；“电子教练”教学训练统一规范，不是一人一把号各吹各的调，不是十个先生九本书，学员上谁的车都一样，训练前后衔接整齐划一，它是一个训练有素的“钢铁战士”；“电子教练”不拿工资，不拿加班费，一次性的投入，长久的使用，工作起来不分8个小时内外，不分白天黑夜，不分平时与节假日，它是一头任劳任怨的“老黄牛”。因此“电子教练”的使用对改善驾校的服务、提升合格率、降低用工成本有一定的帮助和促进。\n  “电子教练”最大的缺点就是呆板、死板、机械、教条，它不会因人施教，不管学员是男的女的，还是老的少的，不管是驾驶“老手”，还是驾驶“白丁”，不管是心理紧张的，还是鲁莽冒失的，“电子教练”进行的都是无差别教学训练，它不会区别对待，不会根据学员不同的情况进行针对性的教学训练。因此“电子教练”不能取代人工教学，只能在教学训练中发挥辅助作用。\n\n[b]“电子教练”有无法规门槛？ [/b]\n\n    为了规范机动车驾驶培训，这些年来我国先后出台了许多法律法规，申办驾校要符合“国标”，培训要按“大纲”进行，驾培驾考改革要按着“意见”实施，“电子教练”的出现无疑是驾培市场的新生事物，它的使用不仅只是得到驾校和学员的认可就行的，还应该得到有关部门的批准许可，就像电子考试设备必须要经过公安部无锡所的认证一样。如果没有许可和认证，当有一天运管部门的领导在驾校例行检查中发现了教练车上没有教练员，会如何呢？教练车、教练员、指定的训练场地和路段是机动车驾驶培训的三道门槛，“电子教练”合法性是要有权威部门的说法的。\n\n[b]  “电子教练”的出现是必然的吗？[/b]\n\n     在科技突飞猛进发展的今天，用电子智能逐步替代部分人的功能是许多行业共同的追求，而且许多行业都取得了革命性的突破，在教育界“电子老师”，在体育界“电子教练”也广泛运用，它们在辅助教学训练中出现了很好的效果。\n      无人驾驶汽车已经在许多国家投入使用，包括日本、瑞典以及美国。作为一种智能汽车，它主要依靠车内的以计算机系统为主的智能驾驶仪来实现无人驾驶。中国从20世纪80年代开始进行无人驾驶汽车的研究，国防科技大学在1992年成功研制出中国第一辆真正意义上的无人驾驶汽车。2005年，首辆城市无人驾驶汽车在上海交通大学研制成功。无人驾驶的智能汽车都已出现，无人执教的“电子教练”的出现就不足为奇了。\n      在我们驾培领域，过去驾照考试都是人工评判，现在仍然人工考试的城市已经基本不复存在了，取而代之的是电子评判，不仅场地考试包括路考大都运用了“电子考官”，广大驾校和教练员也都习惯并适应了这些“电子考官”。这些年来，驾驶模拟器已经从低端走向了高端，在驾驶培训中发挥了一定的作用，“电子教练”由静态的模拟教学动态化了，应该说是一种进步。\n      综上所述，在机动车驾驶培训行业出现“电子教练”有其必然性。\n ', ''),
(464, '安徽日报《互联网刷新“职业版图”》报道我司科技创新成果', '本报记者 何珂 鲍亮亮\n帮忙收拾衣柜、房间，看起来不过是平常的一件事，但如果告诉你，这样的劳动不仅可以赚钱，做得好还能月入过万元，就不免让人感到新奇了。事实上，这正是日前在互联网上悄然兴起的新职业：收纳师。随着互联网的发展，新玩法、新需求、新业态不断涌现，新的职业也随之不断产生。\n\nApp开发、网店装修，分工解决专业需求\n考驾照不一定非得到驾校报名，如今，消费者可以下载App，点击手机即可预约满意的教练，听起来是不是很方便？这正是安徽国华光电技术有限公司新研发的嘻哈学车App。\n“从去年底到今年11月，经过近1年时间的研发，App才正式上线。 ”该公司副总裁吴峻岭告诉记者，研发一款App并不简单，从最初的构想，到后台数据支持，再到试运营时期的不停优化，都离不开40多位App开发师的辛勤劳动。 “App开发师平均年龄不到30岁，他们有激情、有想法。目前公司并没有外包做App的服务，主要还是因为开发师人员不够。 ”\n移动互联网的兴起和智能手机的普及，带来了App市场的火热，吸引了不少年轻人加入App研发队伍，那么这个新职业薪酬如何呢？据一起突然网络科技有限公司App技术开发业务负责人丁林海介绍，目前在合肥，有三四年工作经验的App开发师月薪在一万多元，一年经验的开发师平均月薪也有五六千元。 “虽然待遇诱人，但门槛高、投入成本大，目前人才队伍还不能满足巨大的市场需求。 ”丁林海说。\n互联网的蓬勃兴起，让一批懂网络技术的人找到了新工作，除了App开发师，网店装修师也是其中的代表。安徽商之都的那小盼就“误打误撞”进入这一行当。\n“2011年大学毕业，因一个偶然的机会进入到安徽商之都电商中心，开始接触到网店设计。 ”那小盼告诉记者，美工和设计，是目前电子商务最紧缺的职业之一，好的装修能使人留在店铺看更多的产品，促进更多的成交量，“网店装修师，不仅要有一定的专业技能，还要有创新精神。既要结合客户产品本身的特点进行设计，还要思考如何更好地从视觉上进行营销，促使消费者产生购物的冲动。 ”\n\n做饭、洗衣、美甲，点击屏幕上门服务\n最近，安徽上你家信息科技有限公司负责人李琪正忙着筹备年夜饭套餐，在这家公司里，消费者可以通过微信公众号预约厨师上门服务。\n今年4月份，李琪看上了移动互联网带来的商机，做起了上门厨师的生意。 “开始只有30名全职厨师，现在已经有300多名储备厨师。这些厨师从酒店后厨默默无闻的做菜者，变成了每天穿梭在城市的车水马龙中，走家串户，和消费者零距离接触，烧出满足不同人口味的美食家。 ”李琪告诉记者，公司的业务规模不断扩大，市场也正加速细分，“以前只有私厨上门这项服务，现在细化为私厨的高端定制、家厨的妈妈味道以及品质外卖三大项服务，这样可以满足不同消费需求。 ”\n上门做饭、上门洗衣、上门美甲……传统行业搭上互联网后，消费者在家点点手机就可以完成很多事情，也因此催生了不少新职业。\n12月初，记者通过微信公众号搜索发现，省城不少洗衣店开通了在线洗衣服务，消费者只需添加微信公众号，点击“在线洗衣”，相关衣物的清洗价格一目了然，选好之后通过微信下单，洗衣店就有专门人员上门取衣服，随后再将洗好的衣服送回家，让消费者实现“足不出户洗衣”的梦想。\n“开通微信预约洗衣业务后，平均每天能接到五六十单，周末的时候甚至能达到一百多单。 ”合肥市一家洗衣店负责人表示，传统洗衣店几乎完全依靠散客上门送洗衣物，商家颇为被动，而在新媒体快速发展的当下，借用网络，不论是信息灵活度还是沟通效率，优势都很明显。\n业内人士指出，上门经济对于就业有一定的拉动作用，像目前上门服务常见的既有保洁员、美甲师、化妆师等传统服务类，又涵盖了宠物美容师、洗车技师、家电清洗员、厨师等相对新型的类别，入职要求并不高，给不少年轻人提供了新的就业机会。\n\n模特、主播、写手，玩转网络赢得市场\n提起模特，浮现在人们脑海中的一般都是专业、高冷等形象，如今随着电子商务的迅猛发展，这个行业也在发生新的变化，催生了网络模特这种新职业，并发展迅速。来自合肥市的徐菲菲就是其中之一。\n“应该感谢互联网让我实现了梦想。”徐菲菲说，自己是学舞蹈出身，因为身高原因无法从事传统T台模特这一职业，但一直对模特有爱好，从没有放弃这一方面的学习。正好这些年电子商务火热，大量网店需要服装模特，她抓住了机遇，现在1个月有20多天在为电商拍片，收入也水涨船高。淘宝公开资料显示，淘女郎平台半年的产值就达11亿元，聚集了3万多名专业模特。\n其实除了网络模特，网络写手、主播、网游陪练等新职业也层出不穷。比如，网络写手，以网络为发表平台的文学创造者，他们的作品情节和构思要新颖、更新速度要快；网游陪练，陪游戏玩家打网络游戏，帮助提升技术和游戏等级等。互联网的“职业版图”，正在不断被刷新。\n“互联网新职业进入门槛低，竞争激烈。对从业者来说，必须在竞争中才摸索出真正擅长的职业方向，着力创新才能立于不败之地。 ”丁林海说。\n生产力不断提高、社会分工日益细化，必然导致专业的人做专业的事。网络新职业的出现，正是社会分工在互联网上体现。安徽财贸职业学院教授葛晓滨认为，互联网催生的新职业，会给当下行业和企业创造更多的机会，尤其在经济全球化的背景下，使企业更有机会能够以国际化视野，去看待现有的企业职业状态，不断丰富现代职业种类，促使社会职业趋向多样化，也为当下推动“大众创业、万众创新”创造更多机会。我可以满足您的任何口味！\n ', ''),
(465, '新浪网报道：嘻哈学车APP开启新型驾校模式 学员可在线报名享专车接送', '[attach]169[/attach]\n\n手机下载“嘻哈学车”APP，可实现在线报名、在线支付，学员能就近找到最近、最合适的教练。学员可以随时随地练车。使用“嘻哈学车”的学员，可1人1车享受专车接送，实行计时收费——学得快的学员，学费就花得少，对学得稍慢的学员则实行封顶收费，真正享受VIP服务。学车结束后可以对教练进行评价、打分，从源头杜绝教练吃、拿、卡、要。\n“嘻哈学车”相关负责人介绍，安徽试点“驾照自学直考”的模式，将革新以往的驾培考试局面， “嘻哈学车”顺应时代需求搭建了互联网学车平台，以优质教练资源和学员聚合力，打造一个由学员来主导、平台当裁判的自助学车模式。开启互联网+驾校时代。\n        用安徽国华光电技术有限公司创始人、董事长兼CEO ---张全雷的话说：“台风来了，猪都能飞！，驾培已经站在互联网的风口浪尖上，转型升级刻不容缓，顺势而为会有更广阔的发展空间，墨守成规只能被淘汰出局，与其说我们找到了台风口，不如说我们的运气来了，事实证明我们在对的时间里做了对的事！”\n        张全雷在2005年就进入智能交通领域和驾考、驾培行业；2012年，离职创立了自己的公司，2014年又进行了企业重组，成立了安徽国华光电技术有限公司，站在更高的平台上引领企业飞速发展。通过多年的摸爬滚打，对驾考、驾培行业政令的变革、技术的更新、客户的需求条条脉络已经“了然于心”；在说到经历时他感谢自己做销售时的那几年，不但让自己在管理公司时得心应手，还让自己做互联网学车平台时更贴近用户的需求，学车APP让学员喜闻乐见，线上线下产品的完美融合更让驾校有了经营管理的利器，所以嘻哈学车仅仅半年的时间就已然成为同行业的佼佼者。\n        在说到眼光时张全雷用很自信的语气告诉记者，“经历了这么多年，在每一次产业转型，每一次的公司决策，甚至对公司每个人的使用上，我的眼光一直没有差过，从第一个使用北斗卫星高精度GNSS用于机动车驾驶人科目考试系统作为主要评判技术到移动互联网的嘻哈学车！”\n        互联网学车的理念最初来源于两年前他和某省交管局领导探讨技术时灵光乍现，成型却在14年。有一次他去驾校洽谈业务，在驾校的训练场看到十来个学员在冬雨的寒风中瑟瑟发抖，等着教练分配他们在一辆车上轮流练习，当时他就在想，学车用得着这样遭罪吗？如果可以预约学车，那学员就可以有自己专属的时间来学车，在这个时间就是金钱的社会，一定会得到所有人的认可，这个更坚定了他做互联网学车的想法。当他敏锐的察觉到国家对驾考改革的动向时，不免心中一阵狂喜，这和他的思路不谋而合，但当他在公司董事会上提出时，却被一盆冷水当头浇下，反对声一片。很长的时间里他都没有办法说服公司里反对的人，无奈之下，他只能另辟蹊径，一手筹备起来。很快，他又听到各种各样的声音，议论的、不屑的、看笑话的，这些都丝毫没有影响他，“我要做的事就一定要做成，不管有多难”他这样对自己说。每天和技术人员一起昼夜奋战，短短三个月的时间，产品上线了，和公安部的互联网交通安全综合服务管理平台相得益彰！他用自己的执着再次证明他眼光的正确性！\n        在谈到嘻哈学车时，他就像谈到自己的孩子一样的自豪。他告诉记者，公安部构建互联网交通安全综合服务管理平台，提供10大类130多项在线服务2016年底完成全国推广应用，驾考的互联网时代已经到来。对于驾校来说，刚开始拥抱互联网的“阵痛”是在所难免的，因为互联网改变了我们以往的工作方式，工作状态。我们试曾想过，现在我们不去革自己的命，时代的潮流一定会淹没我们，摧毁我们的“固守”！只有我们改变了，我们才可以适应这个时代，适应我们的社会。嘻哈学车正是看到了这一点，所以利用移动互联网技术，将人与人、人与车的信息快速联动，大大提高教练车等驾驶人培训工具的运行效率，方便考生报考和学车。传统的学车需要去驾校报名，驾校安排教练员、教学车辆等，互联网学车只要拿起智能手机，点击学车APP，就可以轻轻松松的报名，快快乐乐的找到满意的教练和就近的训练场地。通俗的说，现在是学员选教练选车辆，掌握了选择的自主权。\n        把理想放到最后，他说是因为所有的经历、隐忍、坚持都由这个梦想支撑着，让他永不放弃，那就是成为一个成功的人，过和父母不一样的日子！他的父亲是农民，也不主张他学那么多的知识，所以上大学的学费都是他自己赚的，在大学里他就学到了和别人不一样的“知识”这些都成为了他日后的宝贵财富，也是他的动力和激情。他说自己并不是一个空谈理想的人，做比说更重要，所以他为自己的理想一步一步努力的实践着，从自己创业开始到现在的二次创业，无数的辛酸和磨难一直在身边围绕着。技术曾经是他的短板，经过他的不断学习，现在技术人员无法解决的问题都要向他要技术方案，从产品研发到生产销售，每个环节他都是专家。即便如此，张全雷还是说“要学的东西实在太多了”。\n        最后张全雷说，在创业创新已上升到国家战略，全民掀起新一波创业大潮的时候，互联网对现实世界的改变，也从信息到产品深入到服务领域。互联网的东风来了，有一句话说台风来了，猪都能飞！我更想说是我的运气来了，我早就做好了御风而行的准备，带领我的团队迈向更广阔的舞台！\n \n新闻链接：http://ah.sina.com.cn/news/m/2015-12-02/detail-ifxmcnkr7768422.shtml\n ', '');
INSERT INTO `xh_user_action_history_data` (`history_id`, `associate_content`, `associate_attached`, `addon_data`) VALUES
(466, '掌握移动互联网运用思维，领悟公司战略意图提高日常工作效率', '[attach]166[/attach]\n安徽国华光电开展移动互联网思维培训为让员工系统地了解移动互联网思维，将其融入到日常工作中，提升项目和品牌推广能力，扩大国华光电影响力，2015年5月7日，国华光电为公司员工开展了主题为“机动车驾驶人科目考试系统；机动车驾驶人模拟考试系统暨智慧驾培互联网时代转型之道法术器”的培训。[attach]167[/attach]    培训在公司多媒体会议室正式举行，公司在肥领导班子成员和中高层管理人员参加了本次培训，驻外项目部也以视频形式参与。培训会上，授课内容主要从互联网思维运用技巧与其在驾培行业的应用两方面展开。通过专题片首先形象地讲解了互联网时代的特征与发展，并运用丰富的案例讲解了互联网思维在企业转型中的具体应用，包括在驾培行业的开发、营销、服务等环节做出的转型探索。进而强调驾培行业在移动互联网时代所面临的危机与挑战，着重讲解战略层、管理层、经营层应如何运用互联网九思维进行互联网改造。[attach]168[/attach]\n   公司常务副总裁张丽华强调“学习要学以致用，很多战略、管理、执行层面都需要不断更新完善，用来加快我们的工作效率、改进我们的工作方法”，希望每位员工都能深入思考互联网思维在我们工作、生活中的作用及影响；好好得消化本次培训内容。\n      此次培训，内容包括了许多驾考行业杆企业对互联网思维的运用尝试与第三方企业开发的多种应用工具，展示了移动互联网思维在具体行业应用的思路盛宴，全方位地帮助公司员工掌握了移动互联网思维运用技能，受到了公司员工的欢迎。\n ', ''),
(467, '新华网报道：嘻哈学车APP改变传统驾校经营模式', '[attach]170[/attach]\n来源： 新华网安徽频道 \n 手机下载“嘻哈学车”APP，可实现在线报名、在线支付，学员能就近找到最近、最合适的教练。学员可以随时随地练车。使用“嘻哈学车”的学员，可1人1车享受专车接送，实行计时收费——学得快的学员，学费就花得少，对学得稍慢的学员则实行封顶收费，真正享受VIP服务。学车结束后可以对教练进行评价、打分，从源头杜绝教练吃、拿、卡、要。\n  “嘻哈学车”相关负责人介绍，安徽试点“驾照自学直考”的模式，将革新以往的驾培考试局面， “嘻哈学车”顺应时代需求搭建了互联网学车平台，以优质教练资源和学员聚合力，打造一个由学员来主导、平台当裁判的自助学车模式。开启互联网+驾校时代。\n       用安徽国华光电技术有限公司创始人、董事长兼CEO ---张全雷的话说：“台风来了，猪都能飞！，驾培已经站在互联网的风口浪尖上，转型升级刻不容缓，顺势而为会有更广阔的发展空间，墨守成规只能被淘汰出局，与其说我们找到了台风口，不如说我们的运气来了，事实证明我们在对的时间里做了对的事！”\n       张全雷在2005年就进入智能交通领域和驾考、驾培行业；2012年，离职创立了自己的公司，2014年又进行了企业重组，成立了安徽国华光电技术有限公司，站在更高的平台上引领企业飞速发展。通过多年的摸爬滚打，对驾考、驾培行业政令的变革、技术的更新、客户的需求条条脉络已经“了然于心”；在说到经历时他感谢自己做销售时的那几年，不但让自己在管理公司时得心应手，还让自己做互联网学车平台时更贴近用户的需求，学车APP让学员喜闻乐见，线上线下产品的完美融合更让驾校有了经营管理的利器，所以嘻哈学车仅仅半年的时间就已然成为同行业的佼佼者。\n       在说到眼光时张全雷用很自信的语气告诉记者，“经历了这么多年，在每一次产业转型，每一次的公司决策，甚至对公司每个人的使用上，我的眼光一直没有差过，从第一个使用北斗卫星高精度GNSS用于机动车驾驶人科目考试系统作为主要评判技术到移动互联网的嘻哈学车！”\n       互联网学车的理念最初来源于两年前他和某省交管局领导探讨技术时灵光乍现，成型却在14年。有一次他去驾校洽谈业务，在驾校的训练场看到十来个学员在冬雨的寒风中瑟瑟发抖，等着教练分配他们在一辆车上轮流练习，当时他就在想，学车用得着这样遭罪吗？如果可以预约学车，那学员就可以有自己专属的时间来学车，在这个时间就是金钱的社会，一定会得到所有人的认可，这个更坚定了他做互联网学车的想法。当他敏锐的察觉到国家对驾考改革的动向时，不免心中一阵狂喜，这和他的思路不谋而合，但当他在公司董事会上提出时，却被一盆冷水当头浇下，反对声一片。很长的时间里他都没有办法说服公司里反对的人，无奈之下，他只能另辟蹊径，一手筹备起来。很快，他又听到各种各样的声音，议论的、不屑的、看笑话的，这些都丝毫没有影响他，“我要做的事就一定要做成，不管有多难”他这样对自己说。每天和技术人员一起昼夜奋战，短短三个月的时间，产品上线了，和公安部的互联网交通安全综合服务管理平台相得益彰！他用自己的执着再次证明他眼光的正确性！\n       在谈到嘻哈学车时，他就像谈到自己的孩子一样的自豪。他告诉记者，公安部构建互联网交通安全综合服务管理平台，提供10大类130多项在线服务2016年底完成全国推广应用，驾考的互联网时代已经到来。对于驾校来说，刚开始拥抱互联网的“阵痛”是在所难免的，因为互联网改变了我们以往的工作方式，工作状态。我们试曾想过，现在我们不去革自己的命，时代的潮流一定会淹没我们，摧毁我们的“固守”！只有我们改变了，我们才可以适应这个时代，适应我们的社会。嘻哈学车正是看到了这一点，所以利用移动互联网技术，将人与人、人与车的信息快速联动，大大提高教练车等驾驶人培训工具的运行效率，方便考生报考和学车。传统的学车需要去驾校报名，驾校安排教练员、教学车辆等，互联网学车只要拿起智能手机，点击学车APP，就可以轻轻松松的报名，快快乐乐的找到满意的教练和就近的训练场地。通俗的说，现在是学员选教练选车辆，掌握了选择的自主权。\n       把理想放到最后，他说是因为所有的经历、隐忍、坚持都由这个梦想支撑着，让他永不放弃，那就是成为一个成功的人，过和父母不一样的日子！他的父亲是农民，也不主张他学那么多的知识，所以上大学的学费都是他自己赚的，在大学里他就学到了和别人不一样的“知识”这些都成为了他日后的宝贵财富，也是他的动力和激情。他说自己并不是一个空谈理想的人，做比说更重要，所以他为自己的理想一步一步努力的实践着，从自己创业开始到现在的二次创业，无数的辛酸和磨难一直在身边围绕着。技术曾经是他的短板，经过他的不断学习，现在技术人员无法解决的问题都要向他要技术方案，从产品研发到生产销售，每个环节他都是专家。即便如此，张全雷还是说“要学的东西实在太多了”。\n       最后张全雷说，在创业创新已上升到国家战略，全民掀起新一波创业大潮的时候，互联网对现实世界的改变，也从信息到产品深入到服务领域。互联网的东风来了，有一句话说台风来了，猪都能飞！我更想说是我的运气来了，我早就做好了御风而行的准备，带领我的团队迈向更广阔的舞台！\n新闻链接：http://www.ah.xinhuanet.com/2015-12/01/c_1117318157.htm?appinstall=0\n ', '');

-- --------------------------------------------------------

--
-- 表的结构 `xh_user_action_history_fresh`
--

CREATE TABLE IF NOT EXISTS `xh_user_action_history_fresh` (
  `id` int(11) NOT NULL AUTO_INCREMENT,
  `history_id` int(11) NOT NULL,
  `associate_id` int(11) NOT NULL,
  `associate_type` tinyint(1) NOT NULL,
  `associate_action` smallint(3) NOT NULL,
  `add_time` int(10) NOT NULL DEFAULT '0',
  `uid` int(10) NOT NULL DEFAULT '0',
  `anonymous` tinyint(1) NOT NULL DEFAULT '0',
  PRIMARY KEY (`id`),
  KEY `associate` (`associate_type`,`associate_action`),
  KEY `add_time` (`add_time`),
  KEY `uid` (`uid`),
  KEY `history_id` (`history_id`),
  KEY `associate_with_id` (`id`,`associate_type`,`associate_action`),
  KEY `associate_with_uid` (`uid`,`associate_type`,`associate_action`),
  KEY `anonymous` (`anonymous`)
) ENGINE=InnoDB  DEFAULT CHARSET=utf8 AUTO_INCREMENT=468 ;

--
-- 转存表中的数据 `xh_user_action_history_fresh`
--

INSERT INTO `xh_user_action_history_fresh` (`id`, `history_id`, `associate_id`, `associate_type`, `associate_action`, `add_time`, `uid`, `anonymous`) VALUES
(1, 1, 1, 1, 101, 1472707611, 2, 0),
(3, 3, 1, 2, 201, 1472709295, 1, 0),
(9, 9, 2, 1, 204, 1472709536, 2, 0),
(16, 16, 2, 2, 201, 1472713229, 5, 0),
(17, 17, 1, 1, 201, 1472713229, 5, 0),
(18, 18, 3, 1, 101, 1472713346, 5, 0),
(20, 20, 3, 2, 201, 1472713851, 1, 0),
(22, 22, 3, 1, 204, 1472713979, 6, 0),
(24, 24, 4, 2, 201, 1472714175, 6, 0),
(26, 26, 4, 1, 105, 1472714185, 6, 0),
(28, 28, 5, 1, 102, 1472714773, 7, 0),
(29, 29, 5, 2, 201, 1472714850, 7, 0),
(30, 30, 4, 1, 201, 1472714850, 7, 0),
(31, 31, 6, 2, 201, 1472714892, 7, 0),
(33, 33, 6, 1, 101, 1472715152, 4, 0),
(34, 34, 7, 2, 201, 1472715181, 4, 0),
(35, 35, 5, 1, 201, 1472715181, 4, 0),
(36, 36, 7, 1, 101, 1472715495, 8, 0),
(37, 37, 8, 1, 101, 1472715779, 9, 0),
(38, 38, 8, 2, 201, 1472715798, 9, 0),
(39, 39, 3, 1, 201, 1472715798, 9, 0),
(40, 40, 9, 2, 201, 1472715849, 9, 0),
(41, 41, 2, 1, 201, 1472715849, 9, 0),
(42, 42, 10, 2, 201, 1472716247, 10, 0),
(44, 44, 9, 1, 101, 1472717178, 10, 0),
(45, 45, 1, 1, 204, 1472717407, 11, 0),
(46, 46, 5, 1, 204, 1472717421, 11, 0),
(60, 60, 11, 2, 201, 1473064312, 1, 0),
(63, 63, 10, 1, 101, 1473149295, 12, 0),
(66, 66, 12, 2, 201, 1473149638, 13, 0),
(68, 68, 13, 2, 201, 1473150029, 14, 0),
(69, 69, 10, 1, 201, 1473150029, 14, 0),
(71, 71, 14, 2, 201, 1473150242, 14, 0),
(73, 73, 15, 2, 201, 1473150320, 15, 0),
(75, 75, 11, 1, 204, 1473150323, 15, 0),
(76, 76, 12, 1, 101, 1473150545, 17, 0),
(77, 77, 16, 2, 201, 1473150752, 18, 0),
(78, 78, 12, 1, 201, 1473150752, 18, 0),
(79, 79, 13, 1, 101, 1473151050, 20, 0),
(80, 80, 14, 1, 101, 1473153250, 21, 0),
(81, 81, 15, 1, 101, 1473212375, 24, 0),
(83, 83, 16, 1, 101, 1473214297, 27, 0),
(85, 85, 17, 2, 201, 1473214518, 28, 0),
(86, 86, 16, 1, 201, 1473214518, 28, 0),
(87, 87, 17, 1, 101, 1473215894, 29, 0),
(88, 88, 18, 1, 101, 1473225820, 31, 0),
(89, 89, 10, 1, 204, 1473225880, 2, 0),
(90, 90, 18, 2, 201, 1473225883, 29, 0),
(91, 91, 18, 1, 201, 1473225883, 29, 0),
(93, 93, 19, 1, 101, 1473229550, 32, 0),
(94, 94, 19, 2, 201, 1473231124, 21, 0),
(95, 95, 17, 1, 201, 1473231124, 21, 0),
(96, 96, 20, 1, 101, 1473231623, 34, 0),
(98, 98, 20, 2, 201, 1473232135, 35, 0),
(99, 99, 20, 1, 201, 1473232135, 35, 0),
(100, 100, 22, 1, 101, 1473232436, 37, 0),
(101, 101, 19, 1, 105, 1473232482, 37, 0),
(102, 102, 21, 2, 201, 1473232534, 37, 0),
(103, 103, 15, 1, 201, 1473232534, 37, 0),
(104, 104, 23, 1, 101, 1473233235, 38, 0),
(105, 105, 22, 2, 201, 1473233287, 39, 0),
(106, 106, 23, 1, 201, 1473233287, 39, 0),
(118, 118, 2, 1, 501, 1473236803, 1, 0),
(119, 119, 3, 1, 501, 1473236991, 1, 0),
(127, 127, 8, 4, 406, 1473238512, 2, 0),
(129, 129, 9, 4, 406, 1473239832, 1, 0),
(130, 130, 8, 4, 403, 1473316854, 1, 0),
(131, 131, 9, 4, 406, 1473317486, 43, 0),
(133, 133, 10, 4, 406, 1473317792, 1, 0),
(135, 135, 3, 1, 502, 1473317884, 43, 0),
(136, 136, 24, 1, 101, 1473318480, 43, 0),
(138, 138, 20, 1, 204, 1473318873, 43, 0),
(140, 140, 11, 4, 406, 1473320009, 1, 0),
(141, 141, 25, 1, 101, 1473321486, 44, 0),
(142, 142, 26, 1, 101, 1473321608, 45, 0),
(143, 143, 27, 1, 101, 1473321811, 46, 0),
(144, 144, 28, 1, 101, 1473322090, 47, 0),
(145, 145, 29, 1, 101, 1473322155, 42, 0),
(146, 146, 30, 1, 101, 1473322303, 40, 0),
(148, 148, 4, 1, 204, 1473413489, 1, 0),
(152, 152, 12, 4, 401, 1473660033, 49, 0),
(153, 153, 31, 1, 101, 1473660033, 49, 0),
(154, 154, 5, 1, 501, 1473662818, 1, 0),
(155, 155, 6, 1, 501, 1473663902, 1, 0),
(156, 156, 7, 1, 501, 1473664829, 1, 0),
(157, 157, 8, 1, 501, 1473665143, 1, 0),
(158, 158, 9, 1, 501, 1473665287, 1, 0),
(159, 159, 10, 1, 501, 1473665502, 1, 0),
(160, 160, 23, 2, 201, 1473665856, 1, 0),
(162, 162, 5, 1, 503, 1473666167, 41, 0),
(163, 163, 24, 2, 201, 1473666199, 41, 0),
(165, 165, 7, 1, 503, 1473666231, 41, 0),
(166, 166, 25, 2, 201, 1473666296, 41, 0),
(168, 168, 11, 1, 501, 1473666586, 1, 0),
(169, 169, 12, 1, 501, 1473667004, 1, 0),
(172, 172, 26, 2, 201, 1473671385, 12, 0),
(174, 174, 27, 2, 201, 1473671476, 12, 0),
(175, 175, 30, 1, 201, 1473671476, 12, 0),
(176, 176, 28, 2, 201, 1473671594, 12, 0),
(178, 178, 29, 2, 201, 1473671739, 12, 0),
(179, 179, 25, 1, 201, 1473671739, 12, 0),
(180, 180, 30, 2, 201, 1473671798, 12, 0),
(186, 186, 31, 2, 201, 1473671995, 14, 0),
(190, 190, 32, 2, 201, 1473672053, 18, 0),
(191, 191, 21, 1, 201, 1473672053, 18, 0),
(194, 194, 33, 2, 201, 1473672128, 18, 0),
(198, 198, 34, 2, 201, 1473672188, 18, 0),
(211, 211, 30, 1, 204, 1473672354, 21, 0),
(222, 222, 21, 1, 204, 1473673326, 36, 0),
(225, 225, 25, 1, 204, 1473673816, 36, 0),
(229, 229, 11, 1, 502, 1473739306, 2, 0),
(230, 230, 35, 2, 201, 1473739349, 2, 0),
(232, 232, 36, 2, 201, 1473746778, 61, 0),
(234, 234, 32, 1, 101, 1473746855, 61, 0),
(239, 239, 33, 1, 101, 1473837348, 69, 0),
(240, 240, 34, 1, 101, 1473837404, 68, 0),
(241, 241, 35, 1, 101, 1473837528, 67, 0),
(242, 242, 37, 2, 201, 1473837594, 67, 0),
(243, 243, 34, 1, 201, 1473837594, 67, 0),
(244, 244, 36, 1, 101, 1473837857, 65, 0),
(245, 245, 37, 1, 101, 1473838007, 66, 0),
(246, 246, 38, 2, 201, 1473838115, 64, 0),
(248, 248, 38, 1, 101, 1473838165, 64, 0),
(249, 249, 39, 2, 201, 1473838208, 64, 0),
(251, 251, 39, 1, 101, 1473838434, 63, 0),
(252, 252, 40, 1, 101, 1473838527, 72, 0),
(253, 253, 40, 2, 201, 1473838611, 70, 0),
(254, 254, 40, 1, 201, 1473838611, 70, 0),
(255, 255, 41, 1, 101, 1473838670, 70, 0),
(256, 256, 41, 2, 201, 1473838735, 71, 0),
(257, 257, 41, 1, 201, 1473838735, 71, 0),
(258, 258, 42, 2, 201, 1473838783, 71, 0),
(259, 259, 39, 1, 201, 1473838783, 71, 0),
(260, 260, 42, 1, 101, 1473838819, 71, 0),
(261, 261, 43, 2, 201, 1473838874, 71, 0),
(263, 263, 44, 2, 201, 1473840106, 73, 0),
(264, 264, 35, 1, 201, 1473840106, 73, 0),
(265, 265, 45, 2, 201, 1473840352, 74, 0),
(266, 266, 42, 1, 201, 1473840352, 74, 0),
(267, 267, 39, 1, 204, 1473840674, 75, 0),
(268, 268, 46, 2, 201, 1473840705, 75, 0),
(269, 269, 36, 1, 201, 1473840705, 75, 0),
(270, 270, 47, 2, 201, 1473841450, 76, 0),
(272, 272, 48, 2, 201, 1474178755, 78, 0),
(273, 273, 37, 1, 201, 1474178755, 78, 0),
(274, 274, 43, 1, 101, 1474179427, 79, 0),
(275, 275, 44, 1, 101, 1474180368, 81, 0),
(276, 276, 49, 2, 201, 1474180455, 85, 0),
(277, 277, 44, 1, 201, 1474180455, 85, 0),
(278, 278, 45, 1, 101, 1474180920, 82, 0),
(279, 279, 50, 2, 201, 1474180960, 82, 0),
(280, 280, 43, 1, 201, 1474180960, 82, 0),
(281, 281, 46, 1, 101, 1474181235, 83, 0),
(282, 282, 51, 2, 201, 1474181294, 91, 0),
(283, 283, 45, 1, 201, 1474181294, 91, 0),
(284, 284, 52, 2, 201, 1474181333, 92, 0),
(285, 285, 46, 1, 201, 1474181333, 92, 0),
(286, 286, 47, 1, 101, 1474181639, 84, 0),
(287, 287, 53, 2, 201, 1474181735, 93, 0),
(289, 289, 48, 1, 101, 1474181785, 86, 0),
(290, 290, 49, 1, 101, 1474182099, 87, 0),
(291, 291, 54, 2, 201, 1474182165, 90, 0),
(292, 292, 47, 1, 201, 1474182165, 90, 0),
(293, 293, 47, 1, 204, 1474182509, 89, 0),
(294, 294, 50, 1, 101, 1474182516, 88, 0),
(295, 295, 51, 1, 101, 1474265625, 95, 0),
(296, 296, 52, 1, 101, 1474265852, 96, 0),
(297, 297, 55, 2, 201, 1474266022, 105, 0),
(298, 298, 52, 1, 201, 1474266022, 105, 0),
(299, 299, 53, 1, 101, 1474266033, 94, 0),
(300, 300, 56, 2, 201, 1474266040, 105, 0),
(301, 301, 51, 1, 201, 1474266040, 105, 0),
(302, 302, 54, 1, 101, 1474266103, 98, 0),
(303, 303, 55, 1, 101, 1474267055, 99, 0),
(304, 304, 56, 1, 101, 1474267271, 101, 0),
(305, 305, 57, 1, 101, 1474267439, 103, 0),
(306, 306, 58, 1, 101, 1474267561, 104, 0),
(307, 307, 57, 2, 201, 1474271369, 106, 0),
(308, 308, 56, 1, 201, 1474271369, 106, 0),
(309, 309, 58, 2, 201, 1474271388, 106, 0),
(311, 311, 59, 2, 201, 1474351766, 109, 0),
(312, 312, 54, 1, 201, 1474351766, 109, 0),
(313, 313, 59, 1, 101, 1474355565, 102, 0),
(314, 314, 60, 1, 101, 1474355945, 48, 0),
(315, 315, 60, 2, 201, 1474356043, 113, 0),
(316, 316, 60, 1, 201, 1474356043, 113, 0),
(317, 317, 61, 1, 101, 1474356744, 100, 0),
(318, 318, 61, 2, 201, 1474357897, 118, 0),
(319, 319, 61, 1, 201, 1474357897, 118, 0),
(320, 320, 62, 1, 101, 1474358480, 112, 0),
(321, 321, 63, 1, 101, 1474358884, 111, 0),
(322, 322, 64, 1, 101, 1474361180, 110, 0),
(323, 323, 65, 1, 101, 1474361317, 116, 0),
(324, 324, 66, 1, 101, 1474361513, 115, 0),
(325, 325, 67, 1, 101, 1474361847, 114, 0),
(326, 326, 62, 2, 201, 1474361970, 123, 0),
(328, 328, 63, 2, 201, 1474362012, 124, 0),
(329, 329, 67, 1, 201, 1474362012, 124, 0),
(330, 330, 64, 2, 201, 1474362056, 123, 0),
(332, 332, 65, 2, 201, 1474362090, 124, 0),
(333, 333, 66, 1, 201, 1474362090, 124, 0),
(334, 334, 66, 2, 201, 1474362128, 124, 0),
(335, 335, 65, 1, 201, 1474362128, 124, 0),
(336, 336, 68, 1, 101, 1474362136, 120, 0),
(337, 337, 67, 2, 201, 1474362671, 122, 0),
(338, 338, 68, 1, 201, 1474362671, 122, 0),
(339, 339, 69, 1, 101, 1474362764, 119, 0),
(340, 340, 68, 2, 201, 1474362795, 119, 0),
(341, 341, 64, 1, 201, 1474362795, 119, 0),
(342, 342, 69, 2, 201, 1474362828, 119, 0),
(344, 344, 70, 2, 201, 1474437873, 108, 0),
(345, 345, 62, 1, 201, 1474437873, 108, 0),
(346, 346, 70, 1, 101, 1474616351, 135, 0),
(348, 348, 71, 2, 201, 1474868303, 2, 0),
(349, 349, 31, 1, 201, 1474868303, 2, 0),
(350, 350, 71, 1, 101, 1474872971, 139, 0),
(351, 351, 72, 1, 101, 1474959671, 142, 0),
(352, 352, 13, 1, 501, 1475135592, 1, 0),
(353, 353, 14, 1, 501, 1475138138, 1, 0),
(354, 354, 15, 1, 501, 1475140220, 1, 0),
(355, 355, 16, 1, 501, 1475140799, 1, 0),
(356, 356, 17, 1, 501, 1475141189, 1, 0),
(357, 357, 11, 4, 406, 1475217266, 154, 0),
(358, 358, 18, 1, 501, 1475221725, 1, 0),
(359, 359, 19, 1, 501, 1475221795, 1, 0),
(360, 360, 20, 1, 501, 1475221842, 1, 0),
(361, 361, 21, 1, 501, 1475221881, 1, 0),
(362, 362, 22, 1, 501, 1475221910, 1, 0),
(363, 363, 23, 1, 501, 1475221912, 1, 0),
(364, 364, 24, 1, 501, 1475221944, 1, 0),
(365, 365, 25, 1, 501, 1475221985, 1, 0),
(366, 366, 26, 1, 501, 1475222039, 1, 0),
(367, 367, 27, 1, 501, 1475222095, 1, 0),
(368, 368, 28, 1, 501, 1475222137, 1, 0),
(369, 369, 29, 1, 501, 1475222174, 1, 0),
(370, 370, 30, 1, 501, 1475222204, 1, 0),
(371, 371, 31, 1, 501, 1475222205, 1, 0),
(372, 372, 32, 1, 501, 1475222248, 1, 0),
(373, 373, 33, 1, 501, 1475222304, 1, 0),
(374, 374, 34, 1, 501, 1475222310, 1, 0),
(375, 375, 35, 1, 501, 1475222356, 1, 0),
(376, 376, 36, 1, 501, 1475222392, 1, 0),
(377, 377, 37, 1, 501, 1475222454, 1, 0),
(378, 378, 38, 1, 501, 1475222457, 1, 0),
(379, 379, 39, 1, 501, 1475222508, 1, 0),
(380, 380, 40, 1, 501, 1475222576, 1, 0),
(381, 381, 41, 1, 501, 1475222623, 1, 0),
(382, 382, 42, 1, 501, 1475222690, 1, 0),
(383, 383, 43, 1, 501, 1475222766, 1, 0),
(384, 384, 44, 1, 501, 1475222797, 1, 0),
(385, 385, 45, 1, 501, 1475222845, 1, 0),
(386, 386, 46, 1, 501, 1475222894, 1, 0),
(387, 387, 47, 1, 501, 1475222925, 1, 0),
(388, 388, 48, 1, 501, 1475222953, 1, 0),
(389, 389, 49, 1, 501, 1475223013, 1, 0),
(390, 390, 50, 1, 501, 1475223032, 1, 0),
(391, 391, 51, 1, 501, 1475223052, 1, 0),
(392, 392, 52, 1, 501, 1475223101, 1, 0),
(393, 393, 53, 1, 501, 1475223155, 1, 0),
(394, 394, 54, 1, 501, 1475223204, 1, 0),
(395, 395, 55, 1, 501, 1475223220, 1, 0),
(396, 396, 56, 1, 501, 1475223230, 1, 0),
(397, 397, 57, 1, 501, 1475223279, 1, 0),
(398, 398, 58, 1, 501, 1475223311, 1, 0),
(399, 399, 59, 1, 501, 1475223335, 1, 0),
(400, 400, 60, 1, 501, 1475223383, 1, 0),
(401, 401, 61, 1, 501, 1475223442, 1, 0),
(402, 402, 62, 1, 501, 1475223442, 1, 0),
(403, 403, 63, 1, 501, 1475223522, 1, 0),
(404, 404, 64, 1, 501, 1475223551, 1, 0),
(405, 405, 65, 1, 501, 1475223560, 1, 0),
(406, 406, 66, 1, 501, 1475223582, 1, 0),
(407, 407, 67, 1, 501, 1475223614, 1, 0),
(408, 408, 68, 1, 501, 1475223630, 1, 0),
(409, 409, 69, 1, 501, 1475223664, 1, 0),
(410, 410, 70, 1, 501, 1475223700, 1, 0),
(411, 411, 71, 1, 501, 1475223747, 1, 0),
(412, 412, 72, 1, 501, 1475223776, 1, 0),
(413, 413, 73, 1, 501, 1475223788, 1, 0),
(414, 414, 74, 1, 501, 1475223821, 1, 0),
(416, 416, 76, 1, 501, 1475223893, 1, 0),
(417, 417, 77, 1, 501, 1475223914, 1, 0),
(418, 418, 78, 1, 501, 1475223954, 1, 0),
(419, 419, 79, 1, 501, 1475224026, 1, 0),
(420, 420, 80, 1, 501, 1475224105, 1, 0),
(421, 421, 81, 1, 501, 1475224120, 1, 0),
(422, 422, 82, 1, 501, 1475224159, 1, 0),
(423, 423, 83, 1, 501, 1475224208, 1, 0),
(424, 424, 84, 1, 501, 1475224267, 1, 0),
(425, 425, 85, 1, 501, 1475224269, 1, 0),
(426, 426, 86, 1, 501, 1475224497, 1, 0),
(427, 427, 87, 1, 501, 1475224531, 1, 0),
(428, 428, 88, 1, 501, 1475224587, 1, 0),
(429, 429, 89, 1, 501, 1475224613, 1, 0),
(430, 430, 90, 1, 501, 1475224645, 1, 0),
(431, 431, 91, 1, 501, 1475224685, 1, 0),
(432, 432, 92, 1, 501, 1475224710, 1, 0),
(433, 433, 93, 1, 501, 1475224748, 1, 0),
(434, 434, 94, 1, 501, 1475224862, 1, 0),
(435, 435, 95, 1, 501, 1475225026, 1, 0),
(436, 436, 96, 1, 501, 1475225216, 1, 0),
(437, 437, 97, 1, 501, 1475225316, 1, 0),
(438, 438, 98, 1, 501, 1475225459, 1, 0),
(439, 439, 99, 1, 501, 1475225515, 1, 0),
(440, 440, 100, 1, 501, 1475225578, 1, 0),
(441, 441, 101, 1, 501, 1475225647, 1, 0),
(442, 442, 102, 1, 501, 1475225871, 1, 0),
(443, 443, 103, 1, 501, 1475225907, 1, 0),
(444, 444, 104, 1, 501, 1475225918, 1, 0),
(445, 445, 105, 1, 501, 1475225947, 1, 0),
(446, 446, 106, 1, 501, 1475225976, 1, 0),
(447, 447, 107, 1, 501, 1475226067, 1, 0),
(448, 448, 108, 1, 501, 1475226101, 1, 0),
(449, 449, 109, 1, 501, 1475226107, 1, 0),
(450, 450, 110, 1, 501, 1475226111, 1, 0),
(451, 451, 111, 1, 501, 1475226130, 1, 0),
(452, 452, 112, 1, 501, 1475226137, 1, 0),
(453, 453, 113, 1, 501, 1475226197, 1, 0),
(454, 454, 114, 1, 501, 1475226243, 1, 0),
(455, 455, 115, 1, 501, 1475226310, 1, 0),
(456, 456, 116, 1, 501, 1475226378, 1, 0),
(457, 457, 117, 1, 501, 1475226675, 1, 0),
(458, 458, 118, 1, 501, 1475226684, 1, 0),
(459, 459, 119, 1, 501, 1475226709, 1, 0),
(460, 460, 120, 1, 501, 1475226892, 1, 0),
(461, 461, 121, 1, 501, 1475226997, 1, 0),
(462, 462, 122, 1, 501, 1475227048, 1, 0),
(463, 463, 123, 1, 501, 1475227107, 1, 0),
(464, 464, 124, 1, 501, 1475227197, 1, 0),
(465, 465, 125, 1, 501, 1475227307, 1, 0),
(466, 466, 126, 1, 501, 1475227360, 1, 0),
(467, 467, 127, 1, 501, 1475227418, 1, 0);

-- --------------------------------------------------------

--
-- 表的结构 `xh_user_follow`
--

CREATE TABLE IF NOT EXISTS `xh_user_follow` (
  `follow_id` int(11) unsigned NOT NULL AUTO_INCREMENT COMMENT '自增ID',
  `fans_uid` int(11) DEFAULT NULL COMMENT '关注人的UID',
  `friend_uid` int(11) DEFAULT NULL COMMENT '被关注人的uid',
  `add_time` int(10) DEFAULT NULL COMMENT '添加时间',
  PRIMARY KEY (`follow_id`),
  KEY `fans_uid` (`fans_uid`),
  KEY `friend_uid` (`friend_uid`),
  KEY `user_follow` (`fans_uid`,`friend_uid`)
) ENGINE=InnoDB  DEFAULT CHARSET=utf8 COMMENT='用户关注表' AUTO_INCREMENT=168 ;

--
-- 转存表中的数据 `xh_user_follow`
--

INSERT INTO `xh_user_follow` (`follow_id`, `fans_uid`, `friend_uid`, `add_time`) VALUES
(1, 2, 1, 1472706440),
(2, 3, 1, 1472711401),
(3, 4, 1, 1472711752),
(4, 5, 1, 1472712094),
(5, 6, 1, 1472712136),
(6, 7, 1, 1472712180),
(7, 8, 1, 1472712239),
(8, 9, 1, 1472712272),
(9, 10, 1, 1472712316),
(10, 11, 1, 1472712474),
(11, 1, 7, 1472742167),
(12, 12, 1, 1473148117),
(13, 13, 1, 1473149194),
(14, 14, 1, 1473149700),
(15, 15, 1, 1473149837),
(17, 17, 1, 1473150091),
(18, 18, 1, 1473150329),
(19, 19, 1, 1473150781),
(20, 20, 1, 1473150818),
(21, 21, 1, 1473150958),
(22, 20, 12, 1473151188),
(23, 22, 1, 1473151221),
(25, 24, 1, 1473211362),
(26, 25, 1, 1473212465),
(27, 26, 1, 1473213716),
(28, 27, 1, 1473214163),
(29, 28, 1, 1473214413),
(30, 29, 1, 1473215759),
(31, 30, 1, 1473217340),
(32, 31, 1, 1473225523),
(33, 32, 1, 1473228351),
(35, 34, 1, 1473231179),
(36, 35, 1, 1473231538),
(37, 36, 1, 1473232047),
(38, 37, 1, 1473232299),
(39, 38, 1, 1473232429),
(40, 39, 1, 1473233049),
(41, 40, 1, 1473233184),
(42, 41, 1, 1473234061),
(43, 42, 1, 1473234635),
(44, 43, 1, 1473317209),
(45, 43, 35, 1473318875),
(46, 44, 1, 1473321267),
(47, 45, 1, 1473321360),
(48, 46, 1, 1473321723),
(49, 47, 1, 1473321761),
(50, 48, 1, 1473321910),
(51, 49, 1, 1473647029),
(52, 50, 1, 1473647139),
(53, 51, 1, 1473662005),
(54, 52, 1, 1473668501),
(55, 12, 42, 1473671649),
(56, 12, 40, 1473671667),
(57, 12, 49, 1473671675),
(58, 12, 44, 1473671751),
(59, 12, 35, 1473671807),
(60, 35, 42, 1473672455),
(61, 53, 1, 1473730595),
(62, 54, 1, 1473731703),
(63, 55, 1, 1473732230),
(64, 56, 1, 1473733950),
(65, 57, 1, 1473734032),
(67, 59, 1, 1473735361),
(68, 60, 1, 1473736533),
(69, 2, 42, 1473739060),
(70, 61, 1, 1473745983),
(71, 62, 1, 1473748224),
(72, 63, 1, 1473834290),
(73, 64, 1, 1473834363),
(74, 65, 1, 1473834881),
(75, 66, 1, 1473835268),
(76, 67, 1, 1473836254),
(77, 68, 1, 1473836542),
(78, 69, 1, 1473836816),
(79, 70, 1, 1473837278),
(80, 71, 1, 1473837491),
(81, 72, 1, 1473837757),
(82, 73, 1, 1473839001),
(83, 74, 1, 1473840188),
(84, 75, 1, 1473840527),
(85, 76, 1, 1473841320),
(86, 77, 1, 1473841594),
(87, 78, 1, 1474178595),
(88, 79, 1, 1474178931),
(89, 80, 1, 1474179584),
(90, 81, 1, 1474180257),
(91, 82, 1, 1474180284),
(92, 83, 1, 1474180324),
(93, 84, 1, 1474180361),
(94, 85, 1, 1474180367),
(95, 86, 1, 1474180476),
(96, 87, 1, 1474180518),
(97, 88, 1, 1474180615),
(98, 89, 1, 1474180688),
(99, 90, 1, 1474180723),
(100, 91, 1, 1474180757),
(101, 82, 66, 1474180994),
(102, 92, 1, 1474181128),
(103, 93, 1, 1474181457),
(104, 94, 1, 1474262665),
(105, 95, 1, 1474262718),
(106, 96, 1, 1474262827),
(107, 97, 1, 1474263006),
(108, 98, 1, 1474263010),
(109, 99, 1, 1474263110),
(110, 100, 1, 1474263820),
(111, 101, 1, 1474263926),
(112, 102, 1, 1474264942),
(113, 103, 1, 1474264986),
(114, 104, 1, 1474265184),
(115, 105, 1, 1474265854),
(116, 106, 1, 1474270622),
(117, 107, 1, 1474272627),
(118, 108, 1, 1474273064),
(119, 109, 1, 1474350431),
(120, 110, 1, 1474355172),
(121, 111, 1, 1474355578),
(122, 112, 1, 1474355929),
(123, 113, 1, 1474355938),
(124, 114, 1, 1474356123),
(125, 115, 1, 1474356681),
(126, 116, 1, 1474357583),
(128, 118, 1, 1474357866),
(129, 119, 1, 1474358529),
(130, 120, 1, 1474359103),
(131, 121, 1, 1474360193),
(132, 122, 1, 1474360412),
(133, 123, 1, 1474360454),
(134, 124, 1, 1474361814),
(135, 125, 1, 1474438142),
(136, 126, 1, 1474439229),
(137, 127, 1, 1474440168),
(138, 128, 1, 1474447759),
(139, 129, 1, 1474448026),
(140, 130, 1, 1474526791),
(141, 131, 1, 1474529406),
(142, 132, 1, 1474529919),
(143, 133, 1, 1474532590),
(144, 134, 1, 1474532976),
(145, 135, 1, 1474616034),
(146, 136, 1, 1474617625),
(147, 137, 1, 1474619849),
(148, 138, 1, 1474871074),
(149, 139, 1, 1474872077),
(150, 140, 1, 1474876239),
(151, 141, 1, 1474881004),
(152, 142, 1, 1474959222),
(153, 143, 1, 1474959767),
(154, 144, 1, 1475048838),
(155, 145, 1, 1475049101),
(156, 146, 1, 1475049283),
(157, 147, 1, 1475049403),
(158, 148, 1, 1475050117),
(159, 149, 1, 1475050289),
(160, 150, 1, 1475050335),
(161, 151, 1, 1475050750),
(162, 152, 1, 1475051231),
(163, 153, 1, 1475051331),
(164, 154, 1, 1475217234),
(165, 155, 1, 1475217688),
(166, 156, 1, 1475218553),
(167, 157, 1, 1475221273);

-- --------------------------------------------------------

--
-- 表的结构 `xh_verify_apply`
--

CREATE TABLE IF NOT EXISTS `xh_verify_apply` (
  `id` int(10) NOT NULL AUTO_INCREMENT,
  `uid` int(11) NOT NULL,
  `reason` varchar(255) NOT NULL,
  `attach` varchar(255) DEFAULT NULL,
  `time` int(10) NOT NULL,
  `name` varchar(255) DEFAULT NULL,
  `data` text,
  `status` tinyint(1) DEFAULT '0',
  `type` varchar(16) DEFAULT '',
  PRIMARY KEY (`id`),
  KEY `uid` (`uid`),
  KEY `time` (`time`),
  KEY `name` (`name`,`status`),
  KEY `type` (`type`)
) ENGINE=InnoDB  DEFAULT CHARSET=utf8 AUTO_INCREMENT=2 ;

--
-- 转存表中的数据 `xh_verify_apply`
--

INSERT INTO `xh_verify_apply` (`id`, `uid`, `reason`, `attach`, `time`, `name`, `data`, `status`, `type`) VALUES
(1, 43, '', NULL, 1473317446, '', 'a:0:{}', 1, 'personal');

-- --------------------------------------------------------

--
-- 表的结构 `xh_weibo_msg`
--

CREATE TABLE IF NOT EXISTS `xh_weibo_msg` (
  `id` bigint(20) NOT NULL,
  `created_at` int(10) NOT NULL,
  `msg_author_uid` bigint(20) NOT NULL,
  `text` varchar(255) NOT NULL,
  `access_key` varchar(32) NOT NULL,
  `has_attach` tinyint(1) NOT NULL DEFAULT '0',
  `uid` int(10) NOT NULL,
  `weibo_uid` bigint(20) NOT NULL,
  `question_id` int(11) DEFAULT NULL,
  `ticket_id` int(11) DEFAULT NULL,
  PRIMARY KEY (`id`),
  KEY `created_at` (`created_at`),
  KEY `uid` (`uid`),
  KEY `weibo_uid` (`weibo_uid`),
  KEY `question_id` (`question_id`),
  KEY `ticket_id` (`ticket_id`)
) ENGINE=InnoDB DEFAULT CHARSET=utf8 COMMENT='新浪微博消息列表';

-- --------------------------------------------------------

--
-- 表的结构 `xh_weixin_accounts`
--

CREATE TABLE IF NOT EXISTS `xh_weixin_accounts` (
  `id` int(10) NOT NULL AUTO_INCREMENT,
  `weixin_mp_token` varchar(255) NOT NULL,
  `weixin_account_role` varchar(20) DEFAULT 'base',
  `weixin_app_id` varchar(255) DEFAULT '',
  `weixin_app_secret` varchar(255) DEFAULT '',
  `weixin_mp_menu` text,
  `weixin_subscribe_message_key` varchar(255) CHARACTER SET utf8 COLLATE utf8_unicode_ci DEFAULT '',
  `weixin_no_result_message_key` varchar(255) CHARACTER SET utf8 COLLATE utf8_unicode_ci DEFAULT '',
  `weixin_encoding_aes_key` varchar(43) DEFAULT NULL,
  PRIMARY KEY (`id`),
  KEY `weixin_mp_token` (`weixin_mp_token`),
  KEY `weixin_account_role` (`weixin_account_role`),
  KEY `weixin_app_id` (`weixin_app_id`)
) ENGINE=InnoDB DEFAULT CHARSET=utf8 COMMENT='微信多账号设置' AUTO_INCREMENT=1 ;

-- --------------------------------------------------------

--
-- 表的结构 `xh_weixin_login`
--

CREATE TABLE IF NOT EXISTS `xh_weixin_login` (
  `id` int(10) NOT NULL AUTO_INCREMENT,
  `token` int(10) NOT NULL,
  `uid` int(10) DEFAULT NULL,
  `session_id` varchar(32) NOT NULL,
  `expire` int(10) DEFAULT '0',
  PRIMARY KEY (`id`),
  KEY `session_id` (`session_id`),
  KEY `token` (`token`),
  KEY `expire` (`expire`)
) ENGINE=InnoDB DEFAULT CHARSET=utf8 AUTO_INCREMENT=1 ;

-- --------------------------------------------------------

--
-- 表的结构 `xh_weixin_message`
--

CREATE TABLE IF NOT EXISTS `xh_weixin_message` (
  `id` int(11) NOT NULL AUTO_INCREMENT,
  `weixin_id` varchar(32) NOT NULL,
  `content` varchar(255) NOT NULL,
  `action` text,
  `time` int(10) DEFAULT '0',
  PRIMARY KEY (`id`),
  KEY `weixin_id` (`weixin_id`),
  KEY `time` (`time`)
) ENGINE=InnoDB DEFAULT CHARSET=utf8 AUTO_INCREMENT=1 ;

-- --------------------------------------------------------

--
-- 表的结构 `xh_weixin_msg`
--

CREATE TABLE IF NOT EXISTS `xh_weixin_msg` (
  `id` int(10) NOT NULL AUTO_INCREMENT,
  `msg_id` bigint(20) NOT NULL,
  `group_name` varchar(255) NOT NULL DEFAULT '未分组',
  `status` varchar(15) NOT NULL DEFAULT 'unsent',
  `error_num` int(10) DEFAULT NULL,
  `main_msg` text,
  `articles_info` text,
  `questions_info` text,
  `create_time` int(10) NOT NULL,
  `filter_count` int(10) NOT NULL DEFAULT '0',
  PRIMARY KEY (`id`),
  KEY `msg_id` (`msg_id`),
  KEY `group_name` (`group_name`),
  KEY `status` (`status`)
) ENGINE=InnoDB DEFAULT CHARSET=utf8 COMMENT='微信群发列表' AUTO_INCREMENT=1 ;

-- --------------------------------------------------------

--
-- 表的结构 `xh_weixin_qr_code`
--

CREATE TABLE IF NOT EXISTS `xh_weixin_qr_code` (
  `scene_id` mediumint(5) NOT NULL AUTO_INCREMENT,
  `ticket` varchar(255) DEFAULT NULL,
  `description` varchar(255) NOT NULL,
  `subscribe_num` int(10) NOT NULL DEFAULT '0',
  PRIMARY KEY (`scene_id`),
  KEY `ticket` (`ticket`),
  KEY `subscribe_num` (`subscribe_num`)
) ENGINE=InnoDB DEFAULT CHARSET=utf8 COMMENT='微信二维码' AUTO_INCREMENT=1 ;

-- --------------------------------------------------------

--
-- 表的结构 `xh_weixin_reply_rule`
--

CREATE TABLE IF NOT EXISTS `xh_weixin_reply_rule` (
  `id` int(10) NOT NULL AUTO_INCREMENT,
  `account_id` int(10) NOT NULL DEFAULT '0',
  `keyword` varchar(255) CHARACTER SET utf8 COLLATE utf8_unicode_ci NOT NULL,
  `title` varchar(255) CHARACTER SET utf8 COLLATE utf8_unicode_ci NOT NULL,
  `image_file` varchar(255) CHARACTER SET utf8 COLLATE utf8_unicode_ci DEFAULT '',
  `description` text CHARACTER SET utf8 COLLATE utf8_unicode_ci,
  `link` varchar(255) CHARACTER SET utf8 COLLATE utf8_unicode_ci DEFAULT NULL,
  `enabled` tinyint(1) DEFAULT '0',
  `sort_status` int(10) DEFAULT '0',
  PRIMARY KEY (`id`),
  KEY `account_id` (`account_id`),
  KEY `keyword` (`keyword`),
  KEY `enabled` (`enabled`),
  KEY `sort_status` (`sort_status`)
) ENGINE=InnoDB DEFAULT CHARSET=utf8 AUTO_INCREMENT=1 ;

-- --------------------------------------------------------

--
-- 表的结构 `xh_weixin_third_party_api`
--

CREATE TABLE IF NOT EXISTS `xh_weixin_third_party_api` (
  `id` int(10) NOT NULL AUTO_INCREMENT,
  `account_id` int(10) NOT NULL DEFAULT '0',
  `url` varchar(255) NOT NULL,
  `token` varchar(255) NOT NULL,
  `enabled` tinyint(1) NOT NULL DEFAULT '0',
  `rank` tinyint(2) unsigned NOT NULL DEFAULT '0',
  PRIMARY KEY (`id`),
  KEY `account_id` (`account_id`),
  KEY `enabled` (`enabled`),
  KEY `rank` (`rank`)
) ENGINE=InnoDB DEFAULT CHARSET=utf8 COMMENT='微信第三方接入' AUTO_INCREMENT=1 ;

-- --------------------------------------------------------

--
-- 表的结构 `xh_work_experience`
--

CREATE TABLE IF NOT EXISTS `xh_work_experience` (
  `work_id` int(11) unsigned NOT NULL AUTO_INCREMENT COMMENT '自增ID',
  `uid` int(11) DEFAULT NULL COMMENT '用户ID',
  `start_year` int(11) DEFAULT NULL COMMENT '开始年份',
  `end_year` int(11) DEFAULT NULL COMMENT '结束年月',
  `company_name` varchar(64) DEFAULT NULL COMMENT '公司名',
  `job_id` int(11) DEFAULT NULL COMMENT '职位ID',
  `add_time` int(10) DEFAULT NULL COMMENT '添加时间',
  PRIMARY KEY (`work_id`),
  KEY `uid` (`uid`)
) ENGINE=InnoDB DEFAULT CHARSET=utf8 COMMENT='工作经历' AUTO_INCREMENT=1 ;

/*!40101 SET CHARACTER_SET_CLIENT=@OLD_CHARACTER_SET_CLIENT */;
/*!40101 SET CHARACTER_SET_RESULTS=@OLD_CHARACTER_SET_RESULTS */;
/*!40101 SET COLLATION_CONNECTION=@OLD_COLLATION_CONNECTION */;
